-- phpMyAdmin SQL Dump
-- version 3.5.2.2
-- http://www.phpmyadmin.net
--
-- Servidor: 127.0.0.1
-- Tiempo de generación: 14-05-2014 a las 04:41:07
-- Versión del servidor: 5.5.27
-- Versión de PHP: 5.4.7

SET SQL_MODE="NO_AUTO_VALUE_ON_ZERO";
SET time_zone = "+00:00";


/*!40101 SET @OLD_CHARACTER_SET_CLIENT=@@CHARACTER_SET_CLIENT */;
/*!40101 SET @OLD_CHARACTER_SET_RESULTS=@@CHARACTER_SET_RESULTS */;
/*!40101 SET @OLD_COLLATION_CONNECTION=@@COLLATION_CONNECTION */;
/*!40101 SET NAMES utf8 */;

--
-- Base de datos: `merofadb`
--

-- --------------------------------------------------------

--
-- Estructura de tabla para la tabla `account_configurations`
--

CREATE TABLE IF NOT EXISTS `account_configurations` (
  `account_config_id` int(11) NOT NULL AUTO_INCREMENT,
  `account_config_host` varchar(256) DEFAULT NULL,
  `account_config_code` varchar(64) NOT NULL,
  `account_config_value` varchar(128) DEFAULT NULL,
  `account_config_description` varchar(512) DEFAULT NULL,
  PRIMARY KEY (`account_config_id`),
  UNIQUE KEY `account_config_code` (`account_config_code`)
) ENGINE=InnoDB  DEFAULT CHARSET=latin1 AUTO_INCREMENT=4 ;

--
-- Volcado de datos para la tabla `account_configurations`
--

INSERT INTO `account_configurations` (`account_config_id`, `account_config_host`, `account_config_code`, `account_config_value`, `account_config_description`) VALUES
(1, 'merofa.localhost.com', 'company_name', 'Eileen accesorios', NULL),
(2, 'merofa.localhost.com', 'company_logo_path', 'logo.png', NULL),
(3, 'merofa.localhost.com', 'company_logo_small_path', 'logo.png', NULL);

-- --------------------------------------------------------

--
-- Estructura de tabla para la tabla `erp_currencies`
--

CREATE TABLE IF NOT EXISTS `erp_currencies` (
  `currency_id` int(11) NOT NULL,
  `currency_name` varchar(32) NOT NULL,
  `currency_symbol` varchar(8) DEFAULT NULL,
  `currency_default` int(1) DEFAULT NULL,
  PRIMARY KEY (`currency_id`)
) ENGINE=InnoDB DEFAULT CHARSET=latin1;

--
-- Volcado de datos para la tabla `erp_currencies`
--

INSERT INTO `erp_currencies` (`currency_id`, `currency_name`, `currency_symbol`, `currency_default`) VALUES
(1, 'pesos', 'MXN', 0),
(2, 'dolares', 'USD', 1);

-- --------------------------------------------------------

--
-- Estructura de tabla para la tabla `erp_customers`
--

CREATE TABLE IF NOT EXISTS `erp_customers` (
  `customer_id` int(11) NOT NULL AUTO_INCREMENT,
  `customer_code` varchar(16) DEFAULT NULL,
  `customer_name` varchar(64) NOT NULL,
  `customer_rfc` varchar(16) DEFAULT NULL,
  `customer_address` varchar(128) DEFAULT NULL,
  `customer_cp` varchar(8) DEFAULT NULL,
  `customer_city` varchar(32) DEFAULT NULL,
  `customer_country` varchar(32) DEFAULT NULL,
  `customer_state` varchar(32) NOT NULL,
  `customer_telephone` varchar(16) DEFAULT NULL,
  `customer_cellphone` varchar(16) DEFAULT NULL,
  `customer_email` varchar(64) DEFAULT NULL,
  `customer_web` varchar(256) DEFAULT NULL,
  `customer_references` varchar(128) DEFAULT NULL,
  `customer_notes` varchar(128) DEFAULT NULL,
  `customer_delivery_place` varchar(256) DEFAULT NULL,
  PRIMARY KEY (`customer_id`)
) ENGINE=InnoDB  DEFAULT CHARSET=latin1 AUTO_INCREMENT=191 ;

--
-- Volcado de datos para la tabla `erp_customers`
--

INSERT INTO `erp_customers` (`customer_id`, `customer_code`, `customer_name`, `customer_rfc`, `customer_address`, `customer_cp`, `customer_city`, `customer_country`, `customer_state`, `customer_telephone`, `customer_cellphone`, `customer_email`, `customer_web`, `customer_references`, `customer_notes`, `customer_delivery_place`) VALUES
(32, NULL, 'PRIVADA OTAY LAGO S DE RL DE CV', 'POL031208EP5', 'BLVD AGUA CALIENTE #10535-401-B FRACC. CHAPULTEPEC.', '22020', 'TIJUANA B.C', 'MEXICO.', '', '6243691', NULL, 'ivan.altamirano@gmail.com', NULL, 'Enviar facturas a: coproco@lycos.com', NULL, NULL),
(40, NULL, 'CECILIA GAMEZ', NULL, NULL, NULL, 'TIJUANA B.C.', 'MEXICO', '', '3795274', '6643604144', 'ivan.altamirano@gmail.com', NULL, NULL, 'vive cerca de distribuidora yuma', NULL),
(41, NULL, 'Alicia Hinojosa', NULL, 'LOMAS DE LA PRESA', NULL, 'TIJUANA BAJA CALIFORNIA', 'MEXICO', '', '6641096194', '6641096194', 'ivan.altamirano@gmail.com', NULL, 'HERMANA DE LA SRA YOLANDA.', NULL, NULL),
(42, NULL, 'GUILLERMINA DE LA O', NULL, 'AVE. GUATEMALA 8733-1 FRACC COLINAS DE CALIFORNIA', NULL, 'TIJUANA BAJA CALIFORNIA', 'MEXICO', '', '6366831', '664-165-03-46', 'ivan.altamirano@gmail.com', NULL, NULL, NULL, NULL),
(43, NULL, 'Sergio Riedel', NULL, NULL, NULL, 'Tijuana Baja California', 'mexico', '', '6089090', '4267001', 'ivan.altamirano@gmail.com', NULL, NULL, NULL, NULL),
(44, NULL, 'SERGIO LOSOYA', NULL, NULL, NULL, 'TIJUANA B.C.', 'MEXICO', '', '3004572', '4420501', 'ivan.altamirano@gmail.com', NULL, NULL, NULL, NULL),
(45, NULL, 'ANGEL ESTRADA', NULL, NULL, NULL, NULL, NULL, '', '664804-42-83', NULL, 'ivan.altamirano@gmail.com', NULL, 'DEJO UN PIANO Y LO RECOJERA EN EL TALLER', NULL, NULL),
(46, NULL, 'Jesus Adrian Navarrete', NULL, '', NULL, 'Tijuana B.C', 'mexico', '', '6211700', '6644096000', 'ivan.altamirano@gmail.com', NULL, '152*1005226*2', NULL, NULL),
(47, NULL, 'ERENDIRA RODRIGUEZ', NULL, 'AVE. DE LAS FERIAS #15 FRACC PARAISO', NULL, 'TIJUANA B.C', 'MEXICO', '', '6641283448', '6641283448', 'ivan.altamirano@gmail.com', NULL, NULL, NULL, NULL),
(48, NULL, 'marcela montaño', '', '', '', '', NULL, '', '3814917', '6641240035', 'ivan.altamirano@gmail.com', NULL, 'trajo su mueble y ella misma se lo llevara', NULL, NULL),
(49, '154-90', 'fadrique', NULL, NULL, NULL, NULL, NULL, '', '6609449', NULL, 'ivan.altamirano@gmail.com', NULL, NULL, NULL, NULL),
(50, NULL, 'Adriana Dominguez', NULL, 'Privada Colinas de Guayabos 9931-1 Residencial Colinas de Chapultepec', NULL, 'Tijuana B.C.', 'Mexico', '', '6082790', '6646933913', 'ivan.altamirano@gmail.com', NULL, NULL, NULL, NULL),
(51, NULL, 'ENRIQUE MARTEL', NULL, NULL, NULL, NULL, NULL, '', '6643961072', '6646968861', 'ivan.altamirano@gmail.com', NULL, 'lic penalista federeal', NULL, NULL),
(52, NULL, 'Jasmin Cortez', NULL, NULL, NULL, 'Tijuana B.C,', 'Mexico', '', '6218011', '6641247253', 'ivan.altamirano@gmail.com', NULL, NULL, NULL, NULL),
(53, NULL, 'Efrain Felix', NULL, NULL, NULL, 'Tijuana B.C', 'Mexico', '', '6642222860', '152*132865*1', 'ivan.altamirano@gmail.com', NULL, NULL, NULL, NULL),
(54, NULL, 'Martin Alvarado', NULL, 'Calle Encino, privada cantábrica #18 Quinta del Cedro', '22695', 'Tijuana B.C.', 'Mexico', '', '6763971', NULL, 'ivan.altamirano@gmail.com', '', NULL, NULL, NULL),
(55, NULL, 'Cesar Flores', NULL, 'ave. embajadores #186 fracc. villa colonial', NULL, 'Tijuana B', 'M', '', '6643476605', '6643476605', 'ivan.altamirano@gmail.com', NULL, NULL, NULL, NULL),
(57, NULL, 'CONSTRUCTORA Y PROYECCION VISTA DEL RIO S DE RL DE CV', 'CPV050317831', 'BLVD AGUA CALIENTE #10535-401-B FRACC CHAPULTEPEC', '22020', 'TIJUANA', 'MEXICO', '', '1024151', '6643642705', 'ivan.altamirano@gmail.com', NULL, 'Enviar facturas a: coproco@lycos.com', NULL, NULL),
(59, NULL, 'APARTAMENTOS DE TIJUANA SA DE CV', 'ATI130424AU1', 'ACAPULCO 14700 PARQUE INDUSTRIAL PACIFICO II', '22644', 'TIJUANA', 'MEXICO', '', '6265488 EXT222', NULL, 'ivan.altamirano@gmail.com', NULL, 'Encargado de pagos: Uriel Ayala', NULL, NULL),
(60, NULL, 'CASTEL CALIFORNIA S DE RL DE CV', 'CCA060626MX2', 'CALLE 5TA SUR #151 CIUDAD INDUSTRIAL', '22505', 'TIJUANA', 'MEXICO', '', '2503042 Y 43', '6643215326', 'ivan.altamirano@gmail.com', NULL, NULL, NULL, NULL),
(61, NULL, 'ARQ. GUSTAVO AGUIRRE', NULL, 'COPROCO', NULL, 'TIJUANA', 'M', '', '6242691', '0446641248420', 'ivan.altamirano@gmail.com', NULL, NULL, NULL, NULL),
(62, NULL, 'Rosie Zavala', NULL, 'Blvd. Hector Terán Terán #19503-A Cd. Industrial. \n \nC.P. 22444 México', '22444', 'Tijuana B.C.', 'Mexico.', '', '211-0740 ext 211', NULL, 'ivan.altamirano@gmail.com', 'www.bucherinc.com', NULL, 'quiere presupuesto de relojes a mayoreo', NULL),
(63, NULL, 'Elva Diaz', NULL, 'calle terranova #36 fracc. hipódromo dos', '22195', 'Tijuana B', 'Mexico.', '', '4480740', '114029', 'ivan.altamirano@gmail.com', NULL, NULL, NULL, NULL),
(64, NULL, 'Claudia Reyes', NULL, NULL, NULL, 'Tijuana', 'Mexico.', '', '6283268 cel', NULL, 'ivan.altamirano@gmail.com', NULL, 'ESCUELA LIC. JESUS  REYES HEROLES', NULL, NULL),
(65, NULL, 'SUSANA VERA', NULL, NULL, NULL, 'TIJUANA', 'MEXICO.', '', '6641224315 CEL', NULL, 'ivan.altamirano@gmail.com', NULL, NULL, NULL, NULL),
(67, NULL, 'julio rojas', NULL, 'pasaran al taller a recoger', NULL, 'Tijuana B.C.', 'Mexico.', '', '1203330', '1203330', 'ivan.altamirano@gmail.com', NULL, NULL, NULL, NULL),
(68, NULL, 'Gerardo Gutiérrez', NULL, NULL, NULL, 'Tijuana B.C', 'Mexico', '', '6643545887', NULL, 'ivan.altamirano@gmail.com', NULL, NULL, NULL, NULL),
(69, NULL, 'jose juan carrasco', NULL, NULL, NULL, 'tijuana B.C', 'Mexico', '', '6642645910', NULL, 'ivan.altamirano@gmail.com', NULL, NULL, NULL, NULL),
(70, NULL, 'DAVID MADRID', NULL, NULL, NULL, '------------------', '---------------------', '', '6641598578', '714955-24-66', 'ivan.altamirano@gmail.com', NULL, NULL, NULL, NULL),
(71, NULL, 'Isabel Sanchez', NULL, 'Quintas del Mar casa #28 Rosarito centro a un lado del segundo calimax de rosarito centro', NULL, 'Rosarito', 'Mexico', '', '661-6120867', '664-409-4133', 'ivan.altamirano@gmail.com', NULL, NULL, NULL, NULL),
(72, NULL, 'Sra. Olivia Cota.', NULL, 'privada caminito del sol 7505 4b2 colinas de agua caliente', NULL, 'Tijuana B.C.', 'Mexico.', '', '1043178', '6641221421', 'ivan.altamirano@gmail.com', NULL, NULL, NULL, NULL),
(73, NULL, 'ELVA DIAZ', NULL, 'TERRANOVA #36 FRAC. TERRANOVA.', NULL, 'TIJUANA BAJA CALIFORNIA', 'MEXICO', '', '4480740', '6641140259', 'ivan.altamirano@gmail.com', NULL, NULL, NULL, NULL),
(74, NULL, 'Otay vista', NULL, NULL, NULL, 'Tijuana B.C.', 'Mexico.', '', '6243691', NULL, 'ivan.altamirano@gmail.com', NULL, NULL, NULL, NULL),
(75, NULL, 'Alfredo Avelar.', NULL, NULL, NULL, 'Tijuana B.C', 'Mexico', '', '2973294', NULL, 'ivan.altamirano@gmail.com', NULL, NULL, NULL, NULL),
(76, NULL, 'Lucero Corral Ayala', NULL, 'fracc. vista del rio casa 103-18', NULL, 'Tijuana B.C', 'Mexico', '', '6642936344', NULL, 'ivan.altamirano@gmail.com', NULL, NULL, NULL, NULL),
(77, NULL, 'Lucero Corral Ayala', NULL, 'fracc. vista del rio casa 103-18', NULL, 'Tijuana B.C', 'Mexico', '', '6642936344', NULL, 'ivan.altamirano@gmail.com', NULL, NULL, NULL, NULL),
(78, NULL, 'Juan manuel ramirez vegs', 'RAVJ730820KNA', 'Av Santa Ana 6080-112 Fracc Vista Bella', '22666', 'Tijuana', 'Mexico', '', '6362418', NULL, 'ivan.altamirano@gmail.com', 'www.merofa.com', NULL, NULL, NULL),
(79, NULL, 'Elda gonzalez', NULL, NULL, NULL, 'Tijuana B.C.', 'Mexico.', '', '6609449', NULL, 'ivan.altamirano@gmail.com', NULL, NULL, NULL, NULL),
(80, NULL, 'JOEL BELTRAN', NULL, NULL, NULL, 'TIJUANA B.C', 'MEXICO', '', '6641233848', NULL, 'ivan.altamirano@gmail.com', NULL, NULL, NULL, NULL),
(81, NULL, 'Daniela Melchor', NULL, '7666 Fracc Loma Blanca', NULL, 'Tijuana', 'Mexico', '', '6646380468', NULL, 'ivan.altamirano@gmail.com', NULL, NULL, NULL, NULL),
(82, NULL, 'Martha Dueñas', NULL, 'Privada la paz 8917 int 2 jardines de la mision', NULL, 'Tijuana', 'Mexico', '', '6644936021', NULL, 'ivan.altamirano@gmail.com', NULL, NULL, NULL, NULL),
(83, NULL, 'Gabriela Perez', NULL, 'Calle la vista E301 Lomas del Rio', NULL, 'Tijuana', 'Mexico', '', '6644128188', NULL, 'ivan.altamirano@gmail.com', NULL, 'Despúes de calimax montesinos siguiente semaforo en oxxo a mano derecha', NULL, NULL),
(84, NULL, 'luis ocegueda', NULL, NULL, NULL, NULL, NULL, '', '6645367878', NULL, 'ivan.altamirano@gmail.com', NULL, NULL, NULL, NULL),
(85, NULL, 'Raul Muñoz Gomez', NULL, 'Privada Gibraltar 6429 JJ18 Sta Fe 2da secc', NULL, 'Tijuana', 'Mexico', '', '9740700', NULL, 'ivan.altamirano@gmail.com', NULL, NULL, NULL, NULL),
(86, NULL, 'Karla Mayorga', NULL, 'Residelcial Verona #13 Privada Milan', NULL, 'Tijuana', 'Mexico', '', '6643317370', NULL, 'ivan.altamirano@gmail.com', NULL, NULL, NULL, NULL),
(87, NULL, 'FEDERICO DOMINGUEZ', NULL, NULL, NULL, NULL, NULL, '', '6646483445', NULL, 'ivan.altamirano@gmail.com', NULL, NULL, NULL, NULL),
(88, NULL, 'Martha Legorreta', NULL, 'Mayorca I-11 Santa Fe 2da secc', NULL, 'Tijuana', 'Mexico', '', '9740015', NULL, 'ivan.altamirano@gmail.com', NULL, NULL, NULL, NULL),
(89, NULL, 'Constructora y Proyeccion Comercial S de RL de CV', 'CPC020701HD7', 'BLVD AGUA CALIENTE No 10535-401-A FRACC CHAPULTEPEC', '22420', 'TIJUANA', 'MEXICO', '', '664', NULL, 'ivan.altamirano@gmail.com', NULL, NULL, NULL, NULL),
(90, NULL, 'Leonardo Delgado', NULL, 'Calle Arco 7615 Fracc Rubi', NULL, 'Tijuana', 'Mexico', '', '6643016351', NULL, 'ivan.altamirano@gmail.com', NULL, NULL, NULL, NULL),
(91, NULL, 'Antonio Flores', NULL, 'Roma #6 Fracc Verona', NULL, 'Tijuana', 'Mexico', '', '6646740562', NULL, 'ivan.altamirano@gmail.com', NULL, NULL, NULL, NULL),
(92, NULL, 'ramon hernandez', NULL, NULL, NULL, 'Tijuana', NULL, '', '6819604', NULL, 'ivan.altamirano@gmail.com', NULL, NULL, NULL, NULL),
(93, NULL, 'Omar Ceron', NULL, 'Fracc las villas priv san jose #27', NULL, 'tijuana', 'mexico', '', '6641898596', NULL, 'ivan.altamirano@gmail.com', NULL, NULL, NULL, NULL),
(94, NULL, 'Clientes de Contado', NULL, 'La gloria', NULL, 'Tijuana', 'Mexico', '', '6362418', NULL, 'ivan.altamirano@gmail.com', NULL, 'Clientes que compran de contado sin dejar datos', NULL, NULL),
(95, NULL, 'Alejandro Garcia.', NULL, 'privada gaudi #30 fracc. barcelona', NULL, 'Tijuana B.C', 'Mexico', '', '6371879', '6643338519', 'ivan.altamirano@gmail.com', NULL, NULL, NULL, NULL),
(96, NULL, 'Jorge Luis Caballero', NULL, NULL, NULL, NULL, NULL, '', '6645053718', NULL, 'ivan.altamirano@gmail.com', NULL, NULL, NULL, NULL),
(97, NULL, 'Elias Gomez', NULL, 'Miguel F Martinez 262 Zona Centro', NULL, 'Tijuana', 'Mexico', '', '6641236264', NULL, 'ivan.altamirano@gmail.com', NULL, NULL, NULL, NULL),
(98, NULL, 'Daniel Ocampo', NULL, 'Andalucia A9 Residencial Barcelona', NULL, 'Tijuana', 'Mexico', '', '9010552', NULL, 'ivan.altamirano@gmail.com', NULL, NULL, NULL, NULL),
(99, NULL, 'Carmen Patricia Gonzalez Ramirez', NULL, 'Privada santa catalina norte int U270 !a Secc santa Fe', NULL, 'Tijuana', 'Mexico', '', '9747452', NULL, 'ivan.altamirano@gmail.com', NULL, NULL, NULL, NULL),
(100, NULL, 'JONAS BOGARIN', NULL, 'SAN REMO 10902-27 ISLA COZUMEL', NULL, 'TIJUANA', 'MEXICO', '', '9751690', NULL, 'ivan.altamirano@gmail.com', NULL, NULL, NULL, NULL),
(101, NULL, 'Beatriz Martinez Gimenez', NULL, 'versalles badajos 30', NULL, 'tijuana B.C', 'Mexico', '', '6361288', '6642870111', 'ivan.altamirano@gmail.com', NULL, NULL, NULL, NULL),
(102, NULL, 'Berenice payan', NULL, NULL, NULL, NULL, NULL, '', '6878470', NULL, 'ivan.altamirano@gmail.com', NULL, NULL, NULL, NULL),
(103, NULL, 'jaqueline Valenzuela', NULL, 'Calle Roma #4 Residencial Verona', NULL, 'Tijuana B.C', 'Mexico', '', '6642198712', NULL, 'ivan.altamirano@gmail.com', NULL, 'Frente a Parque', NULL, NULL),
(104, NULL, 'Alberto Catzin', NULL, 'bonaterra calle bonaterra edificio pinot depto 102', NULL, 'Tijuana B.C', 'Mexico', '', '6641339252', NULL, 'ivan.altamirano@gmail.com', NULL, NULL, NULL, NULL),
(105, NULL, 'Hazael arias', NULL, NULL, NULL, 'Tijuana B.C', 'Mexico', '', '6642530695', NULL, 'ivan.altamirano@gmail.com', NULL, NULL, NULL, NULL),
(106, NULL, 'ERNESTO LAURENT VASQUEZ', NULL, 'san guillermo 6141 v19 fracc. vista bella', NULL, 'TIJUANA B.C', 'MEXICO', '', '6644980867', NULL, 'ivan.altamirano@gmail.com', NULL, NULL, NULL, NULL),
(107, NULL, 'Daniela Cuadras', NULL, NULL, NULL, NULL, NULL, '', '664', NULL, 'ivan.altamirano@gmail.com', NULL, '', NULL, NULL),
(108, NULL, 'Horacio Blas', NULL, 'Caminito viejo 7335 dpto 3B1 Residencial Agua Caliente', NULL, 'Tijuana', 'Mexico', '', '6644115373', NULL, 'ivan.altamirano@gmail.com', NULL, NULL, NULL, NULL),
(109, NULL, 'Guadalupe Moreno', NULL, 'Privada Bahia san Blas 11091 int 101 Fracc Isla Coronado', NULL, 'Tijuana', 'Mexico', '', '6641186092', NULL, 'ivan.altamirano@gmail.com', NULL, NULL, NULL, NULL),
(110, NULL, 'Marielena Sanchez', NULL, 'Pablo Neruda Ext 6100 int 5 porticos', NULL, 'Tijuana', 'Mexico', '', '9000934', NULL, 'ivan.altamirano@gmail.com', NULL, NULL, NULL, NULL),
(112, NULL, 'Antonio Camacho', NULL, 'colinia francisco Zarpa Ave Francisco Zarpa #6021', NULL, 'Tijuana', 'Mexico', '', '6641658475', NULL, 'ivan.altamirano@gmail.com', NULL, NULL, NULL, NULL),
(113, NULL, 'Fernanda de la Garza', NULL, 'Grezzano #18 Verona', NULL, 'Tijuana', 'Mexico', '', '6641271411', NULL, 'ivan.altamirano@gmail.com', NULL, NULL, NULL, NULL),
(114, NULL, 'Blanca Ramos', NULL, 'Urbi quinta del cedro, Privada selcoba #7', NULL, 'Tijuana', 'Mexico', '', '6645064979', NULL, 'ivan.altamirano@gmail.com', NULL, NULL, NULL, NULL),
(115, NULL, 'Ana Lidia Hernandez', NULL, 'Privada Carpatos #10 Urbiquinta del cedro', NULL, 'Tijuana', 'Mexico', '', '6763708', NULL, 'ivan.altamirano@gmail.com', NULL, NULL, NULL, NULL),
(116, NULL, 'Thelma Ramirez', NULL, 'Palermo 10252-K19 3a Secc Sta Fe plaza montana', NULL, 'Tijuana', 'Mexico', '', '6311648', NULL, 'ivan.altamirano@gmail.com', NULL, 'Quiere Saldos de sofas imitacion piel , escritorio chico', NULL, NULL),
(117, NULL, 'Maria Isabel de Marquez', NULL, 'Av Encomienda #6002 Colinas de Agua caliente', NULL, 'Tijuana', 'Mexico', '', '6813633', NULL, 'ivan.altamirano@gmail.com', NULL, NULL, NULL, NULL),
(118, NULL, 'Marco Fernandez', NULL, 'Verona', NULL, 'Tijuana', 'Mexico', '', '6641368044', NULL, 'ivan.altamirano@gmail.com', NULL, NULL, NULL, NULL),
(119, NULL, 'Carlos Romano', NULL, 'Paseos del Florido Privada Dalias int 3B', NULL, 'Tijuana', 'Mexico', '', '6642842387', NULL, 'ivan.altamirano@gmail.com', NULL, NULL, NULL, NULL),
(120, NULL, 'Irma Gonzalez', NULL, NULL, NULL, 'Tijuana', 'Mexico', '', '6644136723', NULL, 'ivan.altamirano@gmail.com', NULL, 'Hermana Elda', NULL, NULL),
(121, NULL, 'GUSTAVO NAVARRETE', NULL, NULL, NULL, 'TIJUANA B.C', NULL, '', '6643617107', NULL, 'ivan.altamirano@gmail.com', NULL, NULL, NULL, NULL),
(122, NULL, 'Gonzalo Reyes', NULL, 'Calle Betel Privada Monte Arago Int 21 Fracc Urbiquinta del Cedro', NULL, 'Tijuana', 'Mexico', '', '6641641649', NULL, 'ivan.altamirano@gmail.com', NULL, NULL, NULL, NULL),
(123, NULL, 'Joaquin Hernandez Mora', NULL, 'Privada Santa Catalina #271 Fracc. Sta. Fe 1a. Secc.', NULL, 'Tijuana', 'Mexico', '', '9000802', NULL, 'ivan.altamirano@gmail.com', NULL, NULL, NULL, NULL),
(124, NULL, 'Isidro Ramirez', NULL, 'Real del Monte 5539 fracc Real san Antonio', NULL, 'Tijuana', 'Mexico', '', '6878859', NULL, 'ivan.altamirano@gmail.com', NULL, NULL, NULL, NULL),
(125, NULL, 'Javier Gutierrez', NULL, 'Calle misioneros 19168 edif c depto 203 Fracc el Aguila baja maquila', NULL, 'Tijuana', 'Mexico', '', '6643644993', NULL, 'ivan.altamirano@gmail.com', NULL, NULL, NULL, NULL),
(126, NULL, 'Lizbeth Blanco', NULL, 'calle acuario edificio 1 depto 203 Panamericano', NULL, 'Tijuana', 'Mexico', '', '6641982334', NULL, 'ivan.altamirano@gmail.com', NULL, NULL, NULL, NULL),
(127, NULL, 'Rosa Tafolla sanchez', NULL, 'calle los blasones 7336 fracc colinas de Aragon', '22710', 'Rosarito', 'Mexico', '', '6641120799', NULL, 'ivan.altamirano@gmail.com', NULL, NULL, NULL, NULL),
(128, NULL, 'fabiola Trujillo', NULL, 'Privada Savena #14 Sta Fe quinta Secc', NULL, 'Tijuana', 'Mexico', '', '6641207571', NULL, 'ivan.altamirano@gmail.com', NULL, NULL, NULL, NULL),
(129, NULL, 'Coral Cervantes', NULL, 'Av justicia mna 3 casa 5 Lomas del Mar', NULL, 'Tijuana', 'Mexico', '', '6641631658', NULL, 'ivan.altamirano@gmail.com', NULL, NULL, NULL, NULL),
(130, NULL, 'jose carlos gonzalez', NULL, 'privada catalina n91 fracc barcelona', NULL, 'Tijuana B.C', 'Mexico', '', '6343335', '1892536', 'ivan.altamirano@gmail.com', NULL, NULL, NULL, NULL),
(131, NULL, 'Angelica Arredondo', NULL, 'Calle Lazaro cardenas #9309 Las cruces', NULL, 'Tijuana', 'Mexico', '', '380-8766', '7005179', 'ivan.altamirano@gmail.com', NULL, NULL, NULL, NULL),
(132, NULL, 'Felipe Rodriguez', NULL, 'calle palomas #13204 hipódromo dos', '22195', 'Tijuana B.C.', 'Mexico', '', '6642469127', NULL, 'ivan.altamirano@gmail.com', NULL, NULL, NULL, NULL),
(133, NULL, 'FELIPE RODRIGUEZ', NULL, 'CALLE PALOMAS 13204 HIPODROMO BUROCRATAS', NULL, 'tijuana B.C,', 'Mexico', '', '6642469127', NULL, 'ivan.altamirano@gmail.com', NULL, NULL, NULL, NULL),
(134, NULL, 'Jorge Baez', NULL, 'Ojos Negros #17 col Tecolote', NULL, 'Tijuama', 'Mexico', '', '6642174080', NULL, 'ivan.altamirano@gmail.com', NULL, NULL, NULL, NULL),
(135, NULL, 'Gonzalo Juarez', NULL, 'Calle 12 de diciembre 10741 col Mariano matamoros', NULL, 'Tijuana', 'Mexico', '', '6642611621', NULL, 'ivan.altamirano@gmail.com', NULL, NULL, NULL, NULL),
(136, NULL, 'Maria del Refugio Rosales', NULL, 'Fracc campestre la gloria calle adelina #1', NULL, 'Tijuana', 'Mexico', '', '6641594212', NULL, 'ivan.altamirano@gmail.com', NULL, NULL, NULL, NULL),
(137, NULL, 'Marco Antonio Botello Estrada', NULL, NULL, NULL, NULL, NULL, '', '664', NULL, 'ivan.altamirano@gmail.com', NULL, NULL, NULL, NULL),
(138, NULL, 'Marcela Menchaca', NULL, 'San Pedro 7941 San Agustin', NULL, 'Tijuana', 'Mexico', '', '6878577', NULL, 'ivan.altamirano@gmail.com', NULL, NULL, NULL, NULL),
(139, NULL, 'Cruz Francisco Alvarez Hernandez', NULL, 'Orquideas norte 9211 residencial alameda depto A', NULL, 'Tijuana', 'Mexico', '', '6641687550', NULL, 'ivan.altamirano@gmail.com', NULL, NULL, NULL, NULL),
(140, NULL, 'Arturo Sandoval Contreras', NULL, 'Blvd del rosario Priv Pradera 11401 int 94 Fracc la escondida', NULL, 'Tijuana', 'Mexico', '', '6193840744', NULL, 'ivan.altamirano@gmail.com', NULL, NULL, NULL, NULL),
(141, NULL, 'Elena Valadez', NULL, 'Fracc Hacienda de las flores 7651 int 4 priv girasoles', NULL, 'Tijuana', 'Mexico', '', '6644079028', NULL, 'ivan.altamirano@gmail.com', NULL, NULL, NULL, NULL),
(142, NULL, 'Daria Manjarrez', NULL, 'Antropologos #320 Otay Jardin', NULL, 'Tijuana', 'Mexico', '', '6822656', '6642045857', 'ivan.altamirano@gmail.com', NULL, 'por rampa a buenavista hasta la glorieta a la izquierda, primer cuadra a la derecha atras de una fabrica', NULL, NULL),
(143, NULL, 'Edgar Peña', NULL, 'Martires de tacubaya 888 reforma', NULL, 'Rosarito', 'Mexico', '', '6130029', NULL, 'ivan.altamirano@gmail.com', NULL, NULL, NULL, NULL),
(144, NULL, 'Maria del Sagrario Alvarez', NULL, 'Av Justicia 4273 lomas del mar', NULL, 'Tijuana', 'Mexico', '', '6884005', NULL, 'ivan.altamirano@gmail.com', NULL, NULL, NULL, NULL),
(145, NULL, 'Coral Peñafiel', NULL, 'Blvd Sta Fe 2 secc 6411 nn1 Fracc Sta Fe', NULL, 'Tijuana', 'Mexico', '', '9742027', NULL, 'ivan.altamirano@gmail.com', NULL, NULL, NULL, NULL),
(146, NULL, 'Sarahi Garcia', NULL, 'Retorno Loma de anahuac 11030 Lomas virreyes', NULL, 'Tijuana', 'Mexico', '', '6644058780', NULL, 'ivan.altamirano@gmail.com', NULL, NULL, NULL, NULL),
(147, NULL, 'Daniel Perez Vega', NULL, 'Priv Henares Int 28 Fracc Sta Fe quinta', NULL, 'Tijuana', 'Mexico', '', '9741122', NULL, 'ivan.altamirano@gmail.com', NULL, NULL, NULL, NULL),
(148, NULL, 'Maria de Lourdes Ortiz Huerta', NULL, NULL, NULL, 'Tijuana', 'Mexico', '', '6646032445', NULL, 'ivan.altamirano@gmail.com', NULL, 'cotizacion de closet', NULL, NULL),
(149, NULL, 'Carlos Valentin Lopez Martinez', NULL, NULL, NULL, 'Tijuana', 'Mexico', '', '6644953993', NULL, 'ivan.altamirano@gmail.com', NULL, 'Cotizacion de closet', NULL, NULL),
(150, NULL, 'Aldo Jesus Laureano Baena', NULL, 'Priv Sicilia Casa 19 fracc Verona Residencial', NULL, 'Tijuana', 'Mexico', '', '6643855476', NULL, 'ivan.altamirano@gmail.com', NULL, NULL, NULL, NULL),
(151, NULL, 'Raul Camacho', NULL, 'Santo Domingo 318 Fracc Sta Fe 1A Secc', NULL, 'Tijuana', 'Mexico', '', '9000942', NULL, 'ivan.altamirano@gmail.com', NULL, NULL, NULL, NULL),
(152, NULL, 'Luis Bastida', NULL, 'San diego 10006 Sta fe 1a secc', NULL, 'Tijuana', 'Mexico', '', '6878146', NULL, 'ivan.altamirano@gmail.com', NULL, NULL, NULL, NULL),
(153, NULL, 'Eni Cervantes Estrella', NULL, 'San Marino #2205 Priv Salermo', NULL, 'Tijuana|', 'Mexico', '', '6643648891', NULL, 'ivan.altamirano@gmail.com', NULL, NULL, NULL, NULL),
(154, NULL, 'Lizhet Montiel', NULL, 'Residencial Verona #4 Privada Italia', NULL, 'Tijuana', 'Mexico', '', '6459999', NULL, 'ivan.altamirano@gmail.com', NULL, NULL, NULL, NULL),
(155, NULL, 'Lolita Baez', NULL, 'Calle de Alcanforero #44-46D1 Urbi quinta del cedro', NULL, 'Tijuana', 'Mexico', '', '6763570', NULL, 'ivan.altamirano@gmail.com', NULL, NULL, NULL, NULL),
(156, NULL, 'jorge carrion', NULL, NULL, NULL, 'Tijuana', NULL, '', '6198907426', NULL, 'ivan.altamirano@gmail.com', NULL, NULL, NULL, NULL),
(157, NULL, 'Fernando Vazquez', NULL, 'Playas de tijuana circuito Roma #3120', NULL, 'Tijuana', 'Mexico', '', '6312430', NULL, 'ivan.altamirano@gmail.com', NULL, NULL, NULL, NULL),
(158, NULL, 'sr galleros', NULL, NULL, NULL, NULL, NULL, '', '6641934532', NULL, 'ivan.altamirano@gmail.com', NULL, NULL, NULL, NULL),
(159, NULL, 'ARQ. ESTEBAN SOTELO', NULL, 'FRACC. VISTA DEL RIO', NULL, 'TIJUANA B.C', 'MEXICO', '', '6643642705', '1024151', 'ivan.altamirano@gmail.com', NULL, NULL, NULL, NULL),
(160, NULL, 'Xochilt Rivera', NULL, 'Saturno #9 fracc Los  Olivos', NULL, 'Tijuana b.c', 'Mexico', '', '4009897', NULL, 'ivan.altamirano@gmail.com', NULL, NULL, NULL, NULL),
(161, NULL, 'Javier Camacho', NULL, NULL, NULL, 'Tijuana', 'Mexico', '', '6643760120', NULL, 'ivan.altamirano@gmail.com', NULL, NULL, NULL, NULL),
(162, NULL, 'Minerva Alcantar', NULL, 'Mar decreta Unidad #10 Fracc Mar decreta o puesta de sol, playas de tijuana', NULL, 'Tijuana', 'Mexico', '', '6643031560', '9000896', 'ivan.altamirano@gmail.com', NULL, 'Saliendo de playas puesta de sol donde empieza las privadas', NULL, NULL),
(163, NULL, 'Francisco Reynoso Rueda', NULL, 'calle Guanajuato 2344 col cacho', NULL, 'tijuana', 'B.C.', '', '6646841674', NULL, 'ivan.altamirano@gmail.com', NULL, NULL, NULL, NULL),
(164, NULL, 'Guillermina Castro', NULL, 'Calle trapani #6 fracc Sta Fe 3a Secc', NULL, 'Tijuana', 'Mexico', '', '6644036592', NULL, 'ivan.altamirano@gmail.com', NULL, NULL, NULL, NULL),
(165, NULL, 'Joaquin Cisneros', NULL, 'Calle tlaloc #42 colonia Lomas de tijuana', NULL, 'Tijuana', 'Mexico', '', '6302077', NULL, 'ivan.altamirano@gmail.com', NULL, 'Por el Soler entre infonavit lomas del porvenir, jardin y el soler', NULL, NULL),
(166, NULL, 'Iris Arellano', NULL, 'Privada Santo Tomas 5585 Mision de las Americas,', NULL, 'Tijuana', 'Mexico', '', '6641209071', NULL, 'ivan.altamirano@gmail.com', NULL, 'Por el Blvd Casa Blanca los lobos', NULL, NULL),
(167, NULL, 'Irais Resendiz', NULL, 'Privada Sapotillo #9 Fracc del cedro', NULL, 'Tijuana', 'Mexico', '', '6617870', '6641204387', 'ivan.altamirano@gmail.com', NULL, 'Donde existe vigilante', NULL, NULL),
(168, NULL, 'Manuel Mendez', NULL, 'Calle varece #10  Fracc Verona', NULL, 'Tijuana', 'Mexico', '', '6644096061', NULL, 'ivan.altamirano@gmail.com', NULL, NULL, NULL, NULL),
(169, NULL, 'Veronica Arredondo Lopez', NULL, 'privada zaragoza #7790 fracc el dorado', NULL, 'Tijuana', 'Mexico', '', '6643477766', NULL, 'ivan.altamirano@gmail.com', NULL, NULL, NULL, NULL),
(170, NULL, 'Ivone Liera', NULL, NULL, NULL, NULL, NULL, '', '6611201798', NULL, 'ivan.altamirano@gmail.com', NULL, NULL, NULL, NULL),
(171, NULL, 'Claudia Angulo', NULL, 'Isla Coronado 35 blvd el rosario', NULL, 'Tijuana', 'Mexico', '', '6641880197', NULL, 'ivan.altamirano@gmail.com', NULL, NULL, NULL, 'lugar de entrega'),
(172, NULL, 'Miguel Angel Gutierrez', NULL, 'Privada empoli 23 10209 Fracc Sta Fe 3a Secc', NULL, 'Tijuana', 'Mexico', '', '9742774', NULL, 'ivan.altamirano@gmail.com', NULL, NULL, NULL, NULL),
(173, NULL, 'Consuelo Dorado', NULL, NULL, NULL, 'Tijuana', 'Mexico', '', '6758502', NULL, 'ivan.altamirano@gmail.com', NULL, NULL, NULL, NULL),
(174, NULL, 'Felipe Orozco', NULL, 'Santa Fe 1a seccion', NULL, 'Tijuana', 'Mexico', '', '6643761729', NULL, 'ivan.altamirano@gmail.com', NULL, NULL, NULL, NULL),
(175, NULL, 'Luis Herrera', NULL, 'Sta Fe 2a secc Privada Verona', NULL, 'Tijuana', 'Mexico', '', '6643854719', NULL, 'ivan.altamirano@gmail.com', NULL, NULL, NULL, NULL),
(176, NULL, 'SRA MARIBEL Y NICOLAS', NULL, 'BLVD. LAS AMERICAS 4480 EL PARAISO', NULL, 'TIJUANA', NULL, '', '0446644268874', NULL, 'ivan.altamirano@gmail.com', NULL, NULL, NULL, NULL),
(177, NULL, 'Jesus Martinez Oliva', NULL, 'Gladiolas 4041 int 2 Fracc. del Prado, por hospital del prado en frente de plaza patria', NULL, 'Tijuana', 'Mexico', '', '6671540679', NULL, 'ivan.altamirano@gmail.com', NULL, NULL, NULL, NULL),
(178, NULL, 'HERNAN GODINEZ', NULL, NULL, NULL, 'TIJUANA B.C', 'MEXICO', '', '6641646549', NULL, 'ivan.altamirano@gmail.com', NULL, NULL, NULL, NULL),
(179, NULL, 'GILBERTO BRAVO', NULL, NULL, NULL, 'TIJUANA', NULL, '', '6811159', '6103583921', 'ivan.altamirano@gmail.com', NULL, NULL, NULL, NULL),
(180, '1', 'ivan', NULL, NULL, NULL, NULL, NULL, '', '6225588', NULL, NULL, NULL, NULL, NULL, NULL),
(181, NULL, 'cliente nuevo', NULL, NULL, NULL, NULL, NULL, '', '8888', NULL, NULL, NULL, NULL, NULL, NULL),
(182, NULL, 'Este cliente se esta modificando', NULL, NULL, NULL, NULL, NULL, '', '7878787', NULL, NULL, NULL, NULL, NULL, NULL),
(183, NULL, 'cliente nuevo para cotizaciones', NULL, NULL, NULL, NULL, NULL, '', '8998', NULL, NULL, NULL, NULL, NULL, NULL),
(184, NULL, 'customer para cotizaciones', NULL, NULL, NULL, NULL, NULL, '', '12451545', NULL, NULL, NULL, NULL, NULL, NULL),
(185, NULL, 'aaaaa', NULL, NULL, NULL, NULL, NULL, '', '56565', NULL, NULL, NULL, NULL, NULL, NULL),
(186, NULL, 'cccccc', NULL, NULL, NULL, NULL, NULL, '', 'aaaa', NULL, NULL, NULL, NULL, NULL, NULL),
(187, NULL, 'Nuevo', NULL, NULL, NULL, NULL, NULL, '', '7788', NULL, NULL, NULL, NULL, NULL, NULL),
(188, NULL, 'nuevo cliente para una cotizacion', NULL, NULL, NULL, NULL, NULL, '', '78888', NULL, NULL, NULL, NULL, NULL, NULL),
(189, NULL, 'Minerva de alta en cotizaciones', NULL, NULL, NULL, NULL, NULL, '', '789', NULL, NULL, NULL, NULL, NULL, NULL),
(190, NULL, 'Esto es un nuevo cliente de una cot nueva', NULL, NULL, NULL, NULL, NULL, '', '12366544', NULL, NULL, NULL, NULL, NULL, NULL);

-- --------------------------------------------------------

--
-- Estructura de tabla para la tabla `erp_customer_contacts`
--

CREATE TABLE IF NOT EXISTS `erp_customer_contacts` (
  `customer_id` int(11) NOT NULL,
  `customer_contact_id` int(11) NOT NULL,
  `customer_contact_name` varchar(256) NOT NULL,
  `customer_contact_description` varchar(128) DEFAULT NULL,
  `customer_contact_email` varchar(256) DEFAULT NULL,
  `customer_contact_telephone` varchar(32) DEFAULT NULL,
  `customer_contact_telephone2` varchar(32) DEFAULT NULL,
  PRIMARY KEY (`customer_id`,`customer_contact_id`)
) ENGINE=InnoDB DEFAULT CHARSET=latin1;

--
-- Volcado de datos para la tabla `erp_customer_contacts`
--

INSERT INTO `erp_customer_contacts` (`customer_id`, `customer_contact_id`, `customer_contact_name`, `customer_contact_description`, `customer_contact_email`, `customer_contact_telephone`, `customer_contact_telephone2`) VALUES
(31, 1, 'Test de contacto112222', NULL, NULL, NULL, NULL),
(32, 1, 'sssssss', 'sss', 'ss', 'ss', 'ss'),
(40, 1, 'aaaa', 'aaa', 'aaaa', 'aa', NULL),
(40, 2, 'aaaa', 'aaa', 'aaaa', 'aa', NULL),
(40, 3, 'aaaa', 'aaa', 'aaaa', 'aa', NULL),
(40, 4, 'aaaaaa', 'aaaaa', 'aaaa', 'aaa', 'aaa'),
(41, 1, 'test', 'Propietaria', 'un email nuevo', '662284', '1233'),
(46, 1, 'Esto es un nuevo contacto', NULL, NULL, NULL, NULL),
(47, 1, '3333333', 'aaaa', 'aaa', 'aaa', 'aa'),
(50, 1, 'test', NULL, NULL, NULL, NULL);

-- --------------------------------------------------------

--
-- Estructura de tabla para la tabla `erp_employees`
--

CREATE TABLE IF NOT EXISTS `erp_employees` (
  `employee_id` int(11) NOT NULL AUTO_INCREMENT,
  `employee_name` varchar(64) DEFAULT NULL,
  `employee_last_name` varchar(64) DEFAULT NULL,
  `employee_last_name2` varchar(64) DEFAULT NULL,
  `employee_initials` varchar(8) DEFAULT NULL,
  `employee_position` varchar(64) DEFAULT NULL,
  PRIMARY KEY (`employee_id`),
  UNIQUE KEY `employee_name` (`employee_name`,`employee_last_name`,`employee_last_name2`)
) ENGINE=InnoDB  DEFAULT CHARSET=latin1 AUTO_INCREMENT=13 ;

--
-- Volcado de datos para la tabla `erp_employees`
--

INSERT INTO `erp_employees` (`employee_id`, `employee_name`, `employee_last_name`, `employee_last_name2`, `employee_initials`, `employee_position`) VALUES
(5, 'Pablo (No Usar)', 'Pablo', 'Bretado', 'PB', 'Tecnico'),
(6, 'Sergio', 'Xelhua', 'Coyot', 'SXC', 'Supervisor'),
(7, 'Jonathan', 'hernandez', 'aragon', 'jha', 'carpintero'),
(8, 'Jorge', 'romero', 'berumen', 'jrb', 'pulidor'),
(9, 'Guillermo', 'quezadas', 'cerpas', 'gqc', 'ayudante de carpintero'),
(10, 'Roberto', 'Sandobal', 'Cacari', 'rsc', 'pintor'),
(11, 'Juan Manuel', 'Ramirez', 'Vega', 'jmrv', 'contador'),
(12, 'Angel German', 'Valdez', 'SOTELO', 'AGVS', 'AYUDANTE DE PINTOR');

-- --------------------------------------------------------

--
-- Estructura de tabla para la tabla `erp_events`
--

CREATE TABLE IF NOT EXISTS `erp_events` (
  `event_id` int(11) NOT NULL AUTO_INCREMENT,
  `event_title` varchar(256) NOT NULL,
  `event_type` int(11) DEFAULT NULL,
  `event_date` date DEFAULT NULL,
  `event_time` datetime DEFAULT NULL,
  `customer_id` int(11) DEFAULT NULL,
  `employee_id` int(11) DEFAULT NULL,
  `event_notes` varchar(512) DEFAULT NULL,
  `event_cdate` datetime DEFAULT NULL,
  `user_id` int(11) DEFAULT NULL,
  PRIMARY KEY (`event_id`)
) ENGINE=InnoDB  DEFAULT CHARSET=latin1 AUTO_INCREMENT=16 ;

--
-- Volcado de datos para la tabla `erp_events`
--

INSERT INTO `erp_events` (`event_id`, `event_title`, `event_type`, `event_date`, `event_time`, `customer_id`, `employee_id`, `event_notes`, `event_cdate`, `user_id`) VALUES
(1, 'Este es un evento de agena', 1, '2014-02-15', '2014-02-15 09:00:00', 1, 1, 'testing', '2014-02-15 23:46:57', 46),
(2, 'test', 1, '2014-02-15', '2014-02-15 00:00:00', 1, 1, 'test', '2014-02-15 00:00:00', 64),
(3, 'test', NULL, '2014-02-16', NULL, NULL, NULL, 'test', '2014-02-16 00:12:01', 46),
(4, 'test', NULL, '2014-02-13', NULL, NULL, NULL, 'test', '2014-02-16 00:12:32', 46),
(5, 'testestest', NULL, '2014-02-14', NULL, NULL, NULL, 'testestest', '2014-02-16 00:18:41', 46),
(6, 'test', NULL, '2014-02-14', NULL, NULL, NULL, 'test', '2014-02-16 00:20:21', 46),
(7, 'testete565', NULL, '2014-02-20', NULL, NULL, NULL, 'test', '2014-02-16 00:23:50', 46),
(8, 'test 456', NULL, '2014-02-04', NULL, 45, 6, 'test', '2014-02-18 01:04:08', 46),
(9, 'tes', NULL, '2014-02-05', NULL, NULL, NULL, 'tes', '2014-02-16 01:48:27', 46),
(10, 'qwerty', NULL, '2014-02-11', NULL, NULL, NULL, NULL, '2014-02-16 01:48:40', 46),
(11, 'qscvf', NULL, '2014-02-26', NULL, NULL, NULL, 'ert', '2014-02-16 01:48:55', 46),
(12, 'nuevo', NULL, '2014-02-19', NULL, NULL, NULL, 'test', '2014-02-17 22:12:46', 46),
(13, 'Otroevento patito', NULL, '2014-02-25', NULL, NULL, NULL, NULL, '2014-02-17 22:12:57', 46),
(14, 'dia 6', NULL, '2014-02-06', NULL, 40, 9, 'test', '2014-02-18 01:04:32', 46),
(15, 't', NULL, '2014-02-14', NULL, 40, 11, NULL, '2014-02-18 01:13:35', 46);

-- --------------------------------------------------------

--
-- Estructura de tabla para la tabla `erp_exchange_rate`
--

CREATE TABLE IF NOT EXISTS `erp_exchange_rate` (
  `exchange_rate_date` date NOT NULL,
  `exchange_rate_amount` decimal(12,2) NOT NULL,
  PRIMARY KEY (`exchange_rate_date`)
) ENGINE=InnoDB DEFAULT CHARSET=latin1;

-- --------------------------------------------------------

--
-- Estructura de tabla para la tabla `erp_features`
--

CREATE TABLE IF NOT EXISTS `erp_features` (
  `feature_group_id` int(11) NOT NULL,
  `feature_id` int(11) NOT NULL,
  `feature_name` varchar(64) NOT NULL,
  `feature_description` varchar(512) DEFAULT NULL,
  PRIMARY KEY (`feature_group_id`,`feature_id`)
) ENGINE=InnoDB DEFAULT CHARSET=latin1;

--
-- Volcado de datos para la tabla `erp_features`
--

INSERT INTO `erp_features` (`feature_group_id`, `feature_id`, `feature_name`, `feature_description`) VALUES
(1, 1, 'Cherry', ''),
(1, 2, 'Rustic Cherry', ''),
(1, 3, 'test', NULL),
(1, 4, 'testtttt', NULL),
(1, 5, 'nuevo', NULL),
(1, 6, 'otro', NULL),
(1, 7, 'test', NULL),
(1, 8, 'Madera de cedro', NULL),
(1, 9, 'Madera olorosa', NULL),
(1, 10, 'maple', NULL),
(2, 1, 'Rustico', NULL),
(2, 2, 'Liso', NULL),
(2, 3, 'nuevo', NULL),
(2, 4, 'Nueva', NULL),
(2, 5, 'Agregar nueva', NULL),
(3, 1, 'solido', NULL),
(5, 1, 'Igra', ''),
(5, 2, 'Normal', ''),
(5, 3, 'Ecomico', ''),
(5, 4, 'nueva', NULL),
(5, 5, 'test', NULL),
(6, 1, 'test', NULL),
(6, 2, 'test2', NULL),
(6, 3, '3456', NULL),
(6, 4, 'BARRA 6''''', NULL),
(7, 1, 'Recubierta', NULL),
(7, 2, 'jaladeras', NULL),
(8, 1, '5/8 TRIPLAY BIRCH GRADO C2', NULL),
(8, 2, '5/8 TRIPLAY BIRCH GRADO C2', NULL),
(8, 3, 'nueva caracteristica', NULL),
(8, 4, '5/8 triplay grado 3', NULL),
(9, 1, 'Estufa Mabe 3/4', NULL),
(11, 1, 'EXTENCION SOFT CLOSE', NULL),
(11, 2, 'EXTENCION NORMAL', NULL),
(11, 3, 'EXTENCION CIERRE LENTO', NULL),
(11, 4, 'BLUM', NULL);

-- --------------------------------------------------------

--
-- Estructura de tabla para la tabla `erp_feature_groups`
--

CREATE TABLE IF NOT EXISTS `erp_feature_groups` (
  `feature_group_id` int(11) NOT NULL AUTO_INCREMENT,
  `feature_group_name` varchar(64) NOT NULL,
  `feature_group_description` varchar(512) DEFAULT NULL,
  PRIMARY KEY (`feature_group_id`)
) ENGINE=InnoDB  DEFAULT CHARSET=latin1 AUTO_INCREMENT=13 ;

--
-- Volcado de datos para la tabla `erp_feature_groups`
--

INSERT INTO `erp_feature_groups` (`feature_group_id`, `feature_group_name`, `feature_group_description`) VALUES
(1, 'Tipo de Madera', 'Esto es una descripcion...'),
(2, 'Acabado', ''),
(3, 'Marco de la puerta', NULL),
(4, 'Panel Central', NULL),
(5, 'Herrajes', NULL),
(6, 'Jaladera', NULL),
(7, 'Cubiertas', NULL),
(8, 'Cuerpos', NULL),
(9, 'Tipo de Estufa', NULL),
(10, 'Campana', NULL),
(11, 'Tipo de Riel', NULL),
(12, 'Accesorios', NULL);

-- --------------------------------------------------------

--
-- Estructura de tabla para la tabla `erp_folios`
--

CREATE TABLE IF NOT EXISTS `erp_folios` (
  `folio_id` int(11) NOT NULL AUTO_INCREMENT,
  `folio_code` varchar(8) NOT NULL,
  `folio_number` int(11) NOT NULL,
  PRIMARY KEY (`folio_id`)
) ENGINE=InnoDB  DEFAULT CHARSET=latin1 AUTO_INCREMENT=2 ;

--
-- Volcado de datos para la tabla `erp_folios`
--

INSERT INTO `erp_folios` (`folio_id`, `folio_code`, `folio_number`) VALUES
(1, 'RECEIPT', 21);

-- --------------------------------------------------------

--
-- Estructura de tabla para la tabla `erp_inventory`
--

CREATE TABLE IF NOT EXISTS `erp_inventory` (
  `inventory_id` int(11) NOT NULL AUTO_INCREMENT,
  `inventory_cdate` datetime NOT NULL,
  `inventory_end_date` date NOT NULL,
  `inventory_start_date` date NOT NULL,
  `place_id` int(11) NOT NULL,
  `user_id` int(11) NOT NULL,
  `inventory_folio` varchar(10) NOT NULL,
  `inventory_notes` varchar(500) NOT NULL,
  `inventory_status` varchar(25) NOT NULL,
  PRIMARY KEY (`inventory_id`)
) ENGINE=InnoDB  DEFAULT CHARSET=latin1 AUTO_INCREMENT=7 ;

--
-- Volcado de datos para la tabla `erp_inventory`
--

INSERT INTO `erp_inventory` (`inventory_id`, `inventory_cdate`, `inventory_end_date`, `inventory_start_date`, `place_id`, `user_id`, `inventory_folio`, `inventory_notes`, `inventory_status`) VALUES
(6, '2014-02-12 00:20:57', '2014-02-11', '2014-02-12', 2, 46, '0001', 'test', 'Abierto');

-- --------------------------------------------------------

--
-- Estructura de tabla para la tabla `erp_inventory_details`
--

CREATE TABLE IF NOT EXISTS `erp_inventory_details` (
  `inventory_detail_id` int(11) NOT NULL,
  `inventory_id` int(11) NOT NULL,
  `product_id` int(11) NOT NULL,
  `inventory_detail_qty` decimal(12,2) NOT NULL,
  `inventory_cdate` datetime NOT NULL,
  `um_id` int(11) NOT NULL,
  `user_id` int(11) NOT NULL,
  PRIMARY KEY (`inventory_detail_id`),
  UNIQUE KEY `inventory_detail_id` (`inventory_detail_id`)
) ENGINE=InnoDB DEFAULT CHARSET=latin1;

-- --------------------------------------------------------

--
-- Estructura de tabla para la tabla `erp_leads`
--

CREATE TABLE IF NOT EXISTS `erp_leads` (
  `lead_id` int(11) NOT NULL AUTO_INCREMENT,
  `lead_name` varchar(64) NOT NULL,
  `lead_address` varchar(128) DEFAULT NULL,
  `lead_city` varchar(32) DEFAULT NULL,
  `lead_country` varchar(32) DEFAULT NULL,
  `lead_state` varchar(32) NOT NULL,
  `lead_telephone` varchar(16) DEFAULT NULL,
  `lead_cellphone` varchar(16) DEFAULT NULL,
  `lead_email` varchar(64) DEFAULT NULL,
  `lead_notes` varchar(128) DEFAULT NULL,
  `user_id` int(11) NOT NULL,
  PRIMARY KEY (`lead_id`)
) ENGINE=InnoDB  DEFAULT CHARSET=latin1 AUTO_INCREMENT=2 ;

--
-- Volcado de datos para la tabla `erp_leads`
--

INSERT INTO `erp_leads` (`lead_id`, `lead_name`, `lead_address`, `lead_city`, `lead_country`, `lead_state`, `lead_telephone`, `lead_cellphone`, `lead_email`, `lead_notes`, `user_id`) VALUES
(1, 'prospecto de cliente 1', 'santa fe tijuana', 'tijuana', 'mexico', '', '6642028835', NULL, 'bretado.up@gmail.com', 'primero', 2);

-- --------------------------------------------------------

--
-- Estructura de tabla para la tabla `erp_materials`
--

CREATE TABLE IF NOT EXISTS `erp_materials` (
  `material_id` int(11) NOT NULL AUTO_INCREMENT,
  `material_name` varchar(128) DEFAULT NULL,
  `material_category_id` int(11) DEFAULT NULL,
  `material_stock` decimal(10,2) DEFAULT NULL,
  PRIMARY KEY (`material_id`)
) ENGINE=InnoDB  DEFAULT CHARSET=latin1 AUTO_INCREMENT=7 ;

--
-- Volcado de datos para la tabla `erp_materials`
--

INSERT INTO `erp_materials` (`material_id`, `material_name`, `material_category_id`, `material_stock`) VALUES
(1, 'triplay de birch 3/4', 62, 50.00),
(2, 'alder frame 4/4', 65, 500.00),
(3, 'maple selecto 4/4', 65, 100.00),
(4, 'Nuevo material', 65, 10.00),
(5, 'Otro material', 63, 0.00),
(6, 'a que la otro material', NULL, 10.00);

-- --------------------------------------------------------

--
-- Estructura de tabla para la tabla `erp_material_categories`
--

CREATE TABLE IF NOT EXISTS `erp_material_categories` (
  `material_category_id` int(11) NOT NULL AUTO_INCREMENT,
  `material_category_name` varchar(64) NOT NULL,
  `material_category_show_in_products` tinyint(1) NOT NULL,
  PRIMARY KEY (`material_category_id`)
) ENGINE=InnoDB DEFAULT CHARSET=latin1 AUTO_INCREMENT=1 ;

-- --------------------------------------------------------

--
-- Estructura de tabla para la tabla `erp_payments`
--

CREATE TABLE IF NOT EXISTS `erp_payments` (
  `payment_id` int(11) NOT NULL AUTO_INCREMENT,
  `payment_date` date DEFAULT NULL,
  `supplier_id` int(11) DEFAULT '0',
  `user_id` int(11) DEFAULT '0',
  `payment_title` varchar(150) DEFAULT NULL,
  `payment_total` decimal(10,0) DEFAULT NULL,
  `payment_cdate` date NOT NULL,
  `currency_id` int(11) DEFAULT NULL,
  `payment_exchange_rate` decimal(10,2) DEFAULT NULL,
  `payment_type` varchar(16) DEFAULT NULL,
  PRIMARY KEY (`payment_id`)
) ENGINE=InnoDB  DEFAULT CHARSET=latin1 AUTO_INCREMENT=10 ;

--
-- Volcado de datos para la tabla `erp_payments`
--

INSERT INTO `erp_payments` (`payment_id`, `payment_date`, `supplier_id`, `user_id`, `payment_title`, `payment_total`, `payment_cdate`, `currency_id`, `payment_exchange_rate`, `payment_type`) VALUES
(1, NULL, NULL, 46, NULL, NULL, '2014-02-07', NULL, NULL, NULL),
(2, '2014-03-07', 6, 46, 'test', 200, '0000-00-00', 1, 100.00, NULL),
(3, NULL, NULL, 46, NULL, NULL, '0000-00-00', NULL, NULL, NULL),
(4, '2014-03-19', 3, 46, 'test', 100, '0000-00-00', 1, 10.00, NULL),
(5, '2014-03-07', 2, 46, 'test', NULL, '0000-00-00', 1, 100.00, NULL),
(6, NULL, NULL, 46, NULL, NULL, '0000-00-00', NULL, NULL, NULL),
(7, '2014-03-25', 3, 46, 'test', 122222, '0000-00-00', 2, 10.00, NULL),
(8, '2014-03-14', 2, 46, 'test', NULL, '0000-00-00', 2, 0.00, NULL),
(9, '2014-03-17', 2, 46, 'test', 100, '0000-00-00', 2, 0.00, NULL);

-- --------------------------------------------------------

--
-- Estructura de tabla para la tabla `erp_payment_details`
--

CREATE TABLE IF NOT EXISTS `erp_payment_details` (
  `payment_id` int(11) NOT NULL,
  `payment_detail_id` int(11) NOT NULL,
  `payment_detail_receipt_number` varchar(16) DEFAULT NULL,
  `payment_detail_receipt_prefix` varchar(5) DEFAULT NULL,
  `payment_detail_text` varchar(128) DEFAULT NULL,
  `payment_detail_date` datetime DEFAULT NULL,
  `payment_detail_time` varchar(10) DEFAULT NULL,
  `payment_detail_amount` decimal(14,2) DEFAULT NULL,
  `payment_detail_method` varchar(64) DEFAULT NULL,
  `payment_detail_cdate` datetime DEFAULT NULL,
  `payment_detail_lmdate` datetime DEFAULT NULL,
  `user_id` int(11) DEFAULT NULL,
  PRIMARY KEY (`payment_id`,`payment_detail_id`)
) ENGINE=InnoDB DEFAULT CHARSET=latin1;

--
-- Volcado de datos para la tabla `erp_payment_details`
--

INSERT INTO `erp_payment_details` (`payment_id`, `payment_detail_id`, `payment_detail_receipt_number`, `payment_detail_receipt_prefix`, `payment_detail_text`, `payment_detail_date`, `payment_detail_time`, `payment_detail_amount`, `payment_detail_method`, `payment_detail_cdate`, `payment_detail_lmdate`, `user_id`) VALUES
(4, 2, NULL, NULL, 'test', '2014-03-07 00:00:00', NULL, 11.00, 'Efectivo', '2014-03-07 19:18:50', '2014-03-08 00:14:48', 46),
(4, 3, NULL, NULL, 'test', '2014-03-07 00:00:00', NULL, 10.00, 'Efectivo', '2014-03-07 19:19:51', '2014-03-07 19:19:51', 46),
(4, 4, NULL, NULL, 'test', '2014-03-20 00:00:00', NULL, 10.00, 'Tarjeta', '2014-03-07 19:23:06', '2014-03-07 19:23:06', 46),
(4, 5, NULL, NULL, 'test', '2014-03-07 00:00:00', NULL, 20.00, 'Cheque', '2014-03-07 19:35:18', '2014-03-07 19:35:18', 46),
(4, 6, NULL, NULL, 'test', '2014-03-07 00:00:00', NULL, 1.00, 'Tarjeta', '2014-03-07 19:44:18', '2014-03-07 19:44:18', 46),
(4, 7, NULL, NULL, 'test', '2014-03-08 00:00:00', NULL, 2.00, 'Efectivo', '2014-03-08 00:17:34', '2014-03-08 00:17:34', 46),
(4, 8, NULL, NULL, 'test', '2014-03-14 00:00:00', NULL, 46.00, 'Efectivo', '2014-03-14 22:36:31', '2014-03-14 22:36:31', 46),
(7, 1, NULL, NULL, NULL, '2014-03-12 00:00:00', NULL, 2000.00, NULL, '2014-03-12 00:36:07', '2014-03-12 00:36:16', 46),
(7, 2, NULL, NULL, NULL, '2014-03-12 00:00:00', NULL, 10000.00, NULL, '2014-03-12 00:36:34', '2014-03-12 00:36:34', 46),
(7, 3, NULL, NULL, NULL, '2014-03-20 00:00:00', NULL, 30000.00, NULL, '2014-03-12 00:36:51', '2014-03-12 00:36:51', 46);

-- --------------------------------------------------------

--
-- Estructura de tabla para la tabla `erp_places`
--

CREATE TABLE IF NOT EXISTS `erp_places` (
  `place_id` int(11) NOT NULL AUTO_INCREMENT,
  `place_name` varchar(64) DEFAULT NULL,
  `place_description` varchar(128) DEFAULT NULL,
  PRIMARY KEY (`place_id`)
) ENGINE=InnoDB  DEFAULT CHARSET=latin1 AUTO_INCREMENT=5 ;

--
-- Volcado de datos para la tabla `erp_places`
--

INSERT INTO `erp_places` (`place_id`, `place_name`, `place_description`) VALUES
(2, 'La Gloria.', 'Muebles y Cocinaaaa'),
(4, 'Matriz', 'FABRICACION DE MUEBLES Y COCIN');

-- --------------------------------------------------------

--
-- Estructura de tabla para la tabla `erp_products`
--

CREATE TABLE IF NOT EXISTS `erp_products` (
  `product_id` int(11) NOT NULL AUTO_INCREMENT,
  `product_code` varchar(64) DEFAULT NULL,
  `product_name` varchar(128) NOT NULL,
  `product_description` varchar(512) DEFAULT NULL,
  `category_id` int(11) DEFAULT NULL,
  `product_cost_price` decimal(10,2) DEFAULT NULL,
  `product_price` decimal(10,2) DEFAULT NULL,
  `product_stock` decimal(10,2) DEFAULT NULL,
  `product_um` varchar(16) DEFAULT NULL,
  `product_has_variants` int(1) DEFAULT NULL,
  `product_variant_product_id` int(11) DEFAULT NULL,
  `product_last_image_id` int(11) DEFAULT NULL,
  PRIMARY KEY (`product_id`)
) ENGINE=InnoDB  DEFAULT CHARSET=latin1 AUTO_INCREMENT=12 ;

--
-- Volcado de datos para la tabla `erp_products`
--

INSERT INTO `erp_products` (`product_id`, `product_code`, `product_name`, `product_description`, `category_id`, `product_cost_price`, `product_price`, `product_stock`, `product_um`, `product_has_variants`, `product_variant_product_id`, `product_last_image_id`) VALUES
(1, NULL, 'test', NULL, NULL, NULL, NULL, NULL, NULL, 1, NULL, NULL),
(2, NULL, 'test, Classic White', NULL, NULL, NULL, NULL, NULL, NULL, 0, 1, NULL),
(3, NULL, 'test, Dark Cherry', NULL, NULL, NULL, NULL, NULL, NULL, 0, 1, NULL),
(4, NULL, 'test, Espresso Shaker', NULL, NULL, NULL, NULL, NULL, NULL, 0, 1, NULL),
(5, NULL, 'test, Cherry Arch', NULL, NULL, NULL, NULL, NULL, NULL, 0, 1, NULL),
(6, NULL, 'test, Coffee Square', NULL, NULL, NULL, NULL, NULL, NULL, 0, 1, NULL),
(7, NULL, 'test, Mocha Rope', NULL, NULL, NULL, NULL, NULL, NULL, 0, 1, NULL),
(8, NULL, 'test, Pecan Rope', NULL, NULL, NULL, NULL, NULL, NULL, 0, 1, NULL),
(9, NULL, 'test, Ginger Square', NULL, NULL, NULL, NULL, NULL, NULL, 0, 1, NULL),
(10, NULL, 'test, Honey Shaker', NULL, NULL, NULL, NULL, NULL, NULL, 0, 1, NULL),
(11, NULL, 'test, Cinnamon Dove', NULL, NULL, NULL, NULL, NULL, NULL, 0, 1, NULL);

-- --------------------------------------------------------

--
-- Estructura de tabla para la tabla `erp_product_categories`
--

CREATE TABLE IF NOT EXISTS `erp_product_categories` (
  `category_id` int(11) NOT NULL AUTO_INCREMENT,
  `category_name` varchar(32) NOT NULL,
  `category_description` varchar(128) DEFAULT NULL,
  `category_picture` varchar(128) DEFAULT NULL,
  PRIMARY KEY (`category_id`)
) ENGINE=InnoDB  DEFAULT CHARSET=latin1 AUTO_INCREMENT=69 ;

--
-- Volcado de datos para la tabla `erp_product_categories`
--

INSERT INTO `erp_product_categories` (`category_id`, `category_name`, `category_description`, `category_picture`) VALUES
(62, 'TRIPLAY BIRCH 3/4', 'TRIPLAY BIRCH C2 NORTWEST', 'server/uploads/images/62993426_10151632203210776_1812519416_n.jpg'),
(63, 'COCINAS MOD MULEGE', 'Cocinas Elaboradas personalizadas', 'server/uploads/images/63558926_10151632206980776_1062454905_n.jpg'),
(64, 'COCINAS MOD CALAFIA', 'Cocinas elaboradas y personalizadas', 'server/uploads/images/64558926_10151632206980776_1062454905_n.jpg'),
(65, 'madera solida', 'madera solida de diferentes especies', 'server/uploads/images/65994935_10151632201995776_1311782562_n.jpg'),
(67, 'test', NULL, 'server/uploads/images/671375790_10151620978460776_1350078480_n.jpg'),
(68, 'Bisuteria', NULL, 'server/uploads/images/68970657_10151509722365776_1815513632_n.jpg');

-- --------------------------------------------------------

--
-- Estructura de tabla para la tabla `erp_product_features`
--

CREATE TABLE IF NOT EXISTS `erp_product_features` (
  `product_id` int(11) NOT NULL,
  `feature_group_id` int(11) NOT NULL,
  `feature_id` int(11) NOT NULL,
  PRIMARY KEY (`product_id`,`feature_group_id`,`feature_id`)
) ENGINE=InnoDB DEFAULT CHARSET=latin1;

--
-- Volcado de datos para la tabla `erp_product_features`
--

INSERT INTO `erp_product_features` (`product_id`, `feature_group_id`, `feature_id`) VALUES
(65, 1, 2),
(65, 1, 3),
(65, 1, 4),
(65, 5, 1),
(65, 5, 2);

-- --------------------------------------------------------

--
-- Estructura de tabla para la tabla `erp_product_pictures`
--

CREATE TABLE IF NOT EXISTS `erp_product_pictures` (
  `product_id` int(11) NOT NULL,
  `product_picture_id` int(11) NOT NULL,
  `product_picture_url` varchar(512) NOT NULL,
  `product_picture_thumbnail` varchar(512) DEFAULT NULL,
  `product_picture_default` tinyint(1) DEFAULT NULL,
  `product_picture_token` varchar(512) CHARACTER SET utf8 DEFAULT NULL,
  PRIMARY KEY (`product_id`,`product_picture_id`)
) ENGINE=InnoDB DEFAULT CHARSET=latin1;

--
-- Volcado de datos para la tabla `erp_product_pictures`
--

INSERT INTO `erp_product_pictures` (`product_id`, `product_picture_id`, `product_picture_url`, `product_picture_thumbnail`, `product_picture_default`, `product_picture_token`) VALUES
(1, 1, 'server/uploads/images/537268_10151632201530776_328365368_n.jpg', NULL, 0, NULL),
(1, 2, 'server/uploads/images/960153_10151632200405776_291009000_n.jpg', NULL, 0, NULL),
(1, 3, 'server/uploads/images/537268_10151632201530776_328365368_n.jpg', NULL, 0, NULL),
(1, 4, 'server/uploads/images/993422_10151620977875776_751709528_n.jpg', NULL, 0, NULL),
(1, 5, 'server/uploads/images/537255_10151621324980776_1239271021_n.jpg', NULL, 0, NULL),
(1, 6, 'server/uploads/images/993426_10151632203210776_1812519416_n.jpg', NULL, 1, NULL),
(1, 7, 'server/uploads/images/548470_10151620978020776_1972565624_n.jpg', NULL, 0, NULL),
(1, 8, 'server/uploads/images/994935_10151632201995776_1311782562_n.jpg', NULL, 0, NULL),
(2, 1, 'server/uploads/images/classic-white.jpg', 'server/uploads/images/classic-white.jpg', 0, NULL),
(3, 1, 'server/uploads/images/dark-cherry.jpg', 'server/uploads/images/dark-cherry.jpg', 0, NULL),
(4, 1, 'server/uploads/images/expresso-shaker.jpg', 'server/uploads/images/expresso-shaker.jpg', 0, NULL),
(5, 1, 'server/uploads/images/cherry-arch.jpg', 'server/uploads/images/cherry-arch.jpg', 0, NULL),
(6, 1, 'server/uploads/images/coffee-square.jpg', 'server/uploads/images/coffee-square.jpg', 0, NULL),
(7, 1, 'server/uploads/images/mocha-rope.jpg', 'server/uploads/images/mocha-rope.jpg', 0, NULL),
(8, 1, 'server/uploads/images/pecan-rope.jpg', 'server/uploads/images/pecan-rope.jpg', 0, NULL),
(9, 1, 'server/uploads/images/ginger-square.jpg', 'server/uploads/images/ginger-square.jpg', 0, NULL),
(10, 1, 'server/uploads/images/honey-shaker.jpg', 'server/uploads/images/honey-shaker.jpg', 0, NULL),
(11, 1, 'server/uploads/images/cinnamon-dove.jpg', 'server/uploads/images/cinnamon-dove.jpg', 0, NULL),
(89, 1, 'server/uploads/images/RG225-823.jpg', NULL, NULL, NULL),
(90, 1, 'server/uploads/images/CM-BN6968-RED.jpg', NULL, NULL, NULL),
(91, 2, 'server/uploads/images/993426_10151632203210776_1812519416_n.jpg', NULL, 0, NULL),
(91, 4, 'server/uploads/images/1017406_10151621137975776_2035817867_n.jpg', NULL, 0, NULL),
(91, 5, 'server/uploads/images/960153_10151632200405776_291009000_n.jpg', NULL, 0, NULL),
(91, 7, 'server/uploads/images/13025_207760559366248_1924123061_n.jpg', NULL, 0, NULL),
(91, 8, 'server/uploads/images/thumb_382364_210959469046357_1532505116_n.jpg', NULL, 0, NULL),
(91, 9, 'server/uploads/images/14.jpg', 'server/uploads/images/thumb_14.jpg', 1, NULL),
(93, 1, 'server/uploads/images/994935_10151632201995776_1311782562_n.jpg', NULL, 0, NULL),
(93, 2, 'server/uploads/images/21.jpg', 'server/uploads/images/thumb_21.jpg', 1, NULL),
(94, 1, 'server/uploads/images/1379859_10151632202350776_1932693541_n.jpg', NULL, 0, NULL),
(94, 2, 'server/uploads/images/40396_117942834922660_100001208334707_128286_3590410_n.jpg', 'server/uploads/images/thumb_40396_117942834922660_100001208334707_128286_3590410_n.jpg', 1, NULL),
(95, 1, 'server/uploads/images/994935_10151632201995776_1311782562_n.jpg', NULL, 0, NULL),
(95, 2, 'server/uploads/images/970470_10151509722195776_215895319_n.jpg', NULL, 0, NULL),
(95, 3, 'server/uploads/images/62693_129654273751516_100001208334707_196221_7551186_n.jpg', 'server/uploads/images/thumb_62693_129654273751516_100001208334707_196221_7551186_n.jpg', 1, NULL),
(96, 1, 'server/uploads/images/994935_10151632201995776_1311782562_n.jpg', NULL, 0, NULL),
(96, 2, 'server/uploads/images/993422_10151620977875776_751709528_n.jpg', NULL, 1, NULL),
(96, 3, 'server/uploads/images/thumb_1105.jpg', NULL, 0, NULL),
(96, 4, 'server/uploads/images/22.jpg', 'server/uploads/images/thumb_22.jpg', 0, NULL),
(109, 1, 'server/uploads/images/970657_10151509722365776_1815513632_n.jpg', NULL, 1, NULL),
(113, 1, 'server/uploads/images/970657_10151509722365776_1815513632_n.jpg', NULL, 1, NULL),
(127, 1, 'server/uploads/images/original(2).jpg', NULL, 0, NULL),
(127, 2, 'server/uploads/images/original(3).jpg', NULL, 0, NULL),
(127, 3, 'server/uploads/images/original(6).jpg', NULL, 0, NULL),
(127, 4, 'server/uploads/images/thumb_13025_207760559366248_1924123061_n.jpg', NULL, 1, NULL),
(193, 1, 'server/uploads/images/classic-white.jpg', 'server/uploads/images/classic-white.jpg', 0, NULL),
(194, 1, 'server/uploads/images/dark-cherry.jpg', 'server/uploads/images/dark-cherry.jpg', 0, NULL),
(195, 1, 'server/uploads/images/expresso-shaker.jpg', 'server/uploads/images/expresso-shaker.jpg', 0, NULL),
(196, 1, 'server/uploads/images/cherry-arch.jpg', 'server/uploads/images/cherry-arch.jpg', 0, NULL),
(197, 1, 'server/uploads/images/coffee-square.jpg', 'server/uploads/images/coffee-square.jpg', 0, NULL),
(198, 1, 'server/uploads/images/mocha-rope.jpg', 'server/uploads/images/mocha-rope.jpg', 0, NULL),
(199, 1, 'server/uploads/images/pecan-rope.jpg', 'server/uploads/images/pecan-rope.jpg', 0, NULL),
(200, 1, 'server/uploads/images/ginger-square.jpg', 'server/uploads/images/ginger-square.jpg', 0, NULL),
(201, 1, 'server/uploads/images/honey-shaker.jpg', 'server/uploads/images/honey-shaker.jpg', 0, NULL),
(202, 1, 'server/uploads/images/cinnamon-dove.jpg', 'server/uploads/images/cinnamon-dove.jpg', 0, NULL),
(204, 1, 'classic-white.jpg', 'classic-white.jpg', 0, NULL),
(205, 1, 'dark-cherry.jpg', 'dark-cherry.jpg', 0, NULL),
(206, 1, 'expresso-shaker.jpg', 'expresso-shaker.jpg', 0, NULL),
(207, 1, 'cherry-arch.jpg', 'cherry-arch.jpg', 0, NULL),
(208, 1, 'coffee-square.jpg', 'coffee-square.jpg', 0, NULL),
(209, 1, 'mocha-rope.jpg', 'mocha-rope.jpg', 0, NULL),
(210, 1, 'pecan-rope.jpg', 'pecan-rope.jpg', 0, NULL),
(211, 1, 'ginger-square.jpg', 'ginger-square.jpg', 0, NULL),
(212, 1, 'honey-shaker.jpg', 'honey-shaker.jpg', 0, NULL),
(213, 1, 'cinnamon-dove.jpg', 'cinnamon-dove.jpg', 0, NULL),
(215, 1, 'classic-white.jpg', 'classic-white.jpg', 0, NULL),
(216, 1, 'dark-cherry.jpg', 'dark-cherry.jpg', 0, NULL),
(217, 1, 'expresso-shaker.jpg', 'expresso-shaker.jpg', 0, NULL),
(218, 1, 'cherry-arch.jpg', 'cherry-arch.jpg', 0, NULL),
(219, 1, 'coffee-square.jpg', 'coffee-square.jpg', 0, NULL),
(220, 1, 'mocha-rope.jpg', 'mocha-rope.jpg', 0, NULL),
(221, 1, 'pecan-rope.jpg', 'pecan-rope.jpg', 0, NULL),
(222, 1, 'ginger-square.jpg', 'ginger-square.jpg', 0, NULL),
(223, 1, 'honey-shaker.jpg', 'honey-shaker.jpg', 0, NULL),
(224, 1, 'cinnamon-dove.jpg', 'cinnamon-dove.jpg', 0, NULL),
(243, 1, 'server/uploads/images/classic-white.jpg', 'server/uploads/images/classic-white.jpg', 0, NULL),
(244, 1, 'server/uploads/images/dark-cherry.jpg', 'server/uploads/images/dark-cherry.jpg', 0, NULL),
(245, 1, 'server/uploads/images/expresso-shaker.jpg', 'server/uploads/images/expresso-shaker.jpg', 0, NULL),
(246, 1, 'server/uploads/images/cherry-arch.jpg', 'server/uploads/images/cherry-arch.jpg', 0, NULL),
(247, 1, 'server/uploads/images/coffee-square.jpg', 'server/uploads/images/coffee-square.jpg', 0, NULL),
(248, 1, 'server/uploads/images/mocha-rope.jpg', 'server/uploads/images/mocha-rope.jpg', 0, NULL),
(249, 1, 'server/uploads/images/pecan-rope.jpg', 'server/uploads/images/pecan-rope.jpg', 0, NULL),
(250, 1, 'server/uploads/images/ginger-square.jpg', 'server/uploads/images/ginger-square.jpg', 0, NULL),
(251, 1, 'server/uploads/images/honey-shaker.jpg', 'server/uploads/images/honey-shaker.jpg', 0, NULL),
(252, 1, 'server/uploads/images/cinnamon-dove.jpg', 'server/uploads/images/cinnamon-dove.jpg', 0, NULL),
(253, 1, 'server/uploads/images/anillo.jpg', 'server/uploads/images/thumb_anillo.jpg', 1, NULL),
(254, 1, 'server/uploads/images/DSCF0297-editada.jpg', NULL, 0, NULL),
(254, 2, 'server/uploads/images/DSCF0297-editada.jpg', 'server/uploads/images/thumb_DSCF0297-editada.jpg', 1, NULL);

-- --------------------------------------------------------

--
-- Estructura de tabla para la tabla `erp_product_variants`
--

CREATE TABLE IF NOT EXISTS `erp_product_variants` (
  `product_id` int(11) NOT NULL,
  `variant_id` int(4) NOT NULL
) ENGINE=InnoDB DEFAULT CHARSET=latin1;

--
-- Volcado de datos para la tabla `erp_product_variants`
--

INSERT INTO `erp_product_variants` (`product_id`, `variant_id`) VALUES
(38, 1),
(38, 2),
(41, 1),
(41, 2),
(44, 1),
(44, 2),
(51, 1),
(51, 2),
(56, 1),
(56, 2),
(192, 3),
(1, 3);

-- --------------------------------------------------------

--
-- Estructura de tabla para la tabla `erp_product_variant_details`
--

CREATE TABLE IF NOT EXISTS `erp_product_variant_details` (
  `product_id` int(11) NOT NULL,
  `variant_id` int(4) NOT NULL,
  `variant_detail_value` varchar(32) NOT NULL,
  PRIMARY KEY (`product_id`,`variant_id`,`variant_detail_value`)
) ENGINE=InnoDB DEFAULT CHARSET=latin1;

--
-- Volcado de datos para la tabla `erp_product_variant_details`
--

INSERT INTO `erp_product_variant_details` (`product_id`, `variant_id`, `variant_detail_value`) VALUES
(38, 1, 'Chico'),
(38, 1, 'Mediano'),
(38, 2, 'Azul'),
(41, 1, 'Chico'),
(41, 1, 'Mediano'),
(41, 2, 'Color'),
(44, 1, 'Chico'),
(44, 1, 'Grande'),
(44, 1, 'Mediano'),
(44, 2, 'Azul'),
(44, 2, 'Rojo'),
(51, 1, 'chico'),
(51, 1, 'grande'),
(51, 2, 'azul'),
(56, 1, 'Chico'),
(56, 1, 'mediano'),
(56, 2, 'azul');

-- --------------------------------------------------------

--
-- Estructura de tabla para la tabla `erp_product_variant_values`
--

CREATE TABLE IF NOT EXISTS `erp_product_variant_values` (
  `product_id` int(11) NOT NULL,
  `variant_id` int(4) NOT NULL,
  `product_variant_value` varchar(32) NOT NULL,
  PRIMARY KEY (`product_id`,`variant_id`,`product_variant_value`)
) ENGINE=InnoDB DEFAULT CHARSET=latin1;

--
-- Volcado de datos para la tabla `erp_product_variant_values`
--

INSERT INTO `erp_product_variant_values` (`product_id`, `variant_id`, `product_variant_value`) VALUES
(2, 3, 'Classic White'),
(3, 3, 'Dark Cherry'),
(4, 3, 'Espresso Shaker'),
(5, 3, 'Cherry Arch'),
(6, 3, 'Coffee Square'),
(7, 3, 'Mocha Rope'),
(8, 3, 'Pecan Rope'),
(9, 3, 'Ginger Square'),
(10, 3, 'Honey Shaker'),
(11, 3, 'Cinnamon Dove'),
(57, 1, 'Chico'),
(57, 2, 'azul'),
(58, 1, 'mediano'),
(58, 2, 'azul'),
(110, 1, 'Puertilla uno'),
(110, 2, 'aa-'),
(111, 1, 'Puertilla uno'),
(111, 2, 'aaaaaaa'),
(112, 1, 'Puertilla uno'),
(112, 2, 'aaaaaaaa'),
(114, 1, 'Puertilla uno'),
(114, 2, 'rojo'),
(115, 1, 'Puertilla uno'),
(115, 2, 'azul'),
(116, 1, 'Puertilla uno'),
(116, 2, 'blanco'),
(117, 1, 'puertilla-2'),
(117, 2, 'rojo'),
(118, 1, 'puertilla-2'),
(118, 2, 'azul'),
(119, 1, 'puertilla-2'),
(119, 2, 'blanco'),
(120, 1, 'purtilla'),
(120, 2, 'rojo'),
(121, 1, 'purtilla'),
(121, 2, 'azul'),
(122, 1, 'purtilla'),
(122, 2, 'blanco'),
(123, 1, 'puertilla-4'),
(123, 2, 'rojo'),
(124, 1, 'puertilla-4'),
(124, 2, 'azul'),
(125, 1, 'puertilla-4'),
(125, 2, 'blanco'),
(128, 3, 'Dark Cherry'),
(129, 3, 'Espresso Shaker'),
(130, 3, 'Cherry Arch'),
(131, 3, 'Coffee Square'),
(132, 3, 'Mocha Rope'),
(133, 3, 'Pecan Rope'),
(134, 3, 'Ginger Square'),
(135, 3, 'Honey Shaker'),
(136, 3, 'Cinnamon Dove'),
(138, 3, 'Classic White'),
(139, 3, 'Dark Cherry'),
(140, 3, 'Espresso Shaker'),
(141, 3, 'Cherry Arch'),
(142, 3, 'Coffee Square'),
(143, 3, 'Mocha Rope'),
(144, 3, 'Pecan Rope'),
(145, 3, 'Ginger Square'),
(146, 3, 'Honey Shaker'),
(147, 3, 'Cinnamon Dove'),
(149, 3, 'Classic White'),
(150, 3, 'Dark Cherry'),
(151, 3, 'Espresso Shaker'),
(152, 3, 'Cherry Arch'),
(153, 3, 'Coffee Square'),
(154, 3, 'Mocha Rope'),
(155, 3, 'Pecan Rope'),
(156, 3, 'Ginger Square'),
(157, 3, 'Honey Shaker'),
(158, 3, 'Cinnamon Dove'),
(165, 3, 'Mocha Rope'),
(166, 3, 'Pecan Rope'),
(167, 3, 'Ginger Square'),
(168, 3, 'Honey Shaker'),
(169, 3, 'Cinnamon Dove'),
(171, 3, 'Classic White'),
(172, 3, 'Dark Cherry'),
(173, 3, 'Espresso Shaker'),
(174, 3, 'Cherry Arch'),
(175, 3, 'Coffee Square'),
(176, 3, 'Mocha Rope'),
(177, 3, 'Pecan Rope'),
(178, 3, 'Ginger Square'),
(179, 3, 'Honey Shaker'),
(180, 3, 'Cinnamon Dove'),
(182, 3, 'Classic White'),
(183, 3, 'Dark Cherry'),
(184, 3, 'Espresso Shaker'),
(185, 3, 'Cherry Arch'),
(186, 3, 'Coffee Square'),
(187, 3, 'Mocha Rope'),
(188, 3, 'Pecan Rope'),
(189, 3, 'Ginger Square'),
(190, 3, 'Honey Shaker'),
(191, 3, 'Cinnamon Dove'),
(193, 3, 'Classic White'),
(194, 3, 'Dark Cherry'),
(195, 3, 'Espresso Shaker'),
(196, 3, 'Cherry Arch'),
(197, 3, 'Coffee Square'),
(198, 3, 'Mocha Rope'),
(199, 3, 'Pecan Rope'),
(200, 3, 'Ginger Square'),
(201, 3, 'Honey Shaker'),
(202, 3, 'Cinnamon Dove'),
(204, 3, 'Classic White'),
(205, 3, 'Dark Cherry'),
(206, 3, 'Espresso Shaker'),
(207, 3, 'Cherry Arch'),
(208, 3, 'Coffee Square'),
(209, 3, 'Mocha Rope'),
(210, 3, 'Pecan Rope'),
(211, 3, 'Ginger Square'),
(212, 3, 'Honey Shaker'),
(213, 3, 'Cinnamon Dove'),
(215, 3, 'Classic White'),
(216, 3, 'Dark Cherry'),
(217, 3, 'Espresso Shaker'),
(218, 3, 'Cherry Arch'),
(219, 3, 'Coffee Square'),
(220, 3, 'Mocha Rope'),
(221, 3, 'Pecan Rope'),
(222, 3, 'Ginger Square'),
(223, 3, 'Honey Shaker'),
(224, 3, 'Cinnamon Dove'),
(241, 3, 'Cherry Arch'),
(241, 3, 'Cinnamon Dove'),
(241, 3, 'Classic White'),
(241, 3, 'Coffee Square'),
(241, 3, 'Dark Cherry'),
(241, 3, 'Espresso Shaker'),
(241, 3, 'Ginger Square'),
(241, 3, 'Honey Shaker'),
(241, 3, 'Mocha Rope'),
(241, 3, 'Pecan Rope'),
(243, 3, 'Classic White'),
(244, 3, 'Dark Cherry'),
(245, 3, 'Espresso Shaker'),
(246, 3, 'Cherry Arch'),
(247, 3, 'Coffee Square'),
(248, 3, 'Mocha Rope'),
(249, 3, 'Pecan Rope'),
(250, 3, 'Ginger Square'),
(251, 3, 'Honey Shaker'),
(252, 3, 'Cinnamon Dove');

-- --------------------------------------------------------

--
-- Estructura de tabla para la tabla `erp_purchase_orders`
--

CREATE TABLE IF NOT EXISTS `erp_purchase_orders` (
  `purchase_order_id` int(11) NOT NULL AUTO_INCREMENT,
  `purchase_order_folio` varchar(20) DEFAULT NULL,
  `purchase_order_title` varchar(128) DEFAULT NULL,
  `purchase_order_date` date DEFAULT NULL,
  `supplier_id` int(11) DEFAULT NULL,
  `purchase_order_status` varchar(16) DEFAULT NULL,
  `purchase_order_total` decimal(12,2) DEFAULT NULL,
  `purchase_order_cdate` datetime NOT NULL,
  `purchase_order_terms` varchar(1024) DEFAULT NULL,
  `user_id` int(11) DEFAULT NULL,
  `purchase_order_detail_last_id` int(11) DEFAULT '0',
  `currency_id` int(11) DEFAULT '1',
  `purchase_order_lmdate` datetime DEFAULT NULL,
  `purchase_order_exchange_rate` decimal(12,2) DEFAULT NULL,
  `purchase_order_subtotal` decimal(12,2) NOT NULL,
  `purchase_order_taxes` decimal(10,2) DEFAULT NULL,
  `purchase_order_discounts` decimal(10,2) DEFAULT NULL,
  `purchase_order_total_dlls` decimal(12,2) DEFAULT NULL,
  `purchase_order_deleted` tinyint(1) DEFAULT '0',
  PRIMARY KEY (`purchase_order_id`)
) ENGINE=InnoDB  DEFAULT CHARSET=latin1 AUTO_INCREMENT=207 ;

--
-- Volcado de datos para la tabla `erp_purchase_orders`
--

INSERT INTO `erp_purchase_orders` (`purchase_order_id`, `purchase_order_folio`, `purchase_order_title`, `purchase_order_date`, `supplier_id`, `purchase_order_status`, `purchase_order_total`, `purchase_order_cdate`, `purchase_order_terms`, `user_id`, `purchase_order_detail_last_id`, `currency_id`, `purchase_order_lmdate`, `purchase_order_exchange_rate`, `purchase_order_subtotal`, `purchase_order_taxes`, `purchase_order_discounts`, `purchase_order_total_dlls`, `purchase_order_deleted`) VALUES
(202, 'PO-202', 'Orden de Entrada Prueba', '2014-03-01', 20, 'Pendiente', 550.00, '2014-03-22 00:00:00', 'ninguno ok', 2, 0, 1, '2014-03-23 18:20:53', 1.00, 550.00, 0.00, 0.00, 550.00, 0),
(203, 'PO-2', 'TEST', '2014-03-23', 1, 'Autorizada', 0.00, '2014-03-23 15:57:36', 'Nothing', 1, 0, 1, NULL, 0.00, 0.00, 0.00, 0.00, 0.00, 0),
(204, 'EO-##', 'Prueba', '2014-03-01', 20, 'Pendiente', 245.00, '2014-03-23 18:18:58', NULL, 2, 0, 2, NULL, 12.50, 245.00, 0.00, 0.00, 3062.50, 0),
(205, 'EO-##', 'Orden de Compra de Hoy', '2014-03-23', 16, 'Pendiente', 250.00, '2014-03-23 20:26:19', '1 articulo', 2, 0, 2, NULL, 12.85, 250.00, 0.00, 0.00, 3212.50, 0),
(206, 'EO-##', '', '2014-03-24', 16, 'Pendiente', 0.00, '2014-03-23 21:04:26', NULL, 2, 0, 2, NULL, NULL, 0.00, 0.00, 0.00, NULL, 1);

-- --------------------------------------------------------

--
-- Estructura de tabla para la tabla `erp_purchase_order_details`
--

CREATE TABLE IF NOT EXISTS `erp_purchase_order_details` (
  `purchase_order_id` int(11) NOT NULL,
  `purchase_order_detail_id` int(4) NOT NULL,
  `purchase_order_detail_description` varchar(256) DEFAULT NULL,
  `product_id` int(11) DEFAULT NULL,
  `purchase_order_detail_qty` int(11) DEFAULT NULL,
  `purchase_order_detail_um` varchar(16) DEFAULT NULL,
  `purchase_order_detail_cost` decimal(10,2) DEFAULT NULL,
  `purchase_order_detail_tax` decimal(10,0) DEFAULT NULL,
  `purchase_order_detail_discount` int(11) DEFAULT NULL,
  `purchase_order_detail_total` decimal(12,2) DEFAULT NULL,
  PRIMARY KEY (`purchase_order_id`,`purchase_order_detail_id`)
) ENGINE=InnoDB DEFAULT CHARSET=latin1;

--
-- Volcado de datos para la tabla `erp_purchase_order_details`
--

INSERT INTO `erp_purchase_order_details` (`purchase_order_id`, `purchase_order_detail_id`, `purchase_order_detail_description`, `product_id`, `purchase_order_detail_qty`, `purchase_order_detail_um`, `purchase_order_detail_cost`, `purchase_order_detail_tax`, `purchase_order_detail_discount`, `purchase_order_detail_total`) VALUES
(202, 1, NULL, 1, 1, 'pz', 250.00, 0, NULL, 250.00),
(202, 2, NULL, 93, 1, NULL, 300.00, 0, NULL, 300.00),
(204, 1, NULL, 1, 1, 'pz', 245.00, 0, NULL, 245.00),
(205, 1, NULL, 91, 1, NULL, 250.00, 0, NULL, 250.00),
(206, 1, NULL, NULL, 1, NULL, 0.00, 0, NULL, 0.00);

-- --------------------------------------------------------

--
-- Estructura de tabla para la tabla `erp_quotes`
--

CREATE TABLE IF NOT EXISTS `erp_quotes` (
  `quote_id` int(11) NOT NULL AUTO_INCREMENT,
  `quote_folio` varchar(20) DEFAULT NULL,
  `quote_title` varchar(128) DEFAULT NULL,
  `quote_date` date DEFAULT NULL,
  `customer_id` int(11) DEFAULT NULL,
  `quote_status` varchar(16) DEFAULT NULL,
  `quote_total` decimal(12,2) DEFAULT NULL,
  `quote_cdate` datetime NOT NULL,
  `quote_terms` varchar(1024) DEFAULT NULL,
  `user_id` int(11) DEFAULT NULL,
  `quote_detail_last_id` int(11) DEFAULT '0',
  `currency_id` int(11) DEFAULT '1',
  `quote_lmdate` datetime DEFAULT NULL,
  `quote_exchange_rate` decimal(12,2) DEFAULT NULL,
  `quote_subtotal` decimal(12,2) NOT NULL,
  `quote_taxes` decimal(10,2) DEFAULT NULL,
  `quote_discounts` decimal(10,2) DEFAULT NULL,
  `quote_total_dlls` decimal(12,2) DEFAULT NULL,
  `quote_deleted` tinyint(1) DEFAULT '0',
  PRIMARY KEY (`quote_id`)
) ENGINE=InnoDB  DEFAULT CHARSET=latin1 AUTO_INCREMENT=202 ;

--
-- Volcado de datos para la tabla `erp_quotes`
--

INSERT INTO `erp_quotes` (`quote_id`, `quote_folio`, `quote_title`, `quote_date`, `customer_id`, `quote_status`, `quote_total`, `quote_cdate`, `quote_terms`, `user_id`, `quote_detail_last_id`, `currency_id`, `quote_lmdate`, `quote_exchange_rate`, `quote_subtotal`, `quote_taxes`, `quote_discounts`, `quote_total_dlls`, `quote_deleted`) VALUES
(12, 'COT-12', 'COCINA CAMALU COLOR HUESO', '2013-09-30', 32, 'Aprobada', 3102.07, '2013-09-30 16:24:12', 'CAMBIOS EXTRAS.\nPINTAR COLOR BLANCO HUESO.\nGABINETES DE 12 PULGADAS CONVERTIRLO EN 18 PULGADAS DE ANCHO.\nHACER GABINETE DE 18 PULGADAS A 30 PULGADAS ELIMINANDO REPISAS.\nFABRICACION DE CAVA A UN LADO DE LA BARRA.\nDEJAR PREPARADO CUBIERTA PARA QUE BAJE EL LATERAL DE LA BARRA.\nPONER CROW MOLDING A TODA LA COCINA, PECHO PALOMA.', 55, 0, 2, '2013-11-08 03:01:20', 13.00, 3102.07, 0.00, 0.00, 40326.91, 0),
(17, 'COT-17', 'FABRICACION DE CLOSET', '2013-09-25', 40, 'Aprobada', 900.00, '2013-10-07 15:56:08', 'SE REQUIERE EL 50 % DE ANTICIPO EL 35% EN PINTURA Y EL 15% AL FINALIZAR.', 52, 0, 2, '2013-10-29 21:30:45', 0.00, 900.00, 0.00, 0.00, 0.00, 0),
(18, '18', 'COCINA INTEGRAL', '2013-10-01', 41, 'Aprobada', 4000.00, '2013-10-07 17:03:11', 'NO INCLUYEN INSTALACIONES ELECTRICAS O DE PLOMERIA, CUALQUIER CAMBIO PUEDE AUMENTAR O DISMINUIR EL PRESUPUESTO ESTABLESIDO. TIEMPO DE ENTREGA 1 MES UNA SEMANA', 52, 0, 2, '2013-10-07 17:03:20', NULL, 4000.00, 0.00, 0.00, NULL, 0),
(19, 'COT-19', 'COCINA CUSTOM CAMALU 156-4', '2013-08-22', 32, 'Aprobada', 7940.00, '2013-10-07 17:16:28', NULL, 52, 0, 2, '2013-10-07 17:22:14', NULL, 7500.00, 440.00, 0.00, NULL, 0),
(20, '20', 'REMODELACION DE COCINA INTEGRAL', '2013-09-18', 42, 'Aprobada', 1500.00, '2013-10-07 20:10:42', 'TODO TRABAJO REQUIERE EL 50% DE ANTICIPO EL 35 % EN PINTURA Y EL 15 % AL FINALIZAR, CUALQUIER MODIFICACION PUEDE AUMENTAR O DISMINUIR EL PRECIO.', 52, 0, 2, '2013-10-07 20:10:48', 12.50, 1500.00, 0.00, 0.00, 18750.00, 0),
(21, 'COT-21', 'REMODELACION COCINA INTEGRAL.', '2013-09-18', 43, 'Aprobada', 900.00, '2013-10-07 23:14:40', 'TODO TRABAJO REQUIERE EL 50% DE ANTICIPO EL 35 % EN PINTURA Y EL 15% AL FINALIZAR.', 52, 0, 2, '2013-11-01 19:51:58', NULL, 900.00, 0.00, 0.00, NULL, 0),
(22, 'COT-22', 'COCINA INTEGRAL', '2013-07-07', 44, 'Aprobada', 4200.00, '2013-10-07 23:29:11', 'SE REQUIERE EL 50% DE ANTICIPO EL 35% EN PINTURA Y EL 15% AL FINALIZAR.\n\nESTE PRESUPUESTO PUEDE CAMBIAR SI SE MODIFICAN LOS TERMINOS PACTADOS.', 52, 0, 2, '2013-10-07 23:29:57', NULL, 4200.00, 0.00, 0.00, NULL, 0),
(23, 'COT-23', 'Pintar piano Rosa de jugete', '2013-10-02', 45, 'Aprobada', 888.00, '2013-10-07 23:34:35', 'DEJO UN PIANO PARA REMODELACION CON TRES PATAS', 55, 0, 1, '2013-11-08 02:57:36', NULL, 800.00, 88.00, 0.00, NULL, 0),
(24, 'COT-24', 'PINTAR ALACENA', '2013-10-11', 46, 'Aprobada', 100.00, '2013-10-08 01:13:48', 'TODO TRABAJO REQUIERE 50% DE ANTICIPO Y EL 50% AL FINALIZAR.', 52, 0, 2, '2013-10-12 00:13:19', NULL, 100.00, 0.00, 0.00, NULL, 0),
(25, 'COT-25', 'COCINA, PISO LAMINADO', '2013-10-08', 47, 'Aprobada', 3650.00, '2013-10-08 18:51:44', 'TODO TRABAJO REQUIERE EL 50% DE ANTICIPO, 35% EN PINTURA Y EL 15 % AL FINALIZAR.', 52, 0, 2, '2013-10-08 18:57:28', NULL, 3650.00, 0.00, 0.00, NULL, 0),
(26, 'COT-26', 'Reforzar mueble', '2013-10-18', 48, 'Aprobada', 500.00, '2013-10-08 23:58:48', '', 52, 0, 1, '2013-10-23 16:28:09', 12.40, 500.00, 0.00, 0.00, 40.32, 0),
(28, 'COT-28', '104-18 cocina camalu roja con negro', '2013-10-28', 57, 'Aprobada', 9864.00, '2013-10-09 21:25:40', 'cualquier cambio o modificación puede disminuir o aumentar el precio, no incluye accesorios internos o instalaicones eléctricas o de plomería.', 52, 0, 2, '2013-11-08 23:04:18', NULL, 9292.79, 571.21, 0.00, NULL, 0),
(29, '29', 'REMOZAR DOS MESAS DE CENTRO', '2013-10-12', 51, 'Aprobada', 60.00, '2013-10-12 20:58:00', 'EL CLIENTE RECOGERA LAS MESAS EN EL TALLER.', 52, 0, 2, '2013-10-12 20:58:04', NULL, 60.00, 0.00, 0.00, NULL, 0),
(31, '31', 'REMOZAR SILLA', '2013-10-14', 52, 'Aprobada', 450.00, '2013-10-14 17:24:10', NULL, 52, 0, 1, '2013-10-14 17:24:12', NULL, 450.00, 0.00, 0.00, NULL, 0),
(32, '32', 'PIEZA PARA BURRO DE PLANCHAR', '2013-10-14', 53, 'Aprobada', 240.00, '2013-10-14 17:28:51', NULL, 52, 0, 1, '2013-10-14 17:28:53', NULL, 240.00, 0.00, 0.00, NULL, 0),
(34, 'COT-34', 'Cocina Integral', '2013-10-14', 54, 'Cancelada', 2287.50, '2013-10-15 03:32:21', 'todo trabajo requiere el 50% de anticipo el 35% en pintura y el 15% al finalizar. no incluye accesorios internos ni modificaciones eléctricas o de plomería. cualquier modificación al diseño puede cambiar el precio según lo estipulado. todas las bisagras son ocultas, los rieles son de extensión de 60lb, y llevara jabladeras de barra de 7''''.', 52, 0, 2, '2013-10-15 21:27:45', 13.00, 3050.00, 0.00, 762.50, 29737.50, 0),
(35, 'COT-35', 'MUEBLES PARA ARMADURA ROMANA', '2013-10-15', 55, 'Aprobada', 5700.00, '2013-10-15 19:11:19', 'SE REQUIERE EL 50% DE ANTICIPO EL 35% EN PINTURA Y EL 15% AL FINALIZAR.\nEL TIEMPO DE ENTREGA ES 16 DE DICIEMBRE DEL 2013. LOS VIDRIOS CON PELICULA DE 3/16 DE GROSOR.', 52, 0, 2, '2013-10-15 23:35:19', NULL, 5700.00, 0.00, 0.00, NULL, 0),
(36, '36', 'Cocina Camalu 154-15', '2013-10-11', 32, 'Aprobada', 2664.00, '2013-10-16 22:35:17', NULL, 52, 0, 2, '2013-10-16 22:35:23', NULL, 2400.00, 264.00, 0.00, NULL, 0),
(37, '37', 'CLOSET MELAMINA  156-4', '2013-10-09', 32, 'Aprobada', 1600.00, '2013-10-21 22:17:38', NULL, 52, 0, 2, '2013-10-21 22:17:56', NULL, 1600.00, 0.00, 0.00, NULL, 0),
(38, 'COT-38', 'VENTA DE 2 SINK Y MEZCLADORA', '2013-10-21', 61, 'Aprobada', 351.10, '2013-10-21 22:27:38', NULL, 55, 0, 2, '2013-11-08 03:05:59', NULL, 490.00, 0.00, 138.90, NULL, 0),
(39, 'COT-39', 'CUBIERTA DE GRANITO', '2013-10-23', 42, 'Aprobada', 776.00, '2013-10-23 21:53:04', NULL, 52, 0, 2, '2013-10-26 19:15:06', NULL, 776.00, 0.00, 0.00, NULL, 0),
(40, 'COT-##', 'ESTRUCTURA DE RELOJ', '2013-10-23', 62, 'Pendiente', 106315.20, '2013-10-23 22:13:05', 'EL PRESUPUESTO DE LA FABRICACION INCLUYE TODOS LOS MATERIALES PARA SU FABRICACION, EL MATERIAL SERA ENTREGADO EN MEROFA FURNITURE DESINGS S DE RL DE CV. FLEJADOS, CON UN VIDRIO TRANSPARENTE DE 1/4 DE GROSOR.  Y TAPA DE MDF DE 1/8 SEGUN LA MUESTRA PROPORCIONADA POR EL CLIENTE.', 52, 0, 2, NULL, NULL, 112320.00, 475.20, 6480.00, NULL, 0),
(41, 'COT-##', 'Cocina Integral', '2013-10-23', 63, 'Pendiente', 3350.00, '2013-10-24 19:29:20', 'todo trabajo requiere el 50% de anticipo, el 35% en pintura y el 15 % al finalizar.', 52, 0, 2, NULL, 13.00, 3350.00, 0.00, 0.00, 43550.00, 0),
(42, 'COT-##', 'LIBRERO DE PARED', '2013-10-22', NULL, 'Pendiente', 120.00, '2013-10-24 19:51:31', NULL, 52, 0, 2, NULL, 13.00, 120.00, 0.00, 0.00, 1560.00, 0),
(43, 'COT-##', 'LIBRERO DE PARED', '2013-10-22', NULL, 'Pendiente', 120.00, '2013-10-24 19:51:31', NULL, 52, 0, 2, NULL, 13.00, 120.00, 0.00, 0.00, 1560.00, 0),
(44, 'COT-##', 'ESTANTE DOBLE PARA JUGOS.', '2013-10-23', 65, 'Pendiente', 700.00, '2013-10-24 19:55:44', NULL, 52, 0, 1, NULL, 12.50, 700.00, 0.00, 0.00, 56.00, 0),
(45, 'COT-45', 'fabricación de  ventanas', '2013-10-29', 67, 'Aprobada', 1600.00, '2013-10-29 19:24:22', NULL, 52, 0, 1, '2013-10-29 19:25:04', NULL, 1600.00, 0.00, 0.00, NULL, 0),
(46, 'COT-##', 'puertas lisas', '2013-10-31', 68, 'Pendiente', 100.00, '2013-10-31 23:03:02', 'todo trabajo requiere el 50 % de anticipo el 50 % al finalizar.', 52, 0, 2, NULL, NULL, 100.00, 0.00, 0.00, NULL, 0),
(47, '47', 'reforzar patas de silla', '2013-11-01', 69, 'Aprobada', 1520.00, '2013-11-01 18:41:44', 'no incluye pintura solo la compostura.', 52, 0, 1, '2013-11-01 18:41:47', NULL, 1520.00, 0.00, 0.00, NULL, 0),
(48, 'COT-48', 'Cotizacion Dresser en exhibicion cherry', '2013-11-01', 71, 'Aprobada', 2500.00, '2013-11-01 19:07:30', NULL, 54, 0, 1, '2013-11-01 19:07:36', NULL, 2500.00, 0.00, 0.00, NULL, 0),
(49, 'COT-##', 'MUEBLE DE MADERA ALDER', '2013-11-01', 70, 'Pendiente', 980.00, '2013-11-01 20:01:46', NULL, 52, 0, 2, NULL, NULL, 980.00, 0.00, 0.00, NULL, 0),
(50, 'COT-50', 'cocina integral', '2013-11-01', 72, 'Aprobada', 4784.00, '2013-11-01 22:03:02', 'TODO TRABAJO REQUIERE EL 50% DE ANTICIPO Y EL 35% EN PINTURA Y EL 15% AL FINALIZAR', 52, 0, 2, '2013-12-06 22:41:16', NULL, 4784.00, 0.00, 0.00, NULL, 0),
(51, 'COT-51', 'COCINA INTEGRAL', '2013-11-01', 73, 'Aprobada', 2500.00, '2013-11-02 00:13:13', 'TODO TRABAJO REQUIERE EL 50% DE ANTICIPO EL 35% EN PINTURA Y EL 15% AL FINALIZAR. ESTE TRABAJO PUEDE AUMENTAR O DISMINUIR SI S E MODIFICA EL PRESUPUESTO ORIGINAL. NO INCLUYE ACCESORIOS INTERNOS NI INSTALACIONES ELECTRICAS O DE PLOMERIA.', 55, 0, 2, '2013-11-08 03:11:53', NULL, 2500.00, 0.00, 0.00, NULL, 0),
(52, '52', 'COCINA MULEGE 78-08', '2013-11-04', 74, 'Aprobada', 2750.00, '2013-11-04 17:14:37', 'TODO TRABAJO REQUIERE EL 50% DE ANTICIPO Y EL 50 % AL FINALIZAR.', 52, 0, 2, '2013-11-04 17:15:14', NULL, 2750.00, 0.00, 0.00, NULL, 0),
(57, 'COT-57', 'Cajon para fotos', '2013-11-04', 75, 'Aprobada', 334.50, '2013-11-04 21:56:16', 'todo trabajo requiere el 50% de anticipo y el 50 % al finalizar.', 52, 0, 2, '2013-12-05 22:53:34', NULL, 360.00, 0.00, 25.50, NULL, 0),
(59, '59', 'cocina chocolate', '2013-11-05', 79, 'Aprobada', 2500.00, '2013-11-06 03:28:21', 'todo trabajo requiere el 50% de anticipo y el 35% de pintura y el 15% al finalizar.', 52, 0, 2, '2013-11-06 03:28:51', 12.00, 2500.00, 0.00, 0.00, 30000.00, 0),
(61, 'COT-61', 'COCINA CALAFIA 106-41', '2013-11-08', 57, 'Aprobada', 3529.50, '2013-11-06 22:32:18', NULL, 54, 0, 2, '2013-11-14 01:23:47', NULL, 3150.00, 379.50, 0.00, NULL, 0),
(62, '62', 'CORTE DE REPIZAS', '2013-11-08', 80, 'Aprobada', 150.00, '2013-11-08 23:41:18', NULL, 52, 0, 1, '2013-11-08 23:41:19', NULL, 150.00, 0.00, 0.00, NULL, 0),
(63, 'COT-63', 'Comedor', '2013-11-09', 81, 'Pendiente', 25399.18, '2013-11-09 19:40:28', 'Lo va a checar para juntar el dinero ya que proximo año se quiere llevar sus muebles a la ciudad de Mexico', 54, 0, 1, '2013-11-09 20:04:37', NULL, 28862.70, 0.00, 3463.52, NULL, 0),
(64, '64', '', '2013-11-10', 82, 'Pendiente', 41940.80, '2013-11-10 22:09:05', NULL, 54, 0, 1, '2013-11-10 22:09:06', NULL, 47660.00, 0.00, 5719.20, NULL, 0),
(65, 'COT-65', 'Sofa y chaise', '2013-11-10', 83, 'Aprobada', 9592.00, '2013-11-11 00:54:22', NULL, 52, 0, 1, '2013-11-12 01:38:31', NULL, 10900.00, 0.00, 1308.00, NULL, 0),
(66, 'COT-66', 'cocina', '2013-11-11', 84, 'Aprobada', 2000.00, '2013-11-12 01:01:33', '50 % anticipo 35 % en pintura 15 al finalizar', 52, 0, 2, '2013-11-12 01:43:35', NULL, 2000.00, 0.00, 0.00, NULL, 0),
(67, 'COT-##', '', '2013-11-13', 85, 'Pendiente', 7683.19, '2013-11-13 17:39:45', NULL, 54, 0, 1, NULL, NULL, 8730.90, 0.00, 1047.71, NULL, 0),
(68, 'COT-68', 'sala comedor', '2013-11-13', 86, 'Aprobada', 20937.20, '2013-11-13 20:18:37', 'cOMEDOR 237 ELEGIDO', 54, 0, 1, '2013-11-25 02:29:49', 12.80, 24632.00, 0.00, 3694.80, 1635.72, 0),
(69, '69', 'EXHIBIDOR NEGRO', '2013-11-13', 87, 'Pendiente', 2400.00, '2013-11-13 23:11:50', 'MUESTRA PROPORCIONADA POR EL CLIENTE, EL TIEMPO DE ELABORACION ES DE 15 DIAS APARTIR DE LA FECHA DE ENTREGA DEL ANTICIPO. SE REQUIERE EL 70% DE ANTICIPO Y EL 30 % AL FINALIZAR. MAS IVA.', 52, 0, 2, '2013-11-13 23:17:19', 13.00, 2400.00, 0.00, 0.00, 31200.00, 0),
(70, 'COT-##', 'Centro de entretenimiento', '2013-11-13', 88, 'Pendiente', 2323.20, '2013-11-14 01:08:53', NULL, 54, 0, 1, NULL, NULL, 2640.00, 0.00, 316.80, NULL, 0),
(71, 'COT-71', 'Compl Finiquito Cocina Calafia 106-38', '2013-11-08', 57, 'Aprobada', 582.75, '2013-11-14 01:19:55', NULL, 54, 0, 2, '2013-11-14 01:20:00', 13.00, 525.00, 57.75, 0.00, 7575.75, 0),
(72, 'COT-72', 'Finiquito cocina calafia 106-37', '2013-11-08', 57, 'Aprobada', 1423.58, '2013-11-14 01:26:02', NULL, 54, 0, 2, '2013-11-14 01:26:06', 13.00, 1282.50, 141.08, 0.00, 18506.48, 0),
(73, '73', 'Finiquito cocina camalu 104-18', '2013-11-08', 57, 'Aprobada', 1198.80, '2013-11-14 01:28:30', NULL, 54, 0, 2, '2013-11-14 01:28:30', 13.00, 1080.00, 118.80, 0.00, 15584.40, 0),
(74, 'COT-74', 'Finiquito cocina mulege 78-08', '2013-11-08', 89, 'Aprobada', 1373.63, '2013-11-14 01:31:24', NULL, 54, 0, 2, '2013-11-14 18:01:28', 13.00, 1237.50, 136.13, 0.00, 17857.13, 0),
(75, '75', 'Finiquito cocina calafia 81-16', '2013-11-08', 89, 'Aprobada', 1423.58, '2013-11-14 01:36:21', NULL, 54, 0, 2, '2013-11-14 01:36:22', 13.00, 1282.50, 141.08, 0.00, 18506.48, 0),
(76, '76', '', '2013-11-15', 90, 'Pendiente', 24347.27, '2013-11-15 01:12:04', NULL, 54, 0, 1, '2013-11-15 01:20:35', 13.00, 27121.90, 0.00, 2774.63, 1872.87, 0),
(77, '77', 'Cama,sillon, chest y pinturas', '2013-11-15', 91, 'Aprobada', 8950.00, '2013-11-16 01:38:53', NULL, 54, 0, 1, '2013-11-16 01:38:56', 13.00, 8950.00, 0.00, 0.00, 688.46, 0),
(78, '78', 'muebles de baño', '2013-11-16', 92, 'Pendiente', 1100.00, '2013-11-16 20:48:46', 'todo trabajo requiere el 50% de anticipo, 35% en pintura y 15% al finalizar. puertas tableadas, cajones con riel extensión, dibujo anexo.', 52, 0, 2, '2013-11-16 21:10:28', NULL, 1100.00, 0.00, 0.00, NULL, 0),
(79, 'COT-##', '', '2013-11-16', 93, 'Pendiente', 14778.98, '2013-11-16 21:08:09', NULL, 54, 0, 2, NULL, NULL, 16794.30, 0.00, 2015.32, NULL, 0),
(80, 'COT-80', '151-42', '2013-11-16', 32, 'Aprobada', 3400.00, '2013-11-16 21:21:39', NULL, 52, 0, 2, '2013-11-16 21:34:16', NULL, 3400.00, 0.00, 0.00, NULL, 0),
(81, 'COT-81', 'Ventas exhibicion', '2013-11-16', 94, 'Aprobada', 800.00, '2013-11-16 21:53:03', 'Al tapete se le hizo un descuento de 200 pesos debido a que estaba manchado', 54, 0, 1, '2013-11-16 21:54:21', NULL, 1000.00, 0.00, 200.00, NULL, 0),
(82, '82', '', '2013-11-14', 95, 'Aprobada', 760.00, '2013-11-16 22:14:52', 'todo trabajo requiere el 50% de anticipo, el 35% de pintura y el 15% al finalizar.', 52, 0, 2, '2013-11-16 22:14:54', NULL, 760.00, 0.00, 0.00, NULL, 0),
(83, 'COT-##', '', '2013-11-17', 96, 'Pendiente', 7260.00, '2013-11-17 01:47:52', NULL, 54, 0, 2, NULL, NULL, 8250.00, 0.00, 990.00, NULL, 0),
(87, 'COT-##', 'Comedor y sala', '2013-11-17', 97, 'Pendiente', 32471.12, '2013-11-17 21:10:36', NULL, 54, 0, 1, NULL, 13.00, 36899.00, 0.00, 4427.88, 2497.78, 0),
(88, 'COT-##', 'Comedor y sala', '2013-11-17', 97, 'Pendiente', 32471.12, '2013-11-17 21:10:38', NULL, 54, 0, 1, NULL, 13.00, 36899.00, 0.00, 4427.88, 2497.78, 0),
(89, 'COT-##', 'Comedor', '2013-11-17', 98, 'Pendiente', 10822.24, '2013-11-17 22:52:53', NULL, 54, 0, 2, NULL, NULL, 12298.00, 0.00, 1475.76, NULL, 0),
(90, '90', 'Comedor manhattan en exhibicion', '2013-11-17', 99, 'Aprobada', 10500.00, '2013-11-18 00:27:12', NULL, 54, 0, 1, '2013-11-18 00:27:23', 13.00, 10500.00, 0.00, 0.00, 807.69, 0),
(91, '91', 'CALNZADO NEGRO', '2013-11-17', 94, 'Aprobada', 200.00, '2013-11-18 01:08:09', NULL, 54, 0, 1, '2013-11-18 01:08:13', 13.00, 200.00, 0.00, 0.00, 15.38, 0),
(92, '92', '', '2013-11-17', 100, 'Aprobada', 6427.20, '2013-11-18 01:36:53', 'Precio $6,400.00', 54, 0, 1, '2013-11-18 01:40:15', 13.00, 8034.00, 0.00, 1606.80, 494.40, 0),
(93, '93', 'Bancos rojos', '2013-11-17', 100, 'Aprobada', 1955.20, '2013-11-18 02:09:10', NULL, 54, 0, 1, '2013-11-18 02:09:14', 13.00, 2444.00, 0.00, 488.80, 150.40, 0),
(94, 'COT-94', 'sofa y love seat', '2013-11-17', 101, 'Aprobada', 14000.00, '2013-11-18 02:23:00', NULL, 54, 0, 1, '2013-11-22 19:10:44', 13.00, 14000.00, 0.00, 0.00, 1076.92, 0),
(95, 'COT-##', '', '2013-11-18', 102, 'Pendiente', 7000.00, '2013-11-18 20:09:40', NULL, 52, 0, 1, NULL, NULL, 7000.00, 0.00, 0.00, NULL, 0),
(96, 'COT-96', 'sofa y love seat', '2013-11-18', 103, 'Aprobada', 8300.00, '2013-11-18 22:04:21', 'fecha de entrega 22/11/13  entregar en Berona residencial calle roma #4', 52, 0, 1, '2013-11-18 22:19:30', NULL, 8300.00, 0.00, 0.00, NULL, 0),
(97, 'COT-##', 'Presupuesto barios muebles', '2013-11-18', 103, 'Pendiente', 39218.00, '2013-11-18 23:08:04', 'todo encargo requiere el 75% de anticipo y el rest a la entrega', 52, 0, 1, NULL, NULL, 39218.00, 0.00, 0.00, NULL, 0),
(98, '98', 'cabeceras', '2013-11-18', 104, 'Aprobada', 3500.00, '2013-11-18 23:27:28', NULL, 52, 0, 1, '2013-11-18 23:28:01', NULL, 3500.00, 0.00, 0.00, NULL, 0),
(99, '99', 'presupuestos varios', '2013-11-18', 105, 'Pendiente', 26960.00, '2013-11-19 00:05:04', NULL, 52, 0, 1, '2013-11-19 00:14:03', NULL, 26960.00, 0.00, 0.00, NULL, 0),
(100, '100', 'buffet', '2013-11-18', 106, 'Aprobada', 5434.00, '2013-11-19 00:22:58', NULL, 52, 0, 1, '2013-11-19 00:23:18', NULL, 5434.00, 0.00, 0.00, NULL, 0),
(101, '101', 'ESPEJO ECONOMICO', '2013-11-19', 94, 'Aprobada', 100.00, '2013-11-19 20:19:29', NULL, 54, 0, 1, '2013-11-19 20:19:30', NULL, 100.00, 0.00, 0.00, NULL, 0),
(102, '102', '', '2013-11-19', 107, 'Pendiente', 47555.64, '2013-11-19 22:18:57', NULL, 54, 0, 1, '2013-11-19 22:25:30', 13.00, 54040.50, 0.00, 6484.86, 3658.13, 0),
(103, 'COT-##', 'banco y mesa en exhibicion', '2013-11-19', 108, 'Pendiente', 8000.00, '2013-11-19 23:37:31', NULL, 54, 0, 1, NULL, 13.00, 8000.00, 0.00, 0.00, 615.38, 0),
(104, '104', 'banco y mesa en exhibicion', '2013-11-19', 108, 'Aprobada', 8000.00, '2013-11-19 23:37:31', NULL, 54, 0, 1, '2013-11-19 23:37:46', 13.00, 8000.00, 0.00, 0.00, 615.38, 0),
(105, '105', '', '2013-11-20', 109, 'Aprobada', 4685.00, '2013-11-20 23:52:28', NULL, 54, 0, 1, '2013-11-20 23:52:46', 13.00, 4685.00, 0.00, 0.00, 360.38, 0),
(106, '106', 'Cajonera', '2013-11-20', 110, 'Pendiente', 7403.50, '2013-11-21 00:30:47', NULL, 54, 0, 1, '2013-11-21 00:34:17', 13.00, 8710.00, 0.00, 1306.50, 569.50, 0),
(107, 'COT-##', 'Comedor 6 sillas', '2013-11-20', 111, 'Pendiente', 24310.00, '2013-11-21 00:57:01', NULL, 54, 0, 1, NULL, 13.00, 28600.00, 0.00, 4290.00, 1870.00, 0),
(108, '108', 'Colchon Queen Size', '2013-11-21', 112, 'Aprobada', 1950.00, '2013-11-21 20:57:55', NULL, 54, 0, 1, '2013-11-21 20:57:58', 13.00, 1950.00, 0.00, 0.00, 150.00, 0),
(109, '109', 'Litera blanca', '2013-11-22', 113, 'Pendiente', 30600.00, '2013-11-22 19:45:21', NULL, 54, 0, 1, '2013-11-22 19:53:21', 13.00, 30600.00, 0.00, 0.00, 2353.85, 0),
(110, 'COT-110', '2 espejos exhibicion frontal', '2013-11-22', 114, 'Aprobada', 3414.00, '2013-11-22 20:49:24', 'Precio total por dops espejos $2.800.00', 54, 0, 1, '2013-11-22 22:01:25', 13.00, 11380.00, 0.00, 7966.00, 262.62, 0),
(111, '111', 'JUEGO DE SALA', '2013-11-22', 114, 'Pendiente', 76596.70, '2013-11-22 21:03:25', NULL, 54, 0, 1, '2013-11-22 21:03:39', 2.00, 87041.70, 0.00, 10445.00, 38298.35, 0),
(112, '112', 'espejo y alfombra|', '2013-11-20', 94, 'Aprobada', 700.00, '2013-11-22 21:37:32', NULL, 54, 0, 1, '2013-11-22 21:37:34', 13.00, 700.00, 0.00, 0.00, 53.85, 0),
(113, 'COT-113', 'Centro de TV', '2013-11-22', 115, 'Pendiente', 2795.76, '2013-11-22 22:50:08', NULL, 54, 0, 1, '2013-11-24 23:16:33', 13.00, 3177.00, 0.00, 381.24, 215.06, 0),
(114, '114', 'cama closet', '2013-11-23', 117, 'Aprobada', 22860.00, '2013-11-23 19:12:07', 'Deja el 50% de anticipo', 54, 0, 1, '2013-11-23 19:12:35', 12.70, 22860.00, 0.00, 0.00, 1800.00, 0),
(115, '115', 'Sillas', '2013-11-23', 118, 'Pendiente', 19800.00, '2013-11-23 19:54:04', NULL, 54, 0, 1, '2013-11-23 20:22:31', 13.00, 19800.00, 0.00, 0.00, 1523.08, 0),
(116, '116', 'Espejos economicos', '2013-11-23', 118, 'Aprobada', 255.00, '2013-11-23 20:24:47', NULL, 54, 0, 1, '2013-11-23 20:24:51', 13.00, 850.00, 0.00, 595.00, 19.62, 0),
(117, '117', '1 espejo economico de $150.00', '2013-11-23', 94, 'Aprobada', 150.00, '2013-11-23 20:27:19', 'Pago 11 dlls en vez de 11.50 por falta de cambio de merofa', 54, 0, 1, '2013-11-23 20:27:22', 13.00, 500.00, 0.00, 350.00, 11.54, 0),
(118, '118', 'espejo economico', '2013-11-23', 94, 'Aprobada', 150.00, '2013-11-23 20:53:12', NULL, 54, 0, 1, '2013-11-23 20:53:14', 13.00, 500.00, 0.00, 350.00, 11.54, 0),
(119, '119', 'espejo economico', '2013-11-23', 118, 'Aprobada', 150.00, '2013-11-23 22:57:37', NULL, 54, 0, 1, '2013-11-23 22:57:39', 13.00, 500.00, 0.00, 350.00, 11.54, 0),
(120, '120', 'espejos economicos', '2013-11-23', 94, 'Aprobada', 240.00, '2013-11-24 01:34:54', 'Espejos de $100.00 pagados con tarjeta a $120.00 c/u AUT 028283', 54, 0, 1, '2013-11-24 01:35:05', 13.00, 240.00, 0.00, 0.00, 18.46, 0),
(121, '121', 'love seat', '2013-11-23', 119, 'Pendiente', 13088.30, '2013-11-24 02:00:31', NULL, 54, 0, 1, '2013-11-24 02:03:08', 13.00, 15398.00, 0.00, 2309.70, 1006.79, 0),
(122, '122', 'espejo economico', '2013-11-23', 94, 'Aprobada', 100.00, '2013-11-24 02:19:31', NULL, 54, 0, 1, '2013-11-24 02:19:34', 13.00, 100.00, 0.00, 0.00, 7.69, 0),
(123, 'COT-123', 'Tocador chocolate 4 cajones en exhibicion', '2013-11-24', 120, 'Aprobada', 7000.00, '2013-11-24 21:50:09', NULL, 54, 0, 1, '2013-11-24 21:54:23', 12.80, 7000.00, 0.00, 0.00, 546.88, 0),
(124, 'COT-124', 'Cajonera en color chocolate 1 zapato negro', '2013-11-24', 122, 'Aprobada', 1750.00, '2013-11-24 22:19:19', NULL, 54, 0, 1, '2013-11-25 00:45:35', 12.80, 1750.00, 0.00, 0.00, 136.72, 0),
(125, 'COT-125', '', '2013-11-24', 121, 'Pendiente', 58600.00, '2013-11-24 22:42:14', 'permuta por moto r6 2003 600zfi', 52, 0, 1, '2013-11-24 23:16:20', 12.80, 58600.00, 0.00, 0.00, 4578.13, 0),
(126, 'COT-##', 'Cotizacion de COCINA', '2013-11-24', 123, 'Pendiente', 0.00, '2013-11-24 23:09:13', 'Favor de contactarse con el cliente para una cotizacion de COCINA', 54, 0, 2, NULL, NULL, 0.00, 0.00, 0.00, NULL, 0),
(127, '127', 'cama juvenil', '2013-11-24', 124, 'Pendiente', 29881.28, '2013-11-25 00:13:40', '1.- $12,000.00 Neto\n2.- $5,000.00 Neto\n3.- $12,800.00 Neto', 54, 0, 1, '2013-11-25 00:20:14', 12.80, 33956.00, 0.00, 4074.72, 2334.48, 0),
(128, '128', 'Juego de mesas de centro', '2013-11-25', 125, 'Pendiente', 3592.16, '2013-11-25 19:26:55', NULL, 54, 0, 1, '2013-11-25 19:27:07', 12.80, 4082.00, 0.00, 489.84, 280.64, 0),
(129, '129', 'espejos economicos', '2013-11-24', 94, 'Aprobada', 300.00, '2013-11-25 19:33:54', NULL, 54, 0, 1, '2013-11-25 19:33:56', 12.80, 300.00, 0.00, 0.00, 23.44, 0),
(130, '130', 'espejo economico', '2013-11-25', 94, 'Aprobada', 100.00, '2013-11-25 20:57:56', NULL, 54, 0, 1, '2013-11-25 20:57:57', 12.80, 100.00, 0.00, 0.00, 7.81, 0),
(131, '131', 'espejos economicos', '2013-11-25', 94, 'Aprobada', 200.00, '2013-11-25 21:40:49', NULL, 54, 0, 1, '2013-11-25 21:40:52', 12.80, 200.00, 0.00, 0.00, 15.63, 0),
(132, '132', 'sala', '2013-11-25', 126, 'Pendiente', 10208.00, '2013-11-25 23:34:28', NULL, 54, 0, 1, '2013-11-25 23:40:20', 12.80, 11600.00, 0.00, 1392.00, 797.50, 0),
(133, '133', 'Espejo grande negro con oro en exhibicion', '2013-11-25', 127, 'Aprobada', 1000.00, '2013-11-26 00:18:15', 'Anticipo de $500.00 lo recogera el sabado 30 de Noviembre', 54, 0, 1, '2013-11-26 00:18:18', 12.80, 1000.00, 0.00, 0.00, 78.13, 0),
(134, '134', 'comedores', '2013-11-25', 128, 'Pendiente', 41300.24, '2013-11-26 00:42:29', '1.- 2 a 3 meses\n2.- en existencia (selecto)\n3.- en existencia\n4.- 2 a 3 meses (selecto)\n5.- 2 a 3 meses (selecto)\n6.- mesa en existencia  bancos y sillas 2 a 3 meses (selecto)', 54, 0, 1, '2013-11-26 01:06:06', 12.80, 45818.00, 0.00, 4517.76, 3226.58, 0),
(135, 'COT-##', 'Salas', '2013-11-25', 129, 'Pendiente', 11623.04, '2013-11-26 01:53:32', NULL, 54, 0, 1, NULL, 12.80, 13208.00, 0.00, 1584.96, 908.05, 0),
(136, '136', 'litera de madera color chocolate expreso', '2013-11-25', 130, 'Aprobada', 534.00, '2013-11-26 02:16:32', NULL, 52, 0, 2, '2013-11-26 02:16:35', 12.90, 534.00, 0.00, 0.00, 6888.60, 0),
(137, '137', 'Recamara', '2013-11-25', 131, 'Aprobada', 17000.00, '2013-11-26 03:15:49', 'Anticipo de $5,000.00, y termina de liquidar a mas tardar prox sabado 30', 54, 0, 1, '2013-11-26 03:43:02', 13.00, 17000.00, 0.00, 0.00, 1307.69, 0),
(138, 'COT-138', 'Tocador tipo cherry en negro', '2013-11-25', 131, 'Aprobada', 2500.00, '2013-11-26 03:50:20', NULL, 54, 0, 1, '2013-11-26 22:32:53', 12.80, 2500.00, 0.00, 0.00, 195.31, 0),
(139, 'COT-##', 'BASE DE CAMA QUEEN', '2013-11-26', 132, 'Pendiente', 350.00, '2013-11-26 19:52:26', 'SE REQUIERE EL 50% DE ANTICIPO Y EL 50% AL FINALIZAR', 52, 0, 2, NULL, NULL, 350.00, 0.00, 0.00, NULL, 0),
(140, 'COT-##', 'BASE DE CAMA QUEEN', '2013-11-26', 132, 'Pendiente', 350.00, '2013-11-26 19:52:27', 'SE REQUIERE EL 50% DE ANTICIPO Y EL 50% AL FINALIZAR', 52, 0, 2, NULL, NULL, 350.00, 0.00, 0.00, NULL, 0),
(141, '141', 'Recamara', '2013-11-27', 134, 'Pendiente', 33793.76, '2013-11-27 23:39:27', NULL, 54, 0, 1, '2013-11-27 23:41:46', 13.00, 38402.00, 0.00, 4608.24, 2599.52, 0),
(142, 'COT-##', 'Sala', '2013-11-28', 135, 'Pendiente', 77311.52, '2013-11-28 19:05:03', NULL, 54, 0, 1, NULL, 12.80, 87854.00, 0.00, 10542.48, 6039.96, 0),
(143, '143', 'recamara adulto, niña, sala', '2013-11-28', 136, 'Pendiente', 198234.08, '2013-11-29 01:06:44', NULL, 54, 0, 1, '2013-11-29 01:35:00', 12.80, 225266.00, 0.00, 27031.92, 15487.04, 0),
(144, '144', 'CAJONERA CHOCOLATE EN EXHIBICION', '2013-11-29', 130, 'Aprobada', 3000.00, '2013-11-30 02:48:52', 'Abono $2,000.00', 59, 0, 1, '2013-11-30 02:48:54', 12.80, 3000.00, 0.00, 0.00, 234.38, 0),
(145, '145', 'ESPEJO ECONOMICO LARGO', '2013-11-29', 94, 'Aprobada', 100.00, '2013-11-30 17:38:50', NULL, 59, 0, 1, '2013-11-30 17:38:52', 12.80, 100.00, 0.00, 0.00, 7.81, 0),
(146, 'COT-##', 'Mesa marmol imitacion en REMATE', '2013-11-30', 137, 'Pendiente', 1000.00, '2013-11-30 19:55:45', NULL, 59, 0, 1, NULL, NULL, 1000.00, 0.00, 0.00, NULL, 0),
(147, 'COT-##', 'Mesa marmol imitacion en REMATE', '2013-11-30', 137, 'Pendiente', 1000.00, '2013-11-30 19:55:45', NULL, 59, 0, 1, NULL, NULL, 1000.00, 0.00, 0.00, NULL, 0),
(148, '148', 'Mesa marmol imitacion en REMATE', '2013-11-30', 137, 'Aprobada', 1000.00, '2013-11-30 19:55:46', NULL, 59, 0, 1, '2013-11-30 19:56:00', NULL, 1000.00, 0.00, 0.00, NULL, 0),
(149, '149', '2 espejos economicos', '2013-11-30', 94, 'Aprobada', 200.00, '2013-11-30 21:37:40', NULL, 59, 0, 1, '2013-11-30 21:37:42', 12.80, 200.00, 0.00, 0.00, 15.63, 0),
(150, '150', 'espejos economicos medianos', '2013-11-30', 94, 'Aprobada', 200.00, '2013-11-30 23:15:34', NULL, 59, 0, 1, '2013-11-30 23:15:37', 12.80, 200.00, 0.00, 0.00, 15.63, 0),
(151, '151', 'Cama. tocador y media chest', '2013-11-30', 138, 'Aprobada', 8099.52, '2013-11-30 23:40:01', NULL, 59, 0, 1, '2013-11-30 23:40:03', NULL, 9204.00, 0.00, 1104.48, NULL, 0),
(152, 'COT-##', 'Cama buro y media chest', '2013-11-30', 138, 'Pendiente', 10545.92, '2013-11-30 23:45:59', NULL, 59, 0, 1, NULL, 12.80, 11984.00, 0.00, 1438.08, 823.90, 0),
(153, 'COT-##', 'sala L', '2013-12-01', 139, 'Pendiente', 4558.40, '2013-12-02 00:34:45', NULL, 59, 0, 1, NULL, 12.80, 5180.00, 0.00, 621.60, 356.13, 0),
(154, 'COT-##', 'Sillon individual', '2013-12-01', 140, 'Pendiente', 2700.00, '2013-12-02 00:51:13', NULL, 59, 0, 1, NULL, 12.80, 2700.00, 0.00, 0.00, 210.94, 0),
(155, '155', 'Sofa y LV', '2013-12-01', 141, 'Pendiente', 18258.24, '2013-12-02 00:58:26', NULL, 59, 0, 1, '2013-12-02 01:00:54', 12.80, 20748.00, 0.00, 2489.76, 1426.43, 0),
(156, '156', 'Apartado espejo de 3 vidrios', '2013-12-03', 142, 'Aprobada', 1100.00, '2013-12-03 23:52:45', NULL, 59, 0, 1, '2013-12-03 23:52:47', 12.80, 1100.00, 0.00, 0.00, 85.94, 0),
(157, 'COT-157', 'extencion de cocina', '2013-12-04', 75, 'Aprobada', 550.00, '2013-12-04 19:11:11', 'todo trabajo requiere el 50% de anticipo y el 50% al finalizar.', 52, 0, 2, '2013-12-04 19:12:20', NULL, 550.00, 0.00, 0.00, NULL, 0),
(158, 'COT-##', 'cama', '2013-12-04', 143, 'Pendiente', 12729.60, '2013-12-04 22:06:25', NULL, 59, 0, 1, NULL, 13.00, 14144.00, 0.00, 1414.40, 979.20, 0),
(159, 'COT-##', 'sala', '2013-12-04', 144, 'Pendiente', 5720.00, '2013-12-04 22:36:20', NULL, 59, 0, 1, NULL, 13.00, 6500.00, 0.00, 780.00, 440.00, 0),
(160, '160', 'Cabecera queen', '2013-12-04', 127, 'Aprobada', 950.00, '2013-12-04 22:50:31', 'Apartado con $200.00  y liquidacion domingo 8 diciembre 2013', 59, 0, 1, '2013-12-04 22:50:33', 13.00, 950.00, 0.00, 0.00, 73.08, 0),
(161, '161', 'Entertainment TV', '2013-12-04', 145, 'Pendiente', 11036.96, '2013-12-05 01:52:49', NULL, 59, 0, 1, '2013-12-05 01:56:33', 12.60, 12542.00, 0.00, 1505.04, 875.95, 0),
(162, '162', 'Centro de TV', '2013-12-05', 146, 'Aprobada', 536.00, '2013-12-05 22:06:19', 'Anticipo 440 dlls', 59, 0, 2, '2013-12-05 22:06:20', 12.60, 536.00, 0.00, 0.00, 6753.60, 0),
(163, 'COT-##', 'Sala', '2013-12-05', 147, 'Pendiente', 11851.84, '2013-12-06 00:48:53', NULL, 59, 0, 1, NULL, 12.60, 13468.00, 0.00, 1616.16, 940.62, 0),
(164, '164', 'comedor imit marmol', '2013-12-07', 150, 'Pendiente', 22628.32, '2013-12-07 20:19:56', NULL, 59, 0, 1, '2013-12-07 20:23:35', 13.00, 25714.00, 0.00, 3085.68, 1740.64, 0),
(165, '165', 'mesa en exhibicion 30"', '2013-12-07', 151, 'Aprobada', 1500.00, '2013-12-08 01:04:54', NULL, 59, 0, 1, '2013-12-08 01:04:56', 13.00, 1500.00, 0.00, 0.00, 115.38, 0),
(166, '166', 'Sala Seccional', '2013-12-08', 152, 'Pendiente', 14849.12, '2013-12-08 20:31:45', NULL, 59, 0, 1, '2013-12-08 20:33:03', 13.00, 16874.00, 0.00, 2024.88, 1142.24, 0),
(167, 'COT-##', 'Recamara completa', '2013-12-08', 153, 'Pendiente', 31071.04, '2013-12-08 21:45:00', NULL, 59, 0, 1, NULL, 13.00, 35308.00, 0.00, 4236.96, 2390.08, 0),
(168, 'COT-##', 'sala', '2013-12-08', 154, 'Pendiente', 43563.52, '2013-12-08 22:07:31', NULL, 59, 0, 1, NULL, 13.00, 49504.00, 0.00, 5940.48, 3351.04, 0),
(169, 'COT-169', 'espejos economicos', '2013-12-08', 94, 'Aprobada', 500.00, '2013-12-08 22:11:56', NULL, 59, 0, 1, '2013-12-09 01:13:37', 13.00, 500.00, 0.00, 0.00, 38.46, 0),
(170, 'COT-##', 'Cama matrimonial en exhibicion y colchon 231', '2013-12-10', 155, 'Pendiente', 5200.00, '2013-12-11 02:20:02', NULL, 59, 0, 1, NULL, 13.00, 5200.00, 0.00, 0.00, 400.00, 0),
(171, 'COT-171', 'Comedor c 4 sillas', '2013-12-11', 86, 'Aprobada', 7550.00, '2013-12-12 02:33:38', 'Saldo de $3,550', 59, 0, 1, '2013-12-13 18:16:57', 13.00, 7550.00, 0.00, 0.00, 580.77, 0),
(172, '172', 'mesas de centro', '2013-12-12', 157, 'Pendiente', 17140.00, '2013-12-13 00:35:00', NULL, 59, 0, 1, '2013-12-13 00:46:33', 13.00, 17140.00, 0.00, 0.00, 1318.46, 0),
(173, 'COT-173', 'remozar cosina', '2013-12-16', 158, 'Aprobada', 1500.00, '2013-12-16 17:39:45', 'Todo trabajo requiere el 50 % de anticipo y el 50 al finalizar.', 52, 0, 2, '2013-12-16 17:43:26', 13.00, 1500.00, 0.00, 0.00, 19500.00, 0),
(174, 'COT-##', 'PERSIANAS DE MADERA MODELO CALAFIA SHUTTERS', '2013-12-16', 159, 'Pendiente', 3154.80, '2013-12-17 01:35:40', 'TODO TRABAJO REQUIERE EL 80% DE ANTICIPO Y EL 20 % AL FINALIZAR. EL TIEMPO DE ENTREGA ES 24 DE ENERO DEL 2014 SE PROGRAMARA LA FECHA DE INSTALACION.', 52, 0, 2, NULL, 13.00, 3154.80, 0.00, 0.00, 41012.40, 0),
(175, 'COT-##', 'Shutters casa modelo Camalu.', '2013-12-17', 159, 'Pendiente', 0.00, '2013-12-17 20:19:50', NULL, 52, 0, 2, NULL, NULL, 0.00, 0.00, 0.00, NULL, 0),
(176, '176', 'Cubierta de granito', '2013-12-17', 160, 'Aprobada', 340.00, '2013-12-17 20:23:43', 'todo trabajo requiere el 50% de anticipo y el 50% al finalizar.', 52, 0, 2, '2013-12-17 20:23:45', NULL, 340.00, 0.00, 0.00, NULL, 0),
(177, '177', 'Accent chair', '2013-12-17', 161, 'Pendiente', 2288.00, '2013-12-17 23:30:15', NULL, 59, 0, 1, '2013-12-17 23:31:58', 13.00, 2600.00, 0.00, 312.00, 176.00, 0),
(178, 'COT-178', 'Cama, comedor', '2013-12-17', 162, 'Aprobada', 20270.00, '2013-12-18 02:46:00', NULL, 46, 0, 1, '2014-04-28 19:02:07', 13.00, 20270.00, 0.00, 0.00, 1559.23, 0),
(179, 'COT-179', 'Mostrador, Mesa de tabaco, y bara de comedor.', '2013-12-18', 163, 'Pendiente', 2200.00, '2013-12-19 00:49:12', 'todo trabajo requiere el 50 % de anticipo y el 50 % al finalizar.', 46, 0, 2, '2014-01-24 23:19:39', NULL, 2200.00, 208.00, 208.00, NULL, 1),
(180, 'COT-180', 'Sala en L', '2013-12-19', 164, 'Aprobada', 17602.00, '2013-12-19 21:10:49', NULL, 46, 0, 1, '2014-01-15 17:38:35', 13.00, 18850.00, 0.00, 1248.00, 1354.00, 0),
(181, '181', 'Cama individual metal', '2013-12-21', 162, 'Aprobada', 1850.00, '2013-12-21 21:43:56', NULL, 59, 0, 1, '2013-12-21 21:43:59', 13.00, 1850.00, 0.00, 0.00, 142.31, 0),
(182, 'COT-182', 'Comedor vidrio', '2013-12-21', 162, 'Aprobada', 29423.68, '2013-12-21 21:51:31', 'test test', 46, 0, 1, '2014-01-13 10:16:26', 13.00, 33436.00, 0.00, 4012.32, 2263.36, 0),
(183, 'COT-183', 'Cama', '2013-12-22', 165, 'Aprobada', 5925.92, '2013-12-22 19:45:47', NULL, 59, 0, 1, '2013-12-22 23:41:55', 13.00, 6734.00, 0.00, 808.08, 455.84, 0),
(184, 'COT-184', '', '2013-12-22', 166, 'Aprobada', 100260.16, '2013-12-22 20:27:49', NULL, 46, 0, 1, '2014-01-13 10:16:00', 13.00, 113932.00, 0.00, 13671.84, 7712.32, 0),
(185, '185', 'Espejo grande de 8', '2013-12-22', 167, 'Aprobada', 2000.00, '2013-12-22 20:50:16', NULL, 59, 0, 1, '2013-12-22 20:50:25', 13.00, 2000.00, 0.00, 0.00, 153.85, 0),
(186, '186', 'Cama', '2013-12-22', 168, 'Aprobada', 7950.00, '2013-12-23 00:22:47', NULL, 59, 0, 1, '2013-12-23 00:27:39', 13.00, 7950.00, 0.00, 0.00, 611.54, 0),
(187, 'COT-187', 'sala a tu medida', '2013-12-22', 169, 'Aprobada', 14169.60, '2013-12-23 01:43:11', NULL, 46, 0, 1, '2014-01-13 10:14:40', 13.00, 14169.60, 0.00, 0.00, 1089.97, 0),
(188, 'COT-188', 'Buro', '2013-12-26', 170, 'Aprobada', 7400.00, '2013-12-26 20:39:15', 'test test test', 46, 0, 1, '2014-01-13 09:46:19', 13.00, 7400.00, 0.00, 0.00, 569.23, 0),
(189, 'COT-189', 'Sofa', '2013-12-29', 171, 'Aprobada', 11211.20, '2013-12-29 22:54:01', 'test test test', 46, 0, 1, '2014-01-13 09:44:58', 13.00, 12740.00, 0.00, 1528.80, 862.40, 0),
(190, '190', 'Sofa y reclinable exhibicion', '2013-12-29', 171, 'Aprobada', 6800.00, '2013-12-30 02:16:21', NULL, 59, 0, 1, '2013-12-30 02:16:24', 13.00, 6800.00, 0.00, 0.00, 523.08, 0),
(191, '191', 'mesa esquinera', '2013-12-29', 172, 'Aprobada', 1332.00, '2013-12-30 03:10:17', NULL, 59, 0, 1, '2013-12-30 03:11:55', 13.00, 1200.00, 132.00, 0.00, 102.46, 0),
(192, 'COT-##', 'Recamara colonial', '2014-01-02', 173, 'Pendiente', 47636.16, '2014-01-02 19:57:31', NULL, 59, 0, 1, NULL, 13.00, 54132.00, 0.00, 6495.84, 3664.32, 1),
(193, 'COT-##', 'Recamara', '2014-01-02', 174, 'Pendiente', 62187.84, '2014-01-02 22:06:42', NULL, 59, 0, 1, NULL, 13.00, 70668.00, 0.00, 8480.16, 4783.68, 1),
(194, 'COT-194', 'comedor y barra', '2014-01-02', 175, 'Aprobada', 17966.00, '2014-01-03 00:10:45', 'en efectivo', 59, 0, 1, '2014-01-04 18:57:03', 13.00, 17966.00, 0.00, 0.00, 1382.00, 0),
(195, 'COT-195', 'RECAMARA PATRA', '2014-01-02', 176, 'Aprobada', 1300.60, '2014-01-03 01:57:09', NULL, 52, 0, 2, '2014-01-03 02:20:03', 13.00, 1596.00, 0.00, 295.40, 16907.80, 0),
(196, '196', 'Comedor con extension en exhibicion', '2014-01-04', 177, 'Aprobada', 4000.00, '2014-01-04 19:22:40', NULL, 59, 0, 1, '2014-01-04 19:22:56', 12.40, 4000.00, 0.00, 0.00, 322.58, 0),
(197, 'COT-##', 'BED DAY Y COLCHON COMBO', '2014-01-04', 168, 'Pendiente', 2670.00, '2014-01-04 21:33:18', NULL, 59, 0, 1, NULL, 12.50, 2670.00, 0.00, 0.00, 213.60, 1),
(198, 'COT-##', 'COTIZACION RECAMARA', '2014-01-04', 178, 'Pendiente', 699.00, '2014-01-05 02:18:17', NULL, 52, 0, 2, NULL, 13.00, 837.00, 0.00, 138.00, 9087.00, 1),
(199, 'COT-##', 'COTIZACION RECAMARA EXIBICION', '2014-01-04', 178, 'Pendiente', 774.00, '2014-01-05 02:27:20', NULL, 52, 0, 2, NULL, 13.00, 868.00, 0.00, 94.00, 10062.00, 1),
(200, '200', 'PINTAR CHEST', '2014-01-07', 179, 'Aprobada', 100.00, '2014-01-07 17:13:32', 'FECHA DE ENTREGA LUNES RPOXIMO', 52, 0, 2, '2014-01-07 17:13:35', 13.00, 100.00, 0.00, 0.00, 1300.00, 0),
(201, 'COT-201', 'test', '2014-01-20', 40, 'Aprobada', 84.00, '2014-01-20 21:43:30', NULL, 46, 0, 1, '2014-01-24 22:04:25', NULL, 100.00, 0.00, 16.00, NULL, 0);

-- --------------------------------------------------------

--
-- Estructura de tabla para la tabla `erp_quote_attachments`
--

CREATE TABLE IF NOT EXISTS `erp_quote_attachments` (
  `quote_id` int(11) NOT NULL,
  `quote_attachment_id` int(11) NOT NULL,
  `quote_attachment_name` varchar(256) DEFAULT NULL,
  `quote_attachment_description` varchar(512) DEFAULT NULL,
  `quote_attachment_file_name` varchar(512) DEFAULT NULL,
  `quote_attachment_date` date DEFAULT NULL,
  `user_id` int(11) DEFAULT NULL,
  PRIMARY KEY (`quote_id`,`quote_attachment_id`)
) ENGINE=InnoDB DEFAULT CHARSET=latin1;

--
-- Volcado de datos para la tabla `erp_quote_attachments`
--

INSERT INTO `erp_quote_attachments` (`quote_id`, `quote_attachment_id`, `quote_attachment_name`, `quote_attachment_description`, `quote_attachment_file_name`, `quote_attachment_date`, `user_id`) VALUES
(178, 1, '178DSC02658.JPG', NULL, '178DSC02658.JPG', NULL, NULL),
(179, 1, 'server/uploads/images/17910.jpg', NULL, 'server/uploads/images/17910.jpg', '0000-00-00', NULL),
(179, 2, 'server/uploads/images/17917b.jpg', NULL, 'server/uploads/images/17917b.jpg', '0000-00-00', NULL),
(179, 3, '17917b.jpg', NULL, '17917b.jpg', '0000-00-00', NULL),
(179, 4, '17910.jpg', NULL, '17910.jpg', '0000-00-00', NULL),
(179, 5, '17910.jpg', NULL, '17910.jpg', '0000-00-00', NULL),
(179, 6, '17910.jpg', NULL, '17910.jpg', '0000-00-00', NULL),
(179, 7, '1792.jpg', NULL, '1792.jpg', '0000-00-00', NULL),
(179, 8, '1793.jpg', NULL, '1793.jpg', '0000-00-00', NULL),
(179, 9, '17914.jpg', NULL, '17914.jpg', '0000-00-00', NULL),
(179, 10, '17915.jpg', NULL, '17915.jpg', '0000-00-00', NULL),
(179, 11, '17910.jpg', NULL, '17910.jpg', '0000-00-00', NULL),
(179, 12, '17916.jpg', NULL, '17916.jpg', '0000-00-00', NULL),
(179, 13, '17910.jpg', NULL, '17910.jpg', '0000-00-00', NULL),
(179, 14, '17915.jpg', NULL, '17915.jpg', '0000-00-00', NULL),
(179, 15, '17914.jpg', NULL, '17914.jpg', '0000-00-00', NULL),
(179, 16, '17910.jpg', NULL, '17910.jpg', '0000-00-00', NULL),
(179, 17, '17910.jpg', NULL, '17910.jpg', '0000-00-00', NULL),
(179, 18, '17920.jpg', NULL, '17920.jpg', '0000-00-00', NULL),
(179, 19, '17920.jpg', NULL, '17920.jpg', NULL, NULL),
(179, 20, '179IMG_14012014_090319.png', NULL, '179IMG_14012014_090319.png', NULL, NULL),
(179, 21, '17914.jpg', NULL, '17914.jpg', NULL, NULL),
(179, 22, '179IMG_14012014_090319.png', NULL, '179IMG_14012014_090319.png', NULL, NULL),
(179, 23, '179DSC02757.JPG', NULL, '179DSC02757.JPG', NULL, NULL),
(200, 1, '200logoreportesmerofa.png', NULL, '200logoreportesmerofa.png', NULL, NULL),
(200, 2, '200IMG_28062013_093634.png', NULL, '200IMG_28062013_093634.png', NULL, NULL),
(200, 3, '200IMG_14012014_090319.png', NULL, '200IMG_14012014_090319.png', NULL, NULL),
(201, 19, '201224091_207783415909515_100000335734899_699230_5029658_n.jpg', NULL, '201224091_207783415909515_100000335734899_699230_5029658_n.jpg', NULL, NULL),
(201, 20, '201225644_208264509208326_144241405610637_647094_5481194_n.jpg', NULL, '201225644_208264509208326_144241405610637_647094_5481194_n.jpg', NULL, NULL),
(201, 21, '201225360_209589539075823_144241405610637_655884_4194352_n.jpg', NULL, '201225360_209589539075823_144241405610637_655884_4194352_n.jpg', NULL, NULL),
(201, 22, '201225596_207784392576084_100000335734899_699238_4039764_n.jpg', NULL, '201225596_207784392576084_100000335734899_699238_4039764_n.jpg', NULL, NULL),
(201, 23, '201225816_118849651530778_100002172325405_164852_3530070_n.jpg', NULL, '201225816_118849651530778_100002172325405_164852_3530070_n.jpg', NULL, NULL),
(201, 24, '201226302_1721598840147_1243611143_31610004_7104166_n.jpg', NULL, '201226302_1721598840147_1243611143_31610004_7104166_n.jpg', NULL, NULL),
(201, 25, '201226302_1721598760145_1243611143_31610002_7241147_n.jpg', NULL, '201226302_1721598760145_1243611143_31610002_7241147_n.jpg', NULL, NULL),
(201, 26, '201226302_1721598800146_1243611143_31610003_8120204_n.jpg', NULL, '201226302_1721598800146_1243611143_31610003_8120204_n.jpg', NULL, NULL),
(201, 27, '201226302_1721598880148_1243611143_31610005_4246361_n.jpg', NULL, '201226302_1721598880148_1243611143_31610005_4246361_n.jpg', NULL, NULL),
(201, 28, '201226410_186406331409123_100001192727249_457191_2123883_n.jpg', NULL, '201226410_186406331409123_100001192727249_457191_2123883_n.jpg', NULL, NULL),
(201, 29, '201226443_212736755414181_100000335734899_738063_3399249_n.jpg', NULL, '201226443_212736755414181_100000335734899_738063_3399249_n.jpg', NULL, NULL),
(201, 30, '20120.jpg', NULL, '20120.jpg', NULL, NULL),
(201, 31, '20122.jpg', NULL, '20122.jpg', NULL, NULL),
(201, 32, '20117b.jpg', NULL, '20117b.jpg', NULL, NULL),
(201, 33, '20121.jpg', NULL, '20121.jpg', NULL, NULL),
(201, 34, '2011.jpg', NULL, '2011.jpg', NULL, NULL),
(201, 35, '20114.jpg', NULL, '20114.jpg', NULL, NULL),
(201, 36, '2012.jpg', NULL, '2012.jpg', NULL, NULL),
(201, 37, '2013.jpg', NULL, '2013.jpg', NULL, NULL),
(201, 38, '20110.jpg', NULL, '20110.jpg', NULL, NULL),
(201, 39, '2019.jpg', NULL, '2019.jpg', NULL, NULL),
(201, 40, '20115.jpg', NULL, '20115.jpg', NULL, NULL),
(201, 41, '20120.jpg', NULL, '20120.jpg', NULL, NULL),
(201, 42, '20116.jpg', NULL, '20116.jpg', NULL, NULL),
(201, 43, '20121.jpg', NULL, '20121.jpg', NULL, NULL),
(201, 44, '20117b.jpg', NULL, '20117b.jpg', NULL, NULL),
(201, 45, '20122.jpg', NULL, '20122.jpg', NULL, NULL),
(201, 46, '20120.jpg', NULL, '20120.jpg', NULL, NULL),
(201, 47, '20117b.jpg', NULL, '20117b.jpg', NULL, NULL),
(201, 48, '20117b.jpg', NULL, '20117b.jpg', NULL, NULL),
(201, 49, '20110.jpg', NULL, '20110.jpg', NULL, NULL),
(201, 50, '201logoreportesmerofa.png', NULL, '201logoreportesmerofa.png', NULL, NULL),
(201, 51, '201IMG_28062013_093634.png', NULL, '201IMG_28062013_093634.png', NULL, NULL),
(201, 52, '201IMG_14012014_084945.png', NULL, '201IMG_14012014_084945.png', NULL, NULL),
(201, 53, '201IMG_14012014_090319.png', NULL, '201IMG_14012014_090319.png', NULL, NULL),
(201, 54, '201IMG_14012014_084945.png', NULL, '201IMG_14012014_084945.png', NULL, NULL),
(201, 55, '201logoreportesmerofa.png', NULL, '201logoreportesmerofa.png', NULL, NULL),
(201, 56, '201IMG_14012014_090319.png', NULL, '201IMG_14012014_090319.png', NULL, NULL),
(201, 57, '201IMG_28062013_093634.png', NULL, '201IMG_28062013_093634.png', NULL, NULL),
(201, 58, '2012.jpg', NULL, '2012.jpg', NULL, NULL),
(201, 59, '2013.jpg', NULL, '2013.jpg', NULL, NULL),
(201, 60, '2011.jpg', NULL, '2011.jpg', NULL, NULL),
(201, 61, '20114.jpg', NULL, '20114.jpg', NULL, NULL),
(201, 62, '2019.jpg', NULL, '2019.jpg', NULL, NULL),
(201, 63, '20110.jpg', NULL, '20110.jpg', NULL, NULL),
(201, 64, '20115.jpg', NULL, '20115.jpg', NULL, NULL),
(201, 65, '20120.jpg', NULL, '20120.jpg', NULL, NULL),
(201, 66, '20116.jpg', NULL, '20116.jpg', NULL, NULL),
(201, 67, '20117b.jpg', NULL, '20117b.jpg', NULL, NULL),
(201, 68, '20121.jpg', NULL, '20121.jpg', NULL, NULL),
(201, 69, '20122.jpg', NULL, '20122.jpg', NULL, NULL),
(201, 70, '20126.jpg', NULL, '20126.jpg', NULL, NULL),
(201, 71, '20128.jpg', NULL, '20128.jpg', NULL, NULL),
(201, 72, '20129.jpg', NULL, '20129.jpg', NULL, NULL),
(201, 73, '20129g-ccv01.jpg', NULL, '20129g-ccv01.jpg', NULL, NULL),
(201, 74, '201logoreportesmerofa.png', NULL, '201logoreportesmerofa.png', NULL, NULL),
(201, 75, '201IMG_14012014_090319.png', NULL, '201IMG_14012014_090319.png', NULL, NULL),
(201, 76, '201IMG_14012014_084945.png', NULL, '201IMG_14012014_084945.png', NULL, NULL),
(201, 77, '201IMG_28062013_093634.png', NULL, '201IMG_28062013_093634.png', NULL, NULL),
(201, 78, '201IMG_28062013_093634.png', NULL, '201IMG_28062013_093634.png', NULL, NULL),
(201, 79, '201IMG_14012014_084945.png', NULL, '201IMG_14012014_084945.png', NULL, NULL),
(201, 80, '201IMG_28062013_093634.png', NULL, '201IMG_28062013_093634.png', NULL, NULL),
(201, 81, '201IMG_14012014_090319.png', NULL, '201IMG_14012014_090319.png', NULL, NULL),
(201, 82, '201IMG_28062013_093634.png', NULL, '201IMG_28062013_093634.png', NULL, NULL),
(201, 83, '201IMG_14012014_090319.png', NULL, '201IMG_14012014_090319.png', NULL, NULL),
(201, 84, '201IMG_28062013_093634.png', NULL, '201IMG_28062013_093634.png', NULL, NULL),
(201, 85, '201IMG_14012014_084945.png', NULL, '201IMG_14012014_084945.png', NULL, NULL),
(201, 86, '201IMG_14012014_084945.png', NULL, '201IMG_14012014_084945.png', NULL, NULL),
(201, 87, '201IMG_28062013_093634.png', NULL, '201IMG_28062013_093634.png', NULL, NULL),
(201, 88, '201IMG_14012014_090319.png', NULL, '201IMG_14012014_090319.png', NULL, NULL),
(201, 89, '201logoreportesmerofa.png', NULL, '201logoreportesmerofa.png', NULL, NULL),
(201, 90, '201IMG_14012014_090319.png', NULL, '201IMG_14012014_090319.png', NULL, NULL),
(201, 91, '201IMG_14012014_084945.png', NULL, '201IMG_14012014_084945.png', NULL, NULL),
(201, 92, '201IMG_14012014_084945.png', NULL, '201IMG_14012014_084945.png', NULL, NULL),
(201, 93, '201IMG_28062013_093634.png', NULL, '201IMG_28062013_093634.png', NULL, NULL),
(201, 95, '201logoreportesmerofa.png', NULL, '201logoreportesmerofa.png', NULL, NULL),
(201, 96, '201IMG_14012014_084945.png', NULL, '201IMG_14012014_084945.png', NULL, NULL),
(201, 97, '201IMG_28062013_093634.png', NULL, '201IMG_28062013_093634.png', NULL, NULL),
(201, 98, '201IMG_14012014_090319.png', NULL, '201IMG_14012014_090319.png', NULL, NULL),
(201, 99, '201logoreportesmerofa.png', NULL, '201logoreportesmerofa.png', NULL, NULL),
(201, 100, '201IMG_14012014_090319.png', NULL, '201IMG_14012014_090319.png', NULL, NULL),
(201, 101, '201IMG_28062013_093634.png', NULL, '201IMG_28062013_093634.png', NULL, NULL),
(201, 102, '201IMG_14012014_084945.png', NULL, '201IMG_14012014_084945.png', NULL, NULL),
(201, 103, '201logoreportesmerofa.png', NULL, '201logoreportesmerofa.png', NULL, NULL),
(201, 104, '201IMG_14012014_090319.png', NULL, '201IMG_14012014_090319.png', NULL, NULL),
(201, 105, '201IMG_14012014_084945.png', NULL, '201IMG_14012014_084945.png', NULL, NULL),
(201, 106, '201IMG_28062013_093634.png', NULL, '201IMG_28062013_093634.png', NULL, NULL),
(201, 107, '201logoreportesmerofa.png', NULL, '201logoreportesmerofa.png', NULL, NULL),
(201, 108, '201logoreportesmerofa.png', NULL, '201logoreportesmerofa.png', NULL, NULL),
(201, 109, '201IMG_28062013_093634.png', NULL, '201IMG_28062013_093634.png', NULL, NULL),
(201, 110, '201IMG_14012014_084945.png', NULL, '201IMG_14012014_084945.png', NULL, NULL),
(201, 111, '201IMG_28062013_093634.png', NULL, '201IMG_28062013_093634.png', NULL, NULL),
(201, 112, '201IMG_14012014_084945.png', NULL, '201IMG_14012014_084945.png', NULL, NULL),
(201, 113, '201logoreportesmerofa.png', NULL, '201logoreportesmerofa.png', NULL, NULL),
(201, 114, '201IMG_14012014_090319.png', NULL, '201IMG_14012014_090319.png', NULL, NULL),
(201, 115, '201IMG_14012014_084945.png', NULL, '201IMG_14012014_084945.png', NULL, NULL),
(201, 116, '201IMG_14012014_090319.png', NULL, '201IMG_14012014_090319.png', NULL, NULL),
(201, 117, '201IMG_14012014_084945.png', NULL, '201IMG_14012014_084945.png', NULL, NULL),
(201, 118, '201IMG_28062013_093634.png', NULL, '201IMG_28062013_093634.png', NULL, NULL),
(201, 119, '201IMG_14012014_090319.png', NULL, '201IMG_14012014_090319.png', NULL, NULL),
(201, 120, '201logoreportesmerofa.png', NULL, '201logoreportesmerofa.png', NULL, NULL),
(201, 121, '201IMG_14012014_084945.png', NULL, '201IMG_14012014_084945.png', NULL, NULL),
(201, 122, '201IMG_14012014_090319.png', NULL, '201IMG_14012014_090319.png', NULL, NULL),
(201, 123, '201994935_10151632201995776_1311782562_n.jpg', NULL, '201994935_10151632201995776_1311782562_n.jpg', NULL, NULL),
(201, 124, '201537255_10151621324980776_1239271021_n.jpg', NULL, '201537255_10151621324980776_1239271021_n.jpg', NULL, NULL);

-- --------------------------------------------------------

--
-- Estructura de tabla para la tabla `erp_quote_details`
--

CREATE TABLE IF NOT EXISTS `erp_quote_details` (
  `quote_id` int(11) NOT NULL,
  `quote_detail_id` int(4) NOT NULL,
  `quote_detail_description` varchar(256) DEFAULT NULL,
  `product_id` int(11) DEFAULT NULL,
  `quote_detail_qty` int(11) DEFAULT NULL,
  `quote_detail_um` varchar(16) DEFAULT NULL,
  `quote_detail_price` decimal(10,2) DEFAULT NULL,
  `quote_detail_tax` decimal(10,0) DEFAULT NULL,
  `quote_detail_discount` int(11) DEFAULT NULL,
  `quote_detail_total` decimal(12,2) DEFAULT NULL,
  PRIMARY KEY (`quote_id`,`quote_detail_id`)
) ENGINE=InnoDB DEFAULT CHARSET=latin1;

--
-- Volcado de datos para la tabla `erp_quote_details`
--

INSERT INTO `erp_quote_details` (`quote_id`, `quote_detail_id`, `quote_detail_description`, `product_id`, `quote_detail_qty`, `quote_detail_um`, `quote_detail_price`, `quote_detail_tax`, `quote_detail_discount`, `quote_detail_total`) VALUES
(0, 1, '2 espejos 300', NULL, 2, 'Pieza', 100.00, 0, NULL, 200.00),
(0, 2, 'Tapete grueso color vino exhibicion', NULL, 1, 'Pieza', 800.00, 0, 25, 800.00),
(0, 3, 'cajonera con dos cajones de 24''''', NULL, 1, 'Pieza', 0.00, 0, NULL, 0.00),
(0, 4, 'gabinete base de 10'''' una puerta un entrepaño', NULL, 2, 'Pieza', 0.00, 0, NULL, 0.00),
(0, 5, 'acabado en laca color blanco igual al de la cocina', NULL, 1, 'Lote', 550.00, 0, NULL, 550.00),
(0, 6, 'quitar tablero de dos puertas y pegar acrílico', NULL, 1, 'Pieza', 30.00, 0, NULL, 30.00),
(0, 7, NULL, NULL, 1, NULL, 0.00, 0, NULL, 0.00),
(0, 8, 'sala reclina ac23452 p23', NULL, 1, 'Pieza', 300.00, 16, 4, 300.00),
(12, 2, 'Cambio de color a blanco hueso.', NULL, 1, 'Lote', 153.85, 0, 0, 153.85),
(12, 3, 'Modificación de gabinete de pared, 12 pulgadas a 18 pulgadas.', NULL, 1, 'Pieza', 50.00, 0, NULL, 50.00),
(12, 4, 'Modificación de gabinete de pared, de 18  a 30 pulgadas.', NULL, 1, 'Pieza', 76.92, 0, 0, 76.92),
(12, 5, 'Fabricación de cava base a un lado de la barra.', NULL, 1, 'Pieza', 115.38, 0, NULL, 115.38),
(12, 6, 'Fabricación de balance en el area del sink parte superior. 48', NULL, 1, 'Pieza', 76.92, 0, 0, 76.92),
(12, 7, 'Dejar preparado la cubierta para que baje el lateral de la barra.', NULL, 1, 'Lote', 25.00, 0, NULL, 25.00),
(12, 8, 'Poner crown molding pecho paloma a toda la cocina', NULL, 3, 'Pieza', 68.00, 0, NULL, 204.00),
(12, 9, 'Cocina Camalu', NULL, 1, 'Lote', 2400.00, 0, NULL, 2400.00),
(17, 1, 'FABRICACION DE CLOSET EN TRIPLAY DE BIRCH 3/4 CON PUERTAS LISAS ABATIBLES ACABADO EN LACA COLOR CHOCOLATE EXPRESO. TODAS LAS PUERTAS LLEVARAN VISAGRAS OCULTAS, LOS RIELES DE LOS CAJONES SERAN DE EXTENCION Y JALADERAS DE BARRA DE 6, CONSTA DE UN MODULO CAJO', NULL, 1, 'Lote', 900.00, 0, NULL, 900.00),
(18, 1, 'FABRICACION DE COCINA INTEGRAL EN TRIPLAY DE BIRCH 3/4 CON PUERTAS LISAS DE MADERA MAPLE, ACABADO EN LACA COLOR CHOCOLATE.', NULL, 1, 'Lote', 4000.00, 0, NULL, 4000.00),
(18, 2, 'BISAGRAS OCULTAS DE CIERRE LENTO', NULL, 1, 'Lote', 0.00, 0, NULL, 0.00),
(18, 3, 'ROLL-OUT  CON RIEL DE EXTENCION', NULL, 2, 'Pieza', 0.00, 0, NULL, 0.00),
(18, 4, 'LASSY SUSAN', NULL, 2, 'Pieza', 0.00, 0, NULL, 0.00),
(18, 5, 'VALANCE EN LA VENTANA CON GABINETES ARRIBA.', NULL, 1, 'Lote', 0.00, 0, NULL, 0.00),
(18, 6, 'CUBIERTA POSTFORMADA.', NULL, 1, 'Lote', 0.00, 0, NULL, 0.00),
(18, 7, 'PUERTAS DE TRIPLAY DE MAPLE.', NULL, 1, 'Lote', 0.00, 0, NULL, 0.00),
(18, 8, 'BISAGRAS DE TUBO DIF DIMENCIONES 6'''' Y 8''''', NULL, 1, 'Lote', 0.00, 0, NULL, 0.00),
(18, 9, 'LOS RIELS DE LOS CAJONES DE CIERRE LENTO', NULL, 1, 'Lote', 0.00, 0, NULL, 0.00),
(19, 1, 'COCINA CAMALU', NULL, 1, 'Lote', 2400.00, 11, NULL, 2400.00),
(19, 2, 'EXTRAS POR PARTE DE LA CONSTRUCTORA', NULL, 1, 'Lote', 1600.00, 11, NULL, 1600.00),
(19, 3, 'EXTRAS POR PARTE DEL CLIENTE CON MEROFA', NULL, 1, 'Lote', 3500.00, 0, NULL, 3500.00),
(19, 4, 'TODAS LAS PUERTAS CON BISAGRAS OCULTAS DE CIERRE LENTO.', NULL, 1, 'Lote', 0.00, 0, NULL, 0.00),
(19, 5, 'PUERTAS DE ENCINO Y MAPLE.', NULL, 1, 'Lote', 0.00, 0, NULL, 0.00),
(19, 6, 'RIELES DE CIERRE LENTO.', NULL, 1, 'Lote', 0.00, 0, NULL, 0.00),
(19, 7, 'DISEÑO PROPORCIONADO POR EL CLIENTE.', NULL, 1, 'Lote', 0.00, 0, NULL, 0.00),
(19, 8, NULL, NULL, 1, NULL, 0.00, 0, NULL, 0.00),
(20, 1, 'REMODELACION DE COCINA INTEGRAL, PINTAR EN COLOR CHOCOLATE CERRADO.', NULL, 1, 'Lote', 1500.00, 0, NULL, 1500.00),
(20, 2, 'RECORTAR ALACENA PARA EMPOTRAR REFRIGERADOR', NULL, 1, 'Lote', 0.00, 0, NULL, 0.00),
(20, 3, 'CAMBIAR DE POSICION GABINETES Y ACOMODARLOS SEGUN PLANO ADJUNTO', NULL, 1, 'Lote', 0.00, 0, NULL, 0.00),
(21, 1, 'REMOZAR COCINA INTEGRAL, PINTAR Y AJUSTAR PUERTAS Y CAJONES', NULL, 1, 'Lote', 900.00, 0, NULL, 900.00),
(21, 2, 'AJUSTAR CAJONES DE CLOSET Y CAMBIAR JALADERAS A 5 CAJONES Y MALETERO', NULL, 1, 'Lote', 0.00, 0, NULL, 0.00),
(21, 3, 'COMO EXTRAS', NULL, 1, NULL, 0.00, 0, NULL, 0.00),
(21, 4, NULL, NULL, 1, NULL, 0.00, 0, NULL, 0.00),
(22, 1, 'FABRICACION DE COCINA INTEGRAL EN TRIPLAY DE BIRCH 3/4 CON PUERTAS LISAS.', NULL, 1, 'Lote', 3400.00, 0, NULL, 3400.00),
(22, 2, 'TODAS LAS PUERTAS LLEVARAN BISAGRAS OCULTAS.', NULL, 1, 'Lote', 0.00, 0, NULL, 0.00),
(22, 3, 'LOS CAJONES LLEVARAN RIEL DE EXTENCION.', NULL, 1, 'Lote', 0.00, 0, NULL, 0.00),
(22, 4, 'JALADERAS DE BARRA DE 7''''.', NULL, 1, 'Lote', 0.00, 0, NULL, 0.00),
(22, 5, 'SOLO UNA PUERTA DE UN GABINETE LLEVARA VIDRIO ARENADO Y PISTON.', NULL, 1, 'Lote', 0.00, 0, NULL, 0.00),
(22, 6, 'MODULOS BASE', NULL, 5, 'Lote', 0.00, 0, NULL, 0.00),
(22, 7, 'MODULOS PARED', NULL, 4, 'Lote', 0.00, 0, NULL, 0.00),
(22, 8, 'MODULOS ALTOS PARA REFRIGERADOR', NULL, 1, 'Lote', 0.00, 0, NULL, 0.00),
(22, 9, 'GRANITO TROPICAL BROWN', NULL, 1, 'Lote', 800.00, 0, NULL, 800.00),
(23, 1, 'PINTAR PIANO COLOR ROSA Y AJUSTAR PATAS Y ADAPTACION DE TABLA', NULL, 1, NULL, 800.00, 11, NULL, 800.00),
(24, 1, 'REMODELACION DE ALACENA BLANCA PINTAR COLOR CHOCOLATE.', NULL, 1, 'Lote', 100.00, 0, NULL, 100.00),
(25, 1, 'FABRICACION DE COCINA INTEGRAL, EN TRIPLAY DE BIRCH 3/4, ACABADO EN LACA COLOR CHOCOLATE EXPRESO.', NULL, 1, 'Lote', 3250.00, 0, NULL, 3250.00),
(25, 2, 'PUERTAS LISAS CON BISAGRA OCULTA', NULL, 1, NULL, 0.00, 0, NULL, 0.00),
(25, 3, 'JALADERA DE BARRA. 6''''', NULL, 1, NULL, 0.00, 0, NULL, 0.00),
(25, 4, 'RIEL DE EXTENCION EN CAJONES.', NULL, 1, NULL, 0.00, 0, NULL, 0.00),
(25, 5, 'CUBIERTA POSTFORMADA', NULL, 1, NULL, 0.00, 0, NULL, 0.00),
(25, 6, 'WDC2442', NULL, 1, NULL, 0.00, 0, NULL, 0.00),
(25, 7, 'U109624', NULL, 1, NULL, 0.00, 0, NULL, 0.00),
(25, 8, 'W2130', NULL, 1, NULL, 0.00, 0, NULL, 0.00),
(25, 9, 'W3024', NULL, 1, NULL, 0.00, 0, NULL, 0.00),
(25, 10, 'W2142', NULL, 1, NULL, 0.00, 0, NULL, 0.00),
(25, 11, 'R329624', NULL, 1, NULL, 0.00, 0, NULL, 0.00),
(25, 12, 'B21', NULL, 1, NULL, 0.00, 0, NULL, 0.00),
(25, 13, 'B09', NULL, 1, NULL, 0.00, 0, NULL, 0.00),
(25, 14, 'BCF3636', NULL, 1, NULL, 0.00, 0, NULL, 0.00),
(25, 15, 'SB36', NULL, 1, NULL, 0.00, 0, NULL, 0.00),
(25, 16, 'B30', NULL, 1, NULL, 0.00, 0, NULL, 0.00),
(25, 17, 'BCFD28363424', NULL, 1, NULL, 0.00, 0, NULL, 0.00),
(25, 18, 'PISO LAMINADO AC3 CLASS 31', NULL, 1, 'Lote', 400.00, 0, NULL, 400.00),
(26, 1, 'reforzar mueble y ponerle goma en las uniones', NULL, 1, 'Lote', 500.00, 0, NULL, 500.00),
(28, 1, 'Pintar cocina negra con rojo Ferrari acabado en poliuretano brilloso.', NULL, 1, 'Lote', 2792.79, 11, NULL, 2792.79),
(28, 2, 'Herraje blum toda la cocina', NULL, 1, 'Lote', 0.00, 0, NULL, 0.00),
(28, 3, 'Modificación de la barra hacerla curva', NULL, 1, 'Lote', 500.00, 0, NULL, 500.00),
(28, 4, 'Cocina camalu', NULL, 1, 'Lote', 2400.00, 11, NULL, 2400.00),
(28, 5, 'Puerta con dos vidrios curvos.', NULL, 1, 'Lote', 2500.00, 0, NULL, 2500.00),
(28, 6, 'Soclo de acero inoxidable.', NULL, 1, 'Lote', 150.00, 0, NULL, 150.00),
(28, 7, 'Mesa CM3093T', NULL, 1, 'Pieza', 422.00, 0, NULL, 422.00),
(28, 8, 'Side chair Silla CM3093SC-2pk', NULL, 3, 'Pieza', 176.00, 0, NULL, 528.00),
(29, 1, 'PINTAR COLOR CHOCOLATE', NULL, 2, 'Lote', 30.00, 0, NULL, 60.00),
(31, 1, 'PEGAR SILLA Y REMOZAR EN COLOR CHOCOLATE CERRADO', NULL, 1, 'Lote', 450.00, 0, NULL, 450.00),
(32, 1, 'FABRICACION DE PIEZA DE MADERA EN TRIPLAY DE BIRCH 3/4 PARA MUEBLE DE PLANCHAR', NULL, 1, 'Lote', 240.00, 0, NULL, 240.00),
(34, 1, 'Fabricacion de cocina integral en triplay de birch 3/4. con puertas lisas y terminado en laca chocolate. consta de lo siguiente', NULL, 1, 'Lote', 3050.00, 0, 25, 3050.00),
(34, 2, 'BLC36 ESQUINERO BASE', NULL, 2, 'Pieza', 0.00, 0, NULL, 0.00),
(34, 3, 'B12  BASE UN CAJON', NULL, 1, 'Pieza', 0.00, 0, NULL, 0.00),
(34, 4, 'BSINK36  BASE SINK', NULL, 1, 'Pieza', 0.00, 0, NULL, 0.00),
(34, 5, '4DB18   BASE 4 CAJONES', NULL, 1, 'Pieza', 0.00, 0, NULL, 0.00),
(34, 6, 'RW301524 GABINETE DE PARED PARA REFRIGERADOR', NULL, 1, 'Pieza', 0.00, 0, NULL, 0.00),
(34, 7, 'MW24143012  GABINETE DE PARED PARA MICROONDAS', NULL, 1, 'Pieza', 0.00, 0, NULL, 0.00),
(34, 8, 'WA24143012 ESQUINERO EN 90 GRADOS DE PARED', NULL, 2, 'Pieza', 0.00, 0, NULL, 0.00),
(34, 9, 'W223012   GABINETE DE PARED CON UNA PUERTA DE VIDRIO ARENADO Y OTRA LISA.', NULL, 2, 'Pieza', 0.00, 0, NULL, 0.00),
(34, 10, 'W301512 GABINETE DE PARED PARA CAMPANA DE 30''''', NULL, 1, 'Pieza', 0.00, 0, NULL, 0.00),
(34, 11, 'W183012  GABINETE DE PARED UNA PUERTA', NULL, 1, 'Pieza', 0.00, 0, NULL, 0.00),
(34, 12, 'SOF33 VALANCE PARA VENTANA.', NULL, 1, 'Pieza', 0.00, 0, NULL, 0.00),
(34, 13, 'TP84 LATERAL ALTO PARA MUEBLE DE REFRIGERADOR.', NULL, 1, 'Pieza', 0.00, 0, NULL, 0.00),
(34, 14, 'CUBIERTA POSTFORMADA', NULL, 1, 'Lote', 0.00, 0, NULL, 0.00),
(35, 1, 'Suministro y hechura de mueble para armadura romana, estilo contemporáneo color chocolate al alcohol, con 3 vidrios curvos, con soporte para armadura de madera.', NULL, 1, 'Pieza', 5700.00, 0, 0, 5700.00),
(36, 1, 'Cocina Camalu sin modificaciones', NULL, 1, 'Lote', 2400.00, 11, NULL, 2400.00),
(37, 1, 'FABRICACION DE MODULO DE CLOSET CON Y ENTREPAÑOS EN  MELAMINA BLANCA DE 3/4 DE GROSOR.', NULL, 6, 'Pieza', 250.00, 0, NULL, 1500.00),
(37, 2, 'TUBOS DE CLOSET PARA LOS TRES CLOSET', NULL, 1, 'Lote', 100.00, 0, NULL, 100.00),
(38, 1, NULL, 94, 2, 'Pieza', 150.00, 0, 33, 300.00),
(38, 2, NULL, 93, 1, 'Pieza', 190.00, 0, 21, 190.00),
(39, 1, 'FABRICACION  E INSTALACION DE CUBIERTA DE GRANITO GIALLO ORNAMENTAL CAFE.', NULL, 1, 'Lote', 776.00, 0, NULL, 776.00),
(40, 1, 'FABRICACION DE BASTIDOR DE RELOJ EN MATERIAL MDF, ACABADO EN LACA COLOR CHOCOLATE', NULL, 96, 'Pieza', 45.00, 11, NULL, 4320.00),
(40, 2, 'FABRICACION DE BASTIDOR DE RELOJ EN MATERIAL MDF, ACABADO EN LACA COLOR CHOCOLATE', NULL, 480, 'Pieza', 45.00, 0, 2, 21600.00),
(40, 3, 'FABRICACION DE BASTIDOR DE RELOJ EN MATERIAL MDF, ACABADO EN LACA COLOR CHOCOLATE', NULL, 1920, 'Pieza', 45.00, 0, 7, 86400.00),
(41, 1, 'Fabricación de cocina integral acabado en color blanco hueso, Hecha de madera birch 3/4 con fondos de triplay de birch 1/4, consta de las siguientes características', NULL, 1, 'Lote', 2350.00, 0, NULL, 2350.00),
(41, 2, 'base dos cajones', NULL, 1, 'Pieza', 0.00, 0, NULL, 0.00),
(41, 3, 'base sink 24''''', NULL, 1, 'Pieza', 0.00, 0, NULL, 0.00),
(41, 4, 'base un cajón dos puertas de 24'''' dos roll-out', NULL, 1, 'Pieza', 0.00, 0, NULL, 0.00),
(41, 5, 'base esquinero 225 grados', NULL, 1, 'Pieza', 0.00, 0, NULL, 0.00),
(41, 6, 'base especiero  de 8''''', NULL, 1, 'Pieza', 0.00, 0, NULL, 0.00),
(41, 7, 'base 4 cajones', NULL, 1, 'Pieza', 0.00, 0, NULL, 0.00),
(41, 8, 'gabinete pared campanero de 31.5''''', NULL, 1, 'Pieza', 0.00, 0, NULL, 0.00),
(41, 9, 'gabinete de pared w153612', NULL, 1, 'Pieza', 0.00, 0, NULL, 0.00),
(41, 10, 'gabinete de pared esquinero de 225 grados', NULL, 1, 'Pieza', 0.00, 0, NULL, 0.00),
(41, 11, 'toallero de madera', NULL, 1, 'Pieza', 0.00, 0, NULL, 0.00),
(41, 12, 'gabinete de pared con puertas con pistón', NULL, 3, 'Pieza', 0.00, 0, NULL, 0.00),
(41, 13, 'moldura asta el techo lisa', NULL, 1, 'Lote', 0.00, 0, NULL, 0.00),
(41, 14, 'cubierta de granito black cambrain', NULL, 1, 'Lote', 1000.00, 0, NULL, 1000.00),
(42, 1, 'FABRICACION DE LIBRERO DE PARED EN TRIPLAY DE BIRCH 3/4 DIMENSIONES W30XH48XD6', NULL, 1, 'Lote', 120.00, 0, NULL, 120.00),
(42, 2, 'SEGUN DIBUJO HOJA ANEXA.', NULL, 1, NULL, 0.00, 0, NULL, 0.00),
(42, 3, 'COLOR PECAN SQUARE.', NULL, 1, NULL, 0.00, 0, NULL, 0.00),
(43, 1, 'FABRICACION DE LIBRERO DE PARED EN TRIPLAY DE BIRCH 3/4 DIMENSIONES W30XH48XD6', NULL, 1, 'Lote', 120.00, 0, NULL, 120.00),
(43, 2, 'SEGUN DIBUJO HOJA ANEXA.', NULL, 1, NULL, 0.00, 0, NULL, 0.00),
(43, 3, 'COLOR PECAN SQUARE.', NULL, 1, NULL, 0.00, 0, NULL, 0.00),
(44, 1, 'ESTANTE DOBLE PARA BASOS SIN PINTAR', NULL, 1, 'Lote', 700.00, 0, NULL, 700.00),
(45, 1, 'fabricación de dos ventanas de 13.5x54 en madera de pino con vidrio de 1/8 de grosor transparente', NULL, 2, 'Pieza', 800.00, 0, NULL, 1600.00),
(46, 1, 'puerta lisa de 26x12 en triplay de birch 3/4  acabada en color chocolate', NULL, 4, 'Pieza', 25.00, 0, NULL, 100.00),
(46, 2, 'orificios para bisagra oculta.', NULL, 1, 'Lote', 0.00, 0, NULL, 0.00),
(47, 1, 'reforzar patas de sillas.', NULL, 4, 'Pieza', 380.00, 0, NULL, 1520.00),
(48, 1, 'Dresser color cherry en exhibicion', NULL, 1, 'Pieza', 2500.00, 0, NULL, 2500.00),
(49, 1, 'FABRICACION DE MUEBLE DE MADERA ALDER CON DOS CAJONES CON RIEL DE CIERRE LENTO Y BISAGRA OCULTA DE CIERRE LENTO, DOS ENTREPAÑOS AJUSTABLES, FRENTES DE CAJONES CURVOS Y PUERTAS IGUAL', NULL, 1, 'Pieza', 980.00, 0, 0, 980.00),
(49, 2, 'EL CLIENTE TRAERA LA PINTURA O EL COLOR', NULL, 1, 'Lote', 0.00, 0, NULL, 0.00),
(49, 3, 'MISMO MUEBLE PERO SIN FRENTES CURVOS', NULL, 1, NULL, 0.00, 0, NULL, 0.00),
(50, 1, 'FABRICACION DE COCINA INTEGRAL EN TRIPLAY DE BIRCH 3/4, CON  PUERTAS LISAS, TODAS LAS BISAGRAS SERAN OCULTAS Y JALADERAS DE ACERO INOXIDABLE, CAJONES CON RIEL DE EXTENCION, ACABADO EN LACA COLOR CHOCOLATE EXPRESO.', NULL, 1, 'Lote', 3800.00, 0, NULL, 3800.00),
(50, 2, 'GRANITO SANTA CECILIA FABRICACION E INSTALACION', NULL, 1, 'Lote', 844.00, 0, NULL, 844.00),
(50, 3, 'TARJA DOBLE CACAHUATE', NULL, 1, 'Pieza', 140.00, 0, NULL, 140.00),
(51, 1, 'FABRICACION  DE COCINA INTEGRAL EN TRIPLAY DE BIRCH 3/4 CON PUERTAS LISAS, BISAGRAS OCULTAS  RIELES DE EXTENCION,  ACABADO EN LACA COLOR BLANCO.', NULL, 1, 'Lote', 2500.00, 0, NULL, 2500.00),
(51, 2, 'DB15 CAJONERA BASE CON 4 CAJONES.', NULL, 1, NULL, 0.00, 0, NULL, 0.00),
(51, 3, 'BSR06 ESPECIERO BASE.', NULL, 1, NULL, 0.00, 0, NULL, 0.00),
(51, 4, 'BC225 ESQUINERO BASE 225 GADROS CON DOS PUERTAS.', NULL, 1, NULL, 0.00, 0, NULL, 0.00),
(51, 5, 'B24 BASE UN CAJON DOS PUERTAS.', NULL, 1, NULL, 0.00, 0, NULL, 0.00),
(51, 6, 'BS24 BASE SINK  DOS PUERTAS.', NULL, 1, NULL, 0.00, 0, NULL, 0.00),
(51, 7, '2DB24 BASE DOS CAJONES EXTRA GRANDES.', NULL, 1, NULL, 0.00, 0, NULL, 0.00),
(51, 8, 'W1530 GABINETE DE PARED UNA PUERTA.', NULL, 1, NULL, 0.00, 0, NULL, 0.00),
(51, 9, 'W301212 GABINETE DE PARED PARA CAMPANA', NULL, 1, NULL, 0.00, 0, NULL, 0.00),
(51, 10, 'WC225  GABINETE DE PARED ESQUINERO 225 GRADOS DOS PUERTAS.', NULL, 1, NULL, 0.00, 0, NULL, 0.00),
(51, 11, 'GABINETE DE PARED 24', NULL, 1, NULL, 0.00, 0, NULL, 0.00),
(52, 1, 'FABRICACION DE COCINA INTEGRAL EN TRIPLAY DE BIRCH 3/4 CON BISAGRAS OCULTAS Y RIELES DE EXTENCION. PUERTA TIPO MARLET.', NULL, 1, 'Lote', 2750.00, 0, NULL, 2750.00),
(52, 2, 'COLOR DE LA COCINA CHOCOLATE CERRADO.', NULL, 1, 'Lote', 0.00, 0, NULL, 0.00),
(52, 3, 'CUBIERTA DE FORMAICA 4551', NULL, 1, 'Lote', 0.00, 0, NULL, 0.00),
(57, 1, 'Fabricación de cajón  en triplay de birch 1/2 dim w66xH60xD51 1/2. sin pintar  con cuatro cajones  sin riel solo lijado.', NULL, 1, 'Pieza', 150.00, 0, 17, 150.00),
(57, 2, 'fabricación de cajón en triplay de birch de  1/2 con 7 cajones dimensiones proporcionadas por el cliente', NULL, 1, 'Pieza', 150.00, 0, NULL, 150.00),
(57, 3, 'pintura', NULL, 1, 'Lote', 60.00, 0, NULL, 60.00),
(59, 1, 'fabricación de cocina integral en triplay de birch 3/4, y fondos de 1/4, cajones de 3/4 de grosor con rieles de extensión y bisagras ocultas.y jabladeras  de acero inoxidable.', NULL, 1, 'Lote', 2500.00, 0, NULL, 2500.00),
(59, 2, 'puertas tipo shaker', NULL, 1, 'Lote', 0.00, 0, NULL, 0.00),
(59, 3, 'bisagra oculta', NULL, 1, 'Lote', 0.00, 0, NULL, 0.00),
(61, 1, 'COCINA CALAFIA 106-41 COLOR MAPLE,', NULL, 1, 'Lote', 3450.00, 11, NULL, 3450.00),
(61, 2, 'LLEVA CUBIERTA DE GRANITO', NULL, 1, NULL, -300.00, 0, NULL, -300.00),
(61, 3, 'TIENE ALGUNAS MODIFICACIONES.', NULL, 1, NULL, 0.00, 0, NULL, 0.00),
(62, 1, 'CORTE DE REPIZAS DE MELAMINA', NULL, 3, 'Pieza', 50.00, 0, NULL, 150.00),
(63, 1, 'Comedor AP1900P162', NULL, 1, 'Pieza', 8357.10, 0, 12, 8357.10),
(63, 3, 'Bunkbed AC37220P512', NULL, 1, 'Pieza', 9852.30, 0, 12, 9852.30),
(63, 4, 'Bunkbed  AC10170P525', NULL, 1, 'Pieza', 10653.30, 0, 12, 10653.30),
(64, 1, 'Comedor c/6 sillas AC07059P231', NULL, 1, 'Pieza', 21547.00, 0, 12, 21547.00),
(64, 2, 'Comedor AC01280P231', NULL, 1, 'Pieza', 26113.00, 0, 12, 26113.00),
(65, 1, 'Love Seat AC51011P397', NULL, 1, 'Pieza', 7900.00, 0, 12, 7900.00),
(65, 2, 'Chaise AC15802P371', NULL, 1, 'Pieza', 3000.00, 0, 12, 3000.00),
(66, 1, 'fabrcionasdlasjdlkjasljas en calidadjksjdlkas', NULL, 1, 'Lote', 2000.00, 0, NULL, 2000.00),
(67, 1, 'Sofa Negro AC57080-81-82P446 3 pzas', NULL, 1, 'Pieza', 8730.90, 0, 12, 8730.90),
(68, 1, 'Sala AC 1514515146P356', NULL, 1, 'Pieza', 7680.00, 0, 15, 7680.00),
(68, 2, 'Comedor 4 sillas  AC7052570357P238', NULL, 1, 'Pieza', 8190.00, 0, 15, 8190.00),
(68, 3, 'Comedor 4 sillas ACP23716655', NULL, 1, 'Pieza', 8762.00, 0, 15, 8762.00),
(69, 1, 'FABRICACION DE EXHIBIDOR DE MDF CON ACABADO EN LACA COLOR NEGRO.', NULL, 20, 'Pieza', 120.00, 0, NULL, 2400.00),
(69, 2, NULL, NULL, 1, NULL, 0.00, 0, NULL, 0.00),
(70, 1, 'Centro de entretenimiento Mod AC91120P624', NULL, 1, 'Pieza', 2640.00, 0, 12, 2640.00),
(71, 1, 'Compl Finiquito cocina Calafia 106-38', NULL, 1, 'Pieza', 525.00, 11, NULL, 525.00),
(72, 1, 'Finiquito cocina calafia 106-37', NULL, 1, 'Pieza', 1282.50, 11, NULL, 1282.50),
(73, 1, 'Finiquito cocina camalu 104-18', NULL, 1, 'Pieza', 1080.00, 11, NULL, 1080.00),
(74, 1, 'Finiquito cocina mulege 78-08', NULL, 1, 'Pieza', 1237.50, 11, NULL, 1237.50),
(75, 1, 'Finiquito cocina calafia 81-16', NULL, 1, 'Pieza', 1282.50, 11, NULL, 1282.50),
(76, 1, 'Litera Mod AC37090P521', NULL, 1, 'Pieza', 10920.00, 0, 12, 10920.00),
(76, 2, 'Litera Mod AC11954P514', NULL, 1, 'Pieza', 6675.00, 0, 12, 6675.00),
(76, 3, 'Cama Queen Mod AC14300QP68', NULL, 1, 'Pieza', 5526.90, 0, 12, 5526.90),
(76, 4, 'Cajonera Archivero en exhibicion', NULL, 1, 'Pieza', 4000.00, 0, NULL, 4000.00),
(76, 5, 'Cajonera Archivero en exhibicion', NULL, 1, 'Pieza', 4000.00, 0, NULL, 4000.00),
(77, 1, '1 cama individual en exhibicion', NULL, 1, 'Pieza', 4500.00, 0, NULL, 4500.00),
(77, 2, '1 Sillon  futon color chocolate en exhibicion', NULL, 1, 'Pieza', 1800.00, 0, NULL, 1800.00),
(77, 3, '1 cajonera en exhibicion', NULL, 1, 'Pieza', 2200.00, 0, NULL, 2200.00),
(77, 4, '1 juego de pintura negritas', NULL, 1, 'Pieza', 450.00, 0, NULL, 450.00),
(78, 1, 'mueble de baño curvo de 48''''', NULL, 1, 'Pieza', 660.00, 0, NULL, 660.00),
(78, 2, 'mueble de baño de 38''''', NULL, 1, 'Pieza', 440.00, 0, NULL, 440.00),
(79, 1, 'Sala Ac10630P325,10631,00632', NULL, 1, 'Pieza', 16794.30, 0, 12, 16794.30),
(80, 1, 'recamara 1 puertas de closet corredizas', NULL, 1, 'Pieza', 550.00, 0, NULL, 550.00),
(80, 2, 'modulo de melamina con 5  repizas', NULL, 2, 'Pieza', 250.00, 0, NULL, 500.00),
(80, 3, 'recamara dos puerta de closet corredizas', NULL, 1, 'Pieza', 550.00, 0, NULL, 550.00),
(80, 4, 'modulo de melamina con 5 repizas', NULL, 2, 'Pieza', 250.00, 0, NULL, 500.00),
(80, 5, 'walk in closet modulo de melamine', NULL, 2, 'Pieza', 250.00, 0, NULL, 500.00),
(80, 6, 'set de tubos de closet a toda la casa', NULL, 1, 'Lote', 100.00, 0, NULL, 100.00),
(80, 7, 'puertas de entrada a Walk in Closet, estilo shaker, con fijo de policarbonato color bronce', NULL, 1, 'Lote', 550.00, 0, NULL, 550.00),
(80, 8, 'moldura pecho paloma', NULL, 1, 'Lote', 150.00, 0, NULL, 150.00),
(81, 1, '2 espejos 300', NULL, 2, 'Pieza', 100.00, 0, NULL, 200.00),
(81, 2, 'Tapete grueso color vino exhibicion', NULL, 1, 'Pieza', 800.00, 0, 25, 800.00),
(82, 1, 'fabricación de puerta de tambor , incluye marco de madera aldea y puerta de caobilla acabado color rojizo', NULL, 2, 'Pieza', 380.00, 0, NULL, 760.00),
(83, 1, 'dinning set &bar chair (2)', NULL, 1, 'Pieza', 8250.00, 0, 12, 8250.00),
(87, 1, 'Comedor marmol 6 sillas Mod AC70774P228', NULL, 1, 'Pieza', 20078.00, 0, 12, 20078.00),
(87, 2, 'Sala Mod FASM5042 Sofa y LV P371', NULL, 1, 'Pieza', 16821.00, 0, 12, 16821.00),
(88, 1, 'Comedor marmol 6 sillas Mod AC70774P228', NULL, 1, 'Pieza', 20078.00, 0, 12, 20078.00),
(88, 2, 'Sala Mod FASM5042 Sofa y LV P371', NULL, 1, 'Pieza', 16821.00, 0, 12, 16821.00),
(89, 1, 'Comedor 6 sillas Mod FACM3871PTP314', NULL, 1, 'Pieza', 12298.00, 0, 12, 12298.00),
(90, 1, 'comedor manhattan en exhibicion', NULL, 1, 'Pieza', 10500.00, 0, NULL, 10500.00),
(91, 1, 'CALZADO NEGRO #8 Y 7', NULL, 2, 'Pieza', 100.00, 0, NULL, 200.00),
(92, 1, 'Comedor AC70930 c4 sillasP254', NULL, 1, 'Pieza', 8034.00, 0, 20, 8034.00),
(93, 1, 'bancos rojos Mod AC96262P276', NULL, 2, 'Pieza', 1222.00, 0, 20, 2444.00),
(94, 3, 'sofa y love seat f.a377', NULL, 1, 'Lote', 14000.00, 0, NULL, 14000.00),
(95, 1, 'cm2450', NULL, 1, NULL, 7000.00, 0, NULL, 7000.00),
(95, 2, 'cm2450ch', NULL, 1, NULL, 0.00, 0, NULL, 0.00),
(95, 3, 'cm4329-3pk', NULL, 1, NULL, 0.00, 0, NULL, 0.00),
(96, 1, 'artem sofa in expreso  f.a349-sm6071-sf', NULL, 1, 'Pieza', 8300.00, 0, NULL, 8300.00),
(96, 2, 'artem love seat in espresso f.a349-sm6071-lv', NULL, 1, 'Pieza', 0.00, 0, NULL, 0.00),
(96, 3, NULL, NULL, 1, NULL, 0.00, 0, NULL, 0.00),
(97, 1, 'f.a305 mesa y 6 sillas', NULL, 1, 'Lote', 9800.00, 0, NULL, 9800.00),
(97, 2, 'f.a292 mesa y 6 sillas', NULL, 1, 'Lote', 9800.00, 0, NULL, 9800.00),
(97, 3, 'silla f.a504-cm3418sc', NULL, 6, 'Pieza', 1303.00, 0, NULL, 7818.00),
(97, 4, 'mesa manhatan rectangular', NULL, 1, 'Pieza', 2500.00, 0, NULL, 2500.00),
(97, 5, 'silla f.a507-cm3663ac', NULL, 2, 'Pieza', 1624.00, 0, NULL, 3248.00),
(97, 6, 'silla f.a507-cm3663sc', NULL, 4, 'Pieza', 1513.00, 0, NULL, 6052.00),
(98, 1, 'cabecera', NULL, 1, 'Lote', 3500.00, 0, NULL, 3500.00),
(98, 2, 'espejo color chocolate', NULL, 2, 'Pieza', 0.00, 0, NULL, 0.00),
(99, 1, 'f.a queen cams', NULL, 1, 'Pieza', 6000.00, 0, NULL, 6000.00),
(99, 2, 'ac11- cams queen', NULL, 1, 'Pieza', 13260.00, 0, NULL, 13260.00),
(99, 3, 'ac50 cams queen', NULL, 1, 'Pieza', 7700.00, 0, NULL, 7700.00),
(100, 1, 'f.a 191-buffet', NULL, 1, 'Pieza', 5434.00, 0, NULL, 5434.00),
(101, 1, '1 ESPEJO ECONOMICO', NULL, 1, 'Pieza', 100.00, 0, NULL, 100.00),
(102, 1, 'Comedor 6 sillas FA310', NULL, 1, 'Pieza', 16447.00, 0, 12, 16447.00),
(102, 2, 'Comedor con 6 sillas AC220', NULL, 1, 'Pieza', 21974.00, 0, 12, 21974.00),
(102, 3, 'recamara completa FA 10', NULL, 1, 'Lote', 15619.50, 0, 12, 15619.50),
(103, 1, 'Comedor en exhibicion de madera 4 sillas', NULL, 1, 'Pieza', 8000.00, 0, NULL, 8000.00),
(103, 2, 'Banco AC21400847', NULL, 1, NULL, 0.00, 0, NULL, 0.00),
(104, 1, 'Comedor en exhibicion de madera 4 sillas', NULL, 1, 'Pieza', 8000.00, 0, NULL, 8000.00),
(104, 2, 'Banco AC21400847', NULL, 1, NULL, 0.00, 0, NULL, 0.00),
(105, 1, 'Comedor c 6 sillas exhibicion', NULL, 1, 'Pieza', 4685.00, 0, NULL, 4685.00),
(106, 1, 'CajoneraAC30178', NULL, 1, 'Pieza', 6396.00, 0, 15, 6396.00),
(106, 2, 'TV Stand AC02120', NULL, 1, 'Pieza', 2314.00, 0, 15, 2314.00),
(107, 1, 'Comedor 6 sillas AC117', NULL, 1, 'Pieza', 28600.00, 0, 15, 28600.00),
(108, 1, 'Colchon Queen Size 231 chiropractic', NULL, 1, 'Pieza', 1950.00, 0, NULL, 1950.00),
(109, 1, 'Litera FA126 blanca', NULL, 1, 'Pieza', 9000.00, 0, 0, 9000.00),
(109, 2, 'cama individual c trundle y buro AC48330095T', NULL, 1, 'Lote', 9500.00, 0, 0, 9500.00),
(109, 3, 'Cama con tundle AC49330080T', NULL, 1, 'Pieza', 10000.00, 0, NULL, 10000.00),
(109, 4, '3 espejos de $700', NULL, 1, 'Lote', 2100.00, 0, NULL, 2100.00),
(110, 1, '1 espejos multiples', NULL, 1, 'Pieza', 4700.00, 0, 70, 4700.00),
(110, 2, '1 espejo multiple grande', NULL, 1, 'Pieza', 6680.00, 0, 70, 6680.00),
(111, 1, 'SALA AC2875200123', NULL, 1, 'Lote', 53373.00, 0, 12, 53373.00),
(111, 2, 'SALA AC3035020034', NULL, 1, 'Lote', 33668.70, 0, 12, 33668.70),
(112, 1, 'espejo y alfombra', NULL, 1, 'Lote', 700.00, 0, NULL, 700.00),
(113, 1, 'centro de TV AC62006365', NULL, 1, 'Pieza', 3177.00, 0, 12, 3177.00),
(114, 1, 'Cama-closet', NULL, 1, 'Lote', 22860.00, 0, NULL, 22860.00),
(115, 1, 'Silla AC19016836 Gris', NULL, 6, 'Lote', 1100.00, 0, NULL, 6600.00),
(115, 2, 'Silla FA258CM3423CM', NULL, 6, 'Lote', 1100.00, 0, NULL, 6600.00),
(115, 3, 'Silla FA259CM3120SC', NULL, 6, 'Lote', 1100.00, 0, NULL, 6600.00),
(116, 1, 'Espejo economico', NULL, 1, 'Pieza', 350.00, 0, 70, 350.00),
(116, 2, 'Espejo economico', NULL, 1, 'Pieza', 500.00, 0, 70, 500.00),
(117, 1, '1 espejo economico', NULL, 1, 'Pieza', 500.00, 0, 70, 500.00),
(118, 1, 'espejo economico', NULL, 1, 'Pieza', 500.00, 0, 70, 500.00),
(119, 1, 'ESPEJO ECONOMICO GRANDE', NULL, 1, 'Pieza', 500.00, 0, 70, 500.00),
(120, 1, 'espejos economicos de 100', NULL, 2, 'Pieza', 120.00, 0, NULL, 240.00),
(121, 1, 'Love Seat AC33451141', NULL, 1, 'Pieza', 9158.00, 0, 15, 9158.00),
(121, 2, 'Love seat AC41050416', NULL, 1, 'Pieza', 6240.00, 0, 15, 6240.00),
(122, 1, '1 espejo economico', NULL, 1, 'Pieza', 100.00, 0, 0, 100.00),
(123, 1, 'tocador 4 cajones chocolate en exhibicion', NULL, 1, 'Pieza', 3000.00, 0, NULL, 3000.00),
(123, 2, 'Tocador en exhibicion color madera', NULL, 1, 'Pieza', 2000.00, 0, NULL, 2000.00),
(123, 3, 'litera', NULL, 1, 'Pieza', 2000.00, 0, NULL, 2000.00),
(124, 1, 'Cajonera en Color chocolate', NULL, 1, 'Pieza', 1500.00, 0, NULL, 1500.00),
(124, 2, 'Zapato negro #6 1/2', NULL, 1, 'Pieza', 150.00, 0, NULL, 150.00),
(124, 3, '1 espejo economico', NULL, 1, 'Pieza', 100.00, 0, NULL, 100.00),
(125, 1, 'mesa mahathan exibicion color chocolate', NULL, 1, 'Lote', 6500.00, 0, NULL, 6500.00),
(125, 2, 'cama trineo exibicion', NULL, 1, 'Pieza', 3500.00, 0, NULL, 3500.00),
(125, 3, 'box matrimonial', NULL, 1, 'Pieza', 1000.00, 0, NULL, 1000.00),
(125, 4, 'colchon pillow top matrimonial', NULL, 1, 'Pieza', 2200.00, 0, NULL, 2200.00),
(125, 5, 'f7291 sala color chocolate y ottoman', NULL, 1, 'Pieza', 4500.00, 0, NULL, 4500.00),
(125, 6, 'cocina santafe 2 recamaras', NULL, 1, 'Lote', 25000.00, 0, NULL, 25000.00),
(125, 7, 'litera cm-bk524ch', NULL, 1, 'Pieza', 5500.00, 0, NULL, 5500.00),
(125, 8, 'dos colchones para litera', NULL, 2, 'Pieza', 1000.00, 0, NULL, 2000.00),
(125, 9, 'espejo grande color chocolate', NULL, 1, NULL, 3800.00, 0, NULL, 3800.00),
(125, 10, 'pintura al oleo', NULL, 1, NULL, 1800.00, 0, NULL, 1800.00),
(125, 11, 'jarrones decorativos', NULL, 2, NULL, 1400.00, 0, NULL, 2800.00),
(126, 1, NULL, NULL, 1, NULL, 0.00, 0, NULL, 0.00),
(127, 1, 'cama,buro y tocador FA1387166', NULL, 1, 'Lote', 13676.00, 0, 12, 13676.00),
(127, 2, 'bunkbed FA1421135', NULL, 1, 'Pieza', 5720.00, 0, 12, 5720.00),
(127, 3, 'bunkbed AC50737145', NULL, 1, 'Pieza', 14560.00, 0, 12, 14560.00),
(128, 1, 'Juego de mesa de centro FA4384176BK', NULL, 1, 'Lote', 4082.00, 0, 12, 4082.00),
(129, 1, 'espejos economicos 2 chicos y 1 largo', NULL, 3, 'Pieza', 100.00, 0, NULL, 300.00),
(130, 1, 'espejo economico mediano', NULL, 1, 'Pieza', 100.00, 0, NULL, 100.00),
(131, 1, 'espejos economicos 1 mediano y 1 largo', NULL, 2, 'Pieza', 100.00, 0, NULL, 200.00),
(132, 1, 'sofa AC50456P364', NULL, 1, 'Pieza', 6500.00, 0, 12, 6500.00),
(132, 2, 'cHAIR AC50457P364', NULL, 1, 'Pieza', 5100.00, 0, 12, 5100.00),
(133, 1, 'espejo grande negro con vivos oro', NULL, 1, 'Pieza', 1000.00, 0, NULL, 1000.00),
(134, 1, 'comedor c 4 sillas AC70845168', NULL, 1, 'Lote', 7254.00, 0, 12, 7254.00),
(134, 2, 'Comedor c 4 sillas AC70990180', NULL, 1, 'Lote', 9490.00, 0, 12, 9490.00),
(134, 3, 'Mesa con dos bancas AC70347249', NULL, 1, 'Lote', 3770.00, 0, NULL, 3770.00),
(134, 4, 'comedor con 4 sillas AC70995184', NULL, 1, 'Lote', 8814.00, 0, 12, 8814.00),
(134, 5, 'comedor c 4 sillas AC72610145', NULL, 1, 'Lote', 4400.00, 0, NULL, 4400.00),
(134, 6, 'comedor 2 sillas 2 bancos AC170587705477055132', NULL, 1, 'Lote', 12090.00, 0, 12, 12090.00),
(135, 1, 'Sala 05917p416', NULL, 1, 'Pieza', 6474.00, 0, 12, 6474.00),
(135, 2, 'sala 50415p410', NULL, 1, 'Pieza', 6734.00, 0, 12, 6734.00),
(136, 1, 'cm-bk458f-exp     f.a 166', NULL, 1, 'Lote', 389.00, 0, NULL, 389.00),
(136, 2, 'cm-bk458ctr-exp  f.a 166', NULL, 1, 'Lote', 145.00, 0, NULL, 145.00),
(137, 1, 'FA65 CM7815BK-CK, 2 buros, Cajonera, tocador y espejo', NULL, 1, 'Lote', 17000.00, 0, NULL, 17000.00),
(138, 1, 'Tocador tipo cherry en negro', NULL, 1, 'Pieza', 2500.00, 0, NULL, 2500.00),
(139, 1, 'BASE DE CAMA QUEEN COLOR CHOCOLATE CERRADO, HECHO A BASE DE TRIPLAY DE BIRCH 3/4', NULL, 1, 'Pieza', 350.00, 0, NULL, 350.00),
(140, 1, 'BASE DE CAMA QUEEN COLOR CHOCOLATE CERRADO, HECHO A BASE DE TRIPLAY DE BIRCH 3/4', NULL, 1, 'Pieza', 350.00, 0, NULL, 350.00),
(141, 1, 'Recamara completa con 2 buros y TV console AC39', NULL, 1, 'Lote', 38402.00, 0, 12, 38402.00),
(142, 1, 'Sala FA377', NULL, 1, 'Lote', 24310.00, 0, 12, 24310.00),
(142, 2, 'Sala FA350', NULL, 1, 'Lote', 19370.00, 0, 12, 19370.00),
(142, 3, 'Sala AC297', NULL, 1, 'Lote', 44174.00, 0, 12, 44174.00),
(143, 1, 'Recamara completa FA3', NULL, 1, 'Lote', 30004.00, 0, 12, 30004.00),
(143, 2, 'Recamara niña Twin cajon, tocador', NULL, 1, 'Lote', 18150.00, 0, 12, 18150.00),
(143, 3, 'sala colonial AC2514424140', NULL, 1, 'Lote', 46774.00, 0, 12, 46774.00),
(143, 4, 'comedor colonial ac260540', NULL, 1, 'Lote', 60658.00, 0, 12, 60658.00),
(143, 5, 'Sala y Mesas AC345448', NULL, 1, 'Lote', 20670.00, 0, 12, 20670.00),
(143, 6, 'escritorio FA550DK6020', NULL, 1, 'Pieza', 3796.00, 0, 12, 3796.00),
(143, 7, 'Buffet hutch FA1793970hb', NULL, 1, 'Lote', 19136.00, 0, 12, 19136.00),
(143, 8, 'Recamara niño con escritorio y silla FA136', NULL, 1, 'Lote', 26078.00, 0, 12, 26078.00),
(144, 1, 'Cajonera chocolate en exhibicion', NULL, 1, 'Pieza', 3000.00, 0, NULL, 3000.00),
(145, 1, 'Espejo economico largo', NULL, 1, 'Pieza', 100.00, 0, NULL, 100.00),
(146, 1, 'Mesa imitacion marmol en REMATE', NULL, 1, 'Pieza', 1000.00, 0, NULL, 1000.00),
(147, 1, 'Mesa imitacion marmol en REMATE', NULL, 1, 'Pieza', 1000.00, 0, NULL, 1000.00),
(148, 1, 'Mesa imitacion marmol en REMATE', NULL, 1, 'Pieza', 1000.00, 0, NULL, 1000.00),
(149, 1, 'espejos economicos', NULL, 2, 'Pieza', 100.00, 0, 0, 200.00),
(150, 1, 'espejos economicos', NULL, 2, 'Pieza', 100.00, 0, NULL, 200.00),
(151, 1, 'cama, buro y media chest FA51', NULL, 1, 'Lote', 9204.00, 0, 12, 9204.00),
(152, 1, 'cama, buro y media chest', NULL, 1, 'Lote', 9204.00, 0, 12, 9204.00),
(152, 2, 'cofee table', NULL, 1, 'Pieza', 2780.00, 0, 12, 2780.00),
(153, 1, 'Sala L AC41315900', NULL, 1, 'Pieza', 5180.00, 0, 12, 5180.00),
(154, 1, 'Sillon individual FA349', NULL, 1, 'Pieza', 2700.00, 0, NULL, 2700.00),
(155, 1, 'Sofa y Loveseat FA344', NULL, 1, 'Lote', 10920.00, 0, 12, 10920.00),
(155, 2, 'Sofa y Loveseat FA349', NULL, 1, 'Lote', 9828.00, 0, 12, 9828.00),
(156, 1, 'Espejo chocolate de 3 vistas', NULL, 1, 'Pieza', 1100.00, 0, NULL, 1100.00),
(157, 1, 'cajonera con dos cajones de 24''''', NULL, 1, 'Pieza', 0.00, 0, NULL, 0.00),
(157, 2, 'gabinete base de 10'''' una puerta un entrepaño', NULL, 2, 'Pieza', 0.00, 0, NULL, 0.00),
(157, 3, 'acabado en laca color blanco igual al de la cocina', NULL, 1, 'Lote', 550.00, 0, NULL, 550.00),
(158, 1, 'Cama AC8204850Q|', NULL, 1, 'Pieza', 5954.00, 0, 10, 5954.00),
(158, 2, 'Cama FACM7496Q', NULL, 1, 'Pieza', 8190.00, 0, 10, 8190.00),
(159, 1, 'Sala AC41605913', NULL, 1, 'Pieza', 6500.00, 0, 12, 6500.00),
(160, 1, 'cabecera en exhibicion  queen', NULL, 1, 'Pieza', 950.00, 0, NULL, 950.00),
(161, 1, 'Centro de TV AC63091046', NULL, 1, 'Pieza', 4400.00, 0, 12, 4400.00),
(161, 2, 'Centro de TV FA483CM5818', NULL, 1, 'Pieza', 3800.00, 0, 12, 3800.00),
(161, 3, 'Centro de TV FA 470CM5540CH', NULL, 1, 'Pieza', 4342.00, 0, 12, 4342.00),
(162, 1, 'Centro de TV ac 615024740247502476', NULL, 1, 'Lote', 536.00, 0, NULL, 536.00),
(163, 1, 'Sala AC41715065', NULL, 1, 'Pieza', 6994.00, 0, 12, 6994.00),
(163, 2, 'Sala AC41505907', NULL, 1, 'Pieza', 6474.00, 0, 12, 6474.00),
(164, 1, 'Comedor c 4 sillas AC70065224', NULL, 1, 'Lote', 14170.00, 0, 12, 14170.00),
(164, 2, 'Comedor bar FACM3590 4 sillas', NULL, 1, 'Lote', 11544.00, 0, 12, 11544.00),
(165, 1, 'mesa en exhibicion walnut 30"', NULL, 1, 'Pieza', 1500.00, 0, NULL, 1500.00),
(166, 1, 'Sala Seccional AC39851245', NULL, 1, 'Pieza', 16874.00, 0, 12, 16874.00),
(167, 1, 'Recamara AC55 (Cama,Buro,Espejo,tocador,cajonera)', NULL, 1, 'Pieza', 21554.00, 0, 12, 21554.00),
(167, 2, 'Recamara AC56', NULL, 1, 'Pieza', 13754.00, 0, 12, 13754.00),
(168, 1, 'Sala 3 pz AC329', NULL, 1, 'Lote', 30134.00, 0, 12, 30134.00),
(168, 2, 'Sala 3 Pz FA350', NULL, 1, 'Lote', 19370.00, 0, 12, 19370.00),
(169, 1, 'espejos economicos', NULL, 5, 'Pieza', 100.00, 0, NULL, 500.00),
(170, 1, 'cama en exhibicion matrimonial', NULL, 1, 'Pieza', 3500.00, 0, NULL, 3500.00),
(170, 2, 'Colchon matrimonial mod 231 pared negra', NULL, 1, 'Pieza', 1700.00, 0, NULL, 1700.00),
(171, 1, 'Comedor 4 sillas ACP237 16655', NULL, 1, 'Lote', 7550.00, 0, NULL, 7550.00),
(172, 1, 'Mesa Centro AC59507570', NULL, 1, 'Pieza', 5200.00, 0, NULL, 5200.00),
(172, 2, 'Mesa Centro AC59518410', NULL, 1, 'Pieza', 3400.00, 0, NULL, 3400.00),
(172, 3, 'Sofa table AC59507574', NULL, 1, 'Pieza', 5240.00, 0, NULL, 5240.00),
(172, 4, 'End Table AC59507572', NULL, 1, 'Pieza', 3400.00, 0, NULL, 3400.00),
(172, 5, 'Antecomedor AC70325 con 4 sillas', NULL, 1, 'Lote', 3300.00, 0, NULL, 3300.00),
(173, 1, 'remozar cosina en mancha color expreso no incluye interior gabinetes brilló semimate', NULL, 1, 'Lote', 1500.00, 0, NULL, 1500.00),
(173, 2, 'incluye bisagras ocultas', NULL, 1, NULL, 0.00, 0, NULL, 0.00),
(173, 3, 'incluye jabladeras de barra', NULL, 1, NULL, 0.00, 0, NULL, 0.00),
(174, 1, 'PUERTA CORREDIZA   63''''X87''''', NULL, 38, 'Pieza', 22.00, 0, NULL, 838.20),
(174, 2, 'CORTINA 87X28.8', NULL, 17, 'Pieza', 18.00, 0, NULL, 313.20),
(174, 3, 'CORTINA 61X54', NULL, 23, 'Pieza', 18.00, 0, NULL, 412.20),
(174, 4, 'CORTINA DE 45X28', NULL, 9, 'Pieza', 18.00, 0, NULL, 158.40),
(174, 5, 'CORTINA DE 29X29', NULL, 6, 'Pieza', 18.00, 0, NULL, 106.20),
(174, 6, 'CORTINA DE 54X53', NULL, 20, 'Pieza', 18.00, 0, NULL, 358.20),
(174, 7, 'CORTINA DE 54X53', NULL, 20, 'Pieza', 18.00, 0, NULL, 358.20),
(174, 8, 'CORTINA DE 46X53', NULL, 17, 'Pieza', 18.00, 0, NULL, 306.00),
(174, 9, 'CORTINA DE 79X20', NULL, 11, 'Pieza', 18.00, 0, NULL, 198.00),
(174, 10, 'CORTINA DE 29X29', NULL, 6, 'Pieza', 18.00, 0, NULL, 106.20),
(175, 1, 'Shutter Dim.', NULL, 1, 'Pieza', 0.00, 0, NULL, 0.00),
(175, 2, 'Shutter Dim.', NULL, 1, 'Pieza', 0.00, 0, NULL, 0.00),
(175, 3, 'Shutter Dim.', NULL, 1, 'Pieza', 0.00, 0, NULL, 0.00),
(175, 4, 'Shutter Dim.', NULL, 1, 'Pieza', 0.00, 0, NULL, 0.00),
(175, 5, 'Shutter Dim.', NULL, 1, 'Pieza', 0.00, 0, NULL, 0.00),
(175, 6, 'Shutter Dim.', NULL, 1, 'Pieza', 0.00, 0, NULL, 0.00),
(175, 7, 'Shutter Dim.', NULL, 1, 'Pieza', 0.00, 0, NULL, 0.00),
(175, 8, 'Shutter Dim.', NULL, 1, 'Pieza', 0.00, 0, NULL, 0.00),
(175, 9, 'Shutter Dim.', NULL, 1, 'Pieza', 0.00, 0, NULL, 0.00),
(175, 10, 'Shutter Dim.', NULL, 1, 'Pieza', 0.00, 0, NULL, 0.00),
(176, 1, 'Suministro y Fabricación de cubierta de granito para barra.', NULL, 1, 'Lote', 340.00, 0, NULL, 340.00),
(177, 1, 'Accent chair gabir ac66359077', NULL, 1, 'Pieza', 2600.00, 0, 12, 2600.00),
(178, 1, 'Cama AC7920420Q', NULL, 1, 'Pieza', 7320.00, 0, NULL, 7320.00),
(178, 2, 'Comedor marmol con 6 sillas blancas en exhibicion', NULL, 1, 'Pieza', 10000.00, 0, NULL, 10000.00),
(178, 3, 'Cama metal individual en exhibicion con colchon', NULL, 1, 'Pieza', 2950.00, 0, NULL, 2950.00),
(179, 1, 'Mostrador en color chocolate, en triplay de birch y cubierta porsformada de formaica. con dimensiones de 100'''' x 55''''.', NULL, 1, 'Lote', 1300.00, 16, 16, 1300.00),
(179, 2, 'Barra para comedor con una cajonera de 4 y cubierta postformada.', NULL, 1, 'Lote', 550.00, 0, NULL, 550.00),
(179, 3, 'mesa de trabajo con cubierta de formaica gris', NULL, 1, 'Lote', 350.00, 0, NULL, 350.00),
(180, 1, 'Sala en L AC41315900', NULL, 1, 'Pieza', 10400.00, 0, 12, 10400.00),
(180, 2, 'Sofa Barcelona Sussex chocolate GR1', NULL, 1, 'Pieza', 8450.00, 0, NULL, 8450.00),
(181, 1, 'Cama Indivuidual Metal', NULL, 1, 'Pieza', 1700.00, 0, NULL, 1700.00),
(181, 2, 'Flete', NULL, 1, 'Pieza', 150.00, 0, NULL, 150.00),
(182, 1, 'Comedor vidrio c/8 sillas AC19470610', NULL, 1, 'Lote', 8034.00, 0, 12, 8034.00),
(182, 2, 'Sala FA347 Sofa y Chair', NULL, 1, 'Lote', 10894.00, 0, 12, 10894.00),
(182, 3, 'Sala Secc AC414 51210', NULL, 1, 'Lote', 7514.00, 0, 12, 7514.00),
(182, 4, 'Sofa secc ac 417 15068', NULL, 1, 'Lote', 6994.00, 0, 12, 6994.00),
(183, 1, 'Cama AC81 21270Q', NULL, 1, 'Pieza', 6734.00, 0, 12, 6734.00),
(184, 1, 'Sala Completa AC16 501555657', NULL, 1, 'Lote', 44174.00, 0, 12, 44174.00),
(184, 2, 'Recamara completa AC 15', NULL, 1, 'Lote', 69758.00, 0, 12, 69758.00),
(185, 1, 'Multiespejo de 8', NULL, 1, 'Pieza', 2000.00, 0, NULL, 2000.00),
(186, 1, 'Cama trineo en exhibicion', NULL, 1, 'Pieza', 3500.00, 0, NULL, 3500.00),
(186, 2, 'colchon combo', NULL, 1, 'Pieza', 1650.00, 0, NULL, 1650.00),
(186, 3, 'daybed AC497 02076W', NULL, 1, 'Pieza', 1300.00, 0, NULL, 1300.00),
(186, 4, 'colchon ind combo', NULL, 1, 'Pieza', 1500.00, 0, NULL, 1500.00),
(187, 1, 'modelo versallers gr4 chocolate 2.20 x 1.90', NULL, 1, 'Lote', 14169.60, 0, NULL, 14169.60),
(188, 1, 'Buro AC3220213', NULL, 1, 'Pieza', 3000.00, 0, 0, 3000.00),
(188, 2, 'Mesa centro AC56580187', NULL, 1, 'Pieza', 4400.00, 0, NULL, 4400.00),
(189, 1, 'Sofa Reclinable AC32510630', NULL, 1, 'Pieza', 7800.00, 0, 12, 7800.00),
(189, 2, 'Sillon ind recl AC42959092', NULL, 1, 'Pieza', 4940.00, 0, 12, 4940.00),
(190, 1, 'Sofa chocolate e indiv exhibicion', NULL, 1, 'Lote', 6800.00, 0, NULL, 6800.00),
(191, 1, 'mesa esquinera AC60380305', NULL, 1, 'Pieza', 1200.00, 11, NULL, 1200.00),
(192, 1, 'Recamara completa c 2 buros AC131240', NULL, 1, 'Lote', 54132.00, 0, 12, 54132.00),
(193, 1, 'Recamara con 2 buroes Ac40queen', NULL, 1, 'Lote', 32188.00, 0, 12, 32188.00),
(193, 2, 'Recamara con 2 buroes FA34', NULL, 1, 'Lote', 38480.00, 0, 12, 38480.00),
(194, 1, 'Comedor c 4 sillas AC24506848', NULL, 1, 'Lote', 5200.00, 0, NULL, 5200.00),
(194, 2, 'Barra c 6 sillas AC25710232235', NULL, 1, 'Lote', 12766.00, 0, NULL, 12766.00),
(195, 1, 'BURO P39', NULL, 2, 'Pieza', 146.00, 0, 5, 292.00),
(195, 2, 'CAMA QUEEN P39', NULL, 1, 'Pieza', 334.00, 0, 20, 334.00),
(195, 3, 'TOCADOR P39', NULL, 1, 'Pieza', 448.00, 0, 20, 448.00),
(195, 4, 'ESPEJO P39', NULL, 1, 'Pieza', 122.00, 0, 20, 122.00),
(195, 5, 'CAJONERA P39', NULL, 1, 'Pieza', 400.00, 0, 25, 400.00),
(196, 1, 'Comedor con extension en exhibicion', NULL, 1, 'Lote', 4000.00, 0, NULL, 4000.00),
(197, 1, 'Bed Day AC49702076W', NULL, 1, 'Pieza', 1170.00, 0, NULL, 1170.00),
(197, 2, 'Colchon combo individual', NULL, 1, 'Pieza', 1500.00, 0, NULL, 1500.00),
(198, 1, 'CAMA FA11', NULL, 1, 'Pieza', 345.00, 0, 40, 345.00),
(198, 2, 'BURO FA11', NULL, 1, 'Pieza', 106.00, 0, NULL, 106.00),
(198, 3, 'TOCADOR FA11', NULL, 1, 'Pieza', 300.00, 0, NULL, 300.00),
(198, 4, 'ESPEJO FA11', NULL, 1, 'Pieza', 86.00, 0, NULL, 86.00),
(199, 1, 'BURO FA11', NULL, 1, 'Pieza', 106.00, 0, NULL, 106.00),
(199, 2, 'TOCADOR FA11', NULL, 1, 'Pieza', 300.00, 0, NULL, 300.00),
(199, 3, 'ESPEJO FA11', NULL, 1, 'Pieza', 86.00, 0, NULL, 86.00),
(199, 4, 'CAMA DE EXHIBICION', NULL, 1, 'Pieza', 376.00, 0, 25, 376.00),
(200, 1, 'REPINTAR CAJONERA COLOR NEGRO MATE', NULL, 1, 'Pieza', 100.00, 0, 0, 100.00),
(201, 1, 'test', NULL, 1, 'Pieza', 100.00, 0, 16, 100.00);

-- --------------------------------------------------------

--
-- Estructura de tabla para la tabla `erp_sale_orders`
--

CREATE TABLE IF NOT EXISTS `erp_sale_orders` (
  `sale_order_id` int(11) NOT NULL AUTO_INCREMENT,
  `quote_id` int(11) DEFAULT NULL,
  `sale_order_folio` varchar(20) DEFAULT NULL,
  `sale_order_title` varchar(128) DEFAULT NULL,
  `sale_order_description` varchar(1024) DEFAULT NULL,
  `sale_order_date` date DEFAULT NULL,
  `sale_order_due_date` date DEFAULT NULL,
  `sale_order_delivery` smallint(6) DEFAULT NULL,
  `sale_order_delivery_date` date DEFAULT NULL,
  `customer_id` int(11) DEFAULT NULL,
  `sale_order_status` varchar(16) DEFAULT NULL,
  `sale_order_total` decimal(12,2) DEFAULT NULL,
  `sale_order_cdate` datetime DEFAULT NULL,
  `sale_order_terms` varchar(1024) DEFAULT NULL,
  `user_id` int(11) DEFAULT NULL,
  `sale_order_detail_last_id` int(11) DEFAULT '0',
  `sale_order_lmdate` date DEFAULT NULL,
  `currency_id` int(11) DEFAULT '1',
  `sale_order_payment_type` int(11) DEFAULT NULL,
  `employee_id` int(11) DEFAULT NULL,
  `place_id` int(11) DEFAULT NULL,
  `sale_order_exchange_rate` decimal(12,2) DEFAULT NULL,
  `sale_order_subtotal` decimal(12,2) DEFAULT NULL,
  `sale_order_taxes` decimal(10,2) DEFAULT NULL,
  `sale_order_discounts` decimal(10,2) DEFAULT NULL,
  `sale_order_total_dlls` decimal(12,2) DEFAULT NULL,
  `contract_id` int(11) DEFAULT NULL,
  `contract_printed` int(1) DEFAULT NULL,
  `tax_id` tinyint(4) DEFAULT NULL,
  `sale_order_type` varchar(32) DEFAULT NULL,
  PRIMARY KEY (`sale_order_id`)
) ENGINE=InnoDB  DEFAULT CHARSET=latin1 AUTO_INCREMENT=136 ;

--
-- Volcado de datos para la tabla `erp_sale_orders`
--

INSERT INTO `erp_sale_orders` (`sale_order_id`, `quote_id`, `sale_order_folio`, `sale_order_title`, `sale_order_description`, `sale_order_date`, `sale_order_due_date`, `sale_order_delivery`, `sale_order_delivery_date`, `customer_id`, `sale_order_status`, `sale_order_total`, `sale_order_cdate`, `sale_order_terms`, `user_id`, `sale_order_detail_last_id`, `sale_order_lmdate`, `currency_id`, `sale_order_payment_type`, `employee_id`, `place_id`, `sale_order_exchange_rate`, `sale_order_subtotal`, `sale_order_taxes`, `sale_order_discounts`, `sale_order_total_dlls`, `contract_id`, `contract_printed`, `tax_id`, `sale_order_type`) VALUES
(13, 17, 'SO-13', 'FABRICACION DE CLOSET', 'TODO TRABAJO REQUIERE 50% DE ANTICIPO 35% EN PINTURA Y EL 15 % AL FINALIZAR, CUALQUIER CAMBIO PUEDE AUMENTAR O DISMINUIR EL PRECIO. SEGUN LO ACORDADO.', '2013-09-25', NULL, NULL, NULL, 40, 'Aprobada', 900.00, '2013-10-07 15:56:19', 'SE REQUIERE EL 50 % DE ANTICIPO EL 35% EN PINTURA Y EL 15% AL FINALIZAR.', 52, 0, '2013-11-12', 2, NULL, NULL, 4, 0.00, 900.00, 0.00, 0.00, 0.00, 3, NULL, NULL, NULL),
(14, 12, 'SO-14', 'COCINA 151-30', 'CUALQUIER MODIFICACION EXTRATA PUERDE CAMBIAR EL PRECIO ESTABLECIDO.', '2013-09-30', NULL, NULL, NULL, 32, 'Aprobada', 3366.13, '2013-10-07 16:13:06', 'CAMBIOS EXTRAS.\nPINTAR COLOR BLANCO HUESO.\nGABINETES DE 12 PULGADAS CONVERTIRLO EN 18 PULGADAS DE ANCHO.\nHACER GABINETE DE 18 PULGADAS A 30 PULGADAS ELIMINANDO REPISAS.\nFABRICACION DE CAVA A UN LADO DE LA BARRA.\nDEJAR PREPARADO CUBIERTA PARA QUE BAJE EL LATERAL DE LA BARRA.\nPONER CROW MOLDING A TODA LA COCINA, PECHO PALOMA.', 52, 0, '2013-10-07', 2, NULL, NULL, 4, NULL, 3102.13, 264.00, 0.00, 43759.69, NULL, NULL, NULL, NULL),
(15, 18, 'SO-15', 'COCINA INTEGRAL', 'TIEMPO DE ENTREGA UN MES UNA SEMANA', '2013-10-01', NULL, NULL, NULL, 41, 'Aprobada', 4000.00, '2013-10-07 17:03:20', 'NO INCLUYEN INSTALACIONES ELECTRICAS O DE PLOMERIA, CUALQUIER CAMBIO PUEDE AUMENTAR O DISMINUIR EL PRESUPUESTO ESTABLESIDO. TIEMPO DE ENTREGA 1 MES UNA SEMANA', 52, 0, '2013-10-07', 2, NULL, NULL, 4, NULL, 4000.00, 0.00, 0.00, NULL, NULL, NULL, NULL, NULL),
(16, 19, 'COT-19', 'COCINA CUSTOM CAMALU 146-4', NULL, '2013-08-22', NULL, NULL, NULL, 32, 'Aprobada', 7940.00, '2013-10-07 17:17:19', NULL, 52, 0, NULL, 2, NULL, NULL, NULL, NULL, 7500.00, 440.00, 0.00, NULL, NULL, NULL, NULL, NULL),
(17, 20, 'SO-17', 'REMODELACION DE COCINA INTEGRAL', NULL, '2013-09-18', NULL, NULL, NULL, 42, 'Aprobada', 1500.00, '2013-10-07 20:10:48', 'TODO TRABAJO REQUIERE EL 50% DE ANTICIPO EL 35 % EN PINTURA Y EL 15 % AL FINALIZAR, CUALQUIER MODIFICACION PUEDE AUMENTAR O DISMINUIR EL PRECIO.', 52, 0, '2013-10-07', 2, NULL, NULL, 4, 12.50, 1500.00, 0.00, 0.00, 18750.00, NULL, NULL, NULL, NULL),
(18, 21, 'SO-18', 'REMODELACION COCINA INTEGRAL.', 'SE RECOJERAN PUERTAS EL 9 DE OCTUBRE DESPUES DE LA 5 PM.', '2013-09-18', NULL, NULL, NULL, 43, 'Aprobada', 900.00, '2013-10-07 23:14:43', 'TODO TRABAJO REQUIERE EL 50% DE ANTICIPO EL 35 % EN PINTURA Y EL 15% AL FINALIZAR.', 52, 0, '2013-10-07', 2, NULL, NULL, 4, NULL, 900.00, 0.00, 0.00, NULL, NULL, NULL, NULL, NULL),
(19, 22, 'SO-19', 'COCINA INTEGRAL', NULL, '2013-07-07', NULL, NULL, NULL, 44, 'Aprobada', 4200.00, '2013-10-07 23:29:57', 'SE REQUIERE EL 50% DE ANTICIPO EL 35% EN PINTURA Y EL 15% AL FINALIZAR.\n\nESTE PRESUPUESTO PUEDE CAMBIAR SI SE MODIFICAN LOS TERMINOS PACTADOS.', 52, 0, '2013-10-07', 2, NULL, NULL, 4, 13.00, 4200.00, 0.00, 0.00, 54600.00, NULL, NULL, NULL, NULL),
(20, 23, 'SO-20', 'REMOZAR PIANO DE JUGUETE', NULL, '2013-10-02', NULL, NULL, NULL, 45, 'Aprobada', 888.00, '2013-10-07 23:34:38', 'DEJO UN PIANO PARA REMODELACION CON TRES PATAS', 52, 0, '2013-10-07', 1, NULL, NULL, 4, NULL, 800.00, 88.00, 0.00, NULL, NULL, NULL, NULL, NULL),
(21, 24, 'SO-21', 'CAMA QUUEN', NULL, '2013-10-08', NULL, NULL, NULL, NULL, 'Cancelada', 10500.00, '2013-10-08 01:13:57', NULL, 52, 0, '2013-10-09', 2, NULL, NULL, 4, 13.00, 10500.00, 0.00, 0.00, 136500.00, NULL, NULL, NULL, NULL),
(22, 25, 'SO-22', 'COCINA, PISO LAMINADO', NULL, '2013-10-08', NULL, NULL, NULL, 47, 'Aprobada', 3650.00, '2013-10-08 18:51:49', 'TODO TRABAJO REQUIERE EL 50% DE ANTICIPO, 35% EN PINTURA Y EL 15 % AL FINALIZAR.', 52, 0, '2013-10-08', 2, NULL, NULL, 4, NULL, 3650.00, 0.00, 0.00, NULL, NULL, NULL, NULL, NULL),
(23, 26, 'SO-23', 'SOFA CAMA EN EXHIBICION', 'sofa sin garantia', '2013-10-08', NULL, NULL, NULL, 48, 'Cancelada', 159.00, '2013-10-08 23:58:53', 'TRABAJO SIN GARANTIA X EXHIBICION', 54, 0, '2013-10-09', 2, NULL, NULL, 2, 13.50, 150.00, 16.50, 7.50, 2146.50, NULL, NULL, NULL, NULL),
(24, 24, 'SO-24', 'REMODELACION DE ALCENA BLANCA PINTAR COLOR CHOCOLATE', NULL, '2013-10-08', NULL, NULL, NULL, 46, 'Aprobada', 100.00, '2013-10-09 00:09:20', NULL, 52, 0, '2013-10-12', 2, NULL, NULL, 4, NULL, 100.00, 0.00, 0.00, NULL, NULL, NULL, NULL, NULL),
(25, 27, 'COT-27', 'Sillon Reclinable', NULL, '2013-10-09', NULL, NULL, NULL, 48, 'Aprobada', 3400.00, '2013-10-09 17:32:54', 'Sillon reclinable sin garantia por estar en exhibicion.', 54, 0, NULL, 1, NULL, NULL, NULL, 13.50, 3400.00, 0.00, 0.00, 251.85, NULL, NULL, NULL, NULL),
(26, 28, 'SO-26', '', NULL, '2013-10-09', NULL, NULL, NULL, 49, 'Cancelada', 0.00, '2013-10-09 21:25:42', NULL, 52, 0, '2013-10-09', 2, NULL, NULL, NULL, NULL, 0.00, 0.00, 0.00, NULL, NULL, NULL, NULL, NULL),
(27, 29, 'SO-27', 'REMOZAR DOS MESAS DE CENTRO', NULL, '2013-10-12', NULL, NULL, NULL, 51, 'Aprobada', 60.00, '2013-10-12 20:58:04', 'EL CLIENTE RECOGERA LAS MESAS EN EL TALLER.', 52, 0, '2013-10-12', 2, NULL, NULL, NULL, NULL, 60.00, 0.00, 0.00, NULL, NULL, NULL, NULL, NULL),
(29, 31, 'SO-29', 'REMOZAR SILLA', NULL, '2013-10-14', NULL, NULL, NULL, 52, 'Aprobada', 450.00, '2013-10-14 17:24:12', NULL, 52, 0, '2013-10-14', 1, NULL, NULL, 4, NULL, 450.00, 0.00, 0.00, NULL, NULL, NULL, NULL, NULL),
(30, 32, 'COT-32', 'PIEZA PARA BURRO DE PLANCHAR', NULL, '2013-10-14', NULL, NULL, NULL, 53, 'Aprobada', 240.00, '2013-10-14 17:28:53', NULL, 52, 0, NULL, 1, NULL, NULL, NULL, NULL, 240.00, 0.00, 0.00, NULL, NULL, NULL, NULL, NULL),
(31, NULL, 'SO-##', 'Orden de venta de prueba', 'orden de venta de prueba', '2014-03-13', NULL, NULL, NULL, 40, 'Pendiente', 3500.00, '2013-10-15 03:13:28', NULL, 46, 0, NULL, 2, NULL, NULL, 4, 12.50, 3500.00, 0.00, 0.00, 43750.00, NULL, NULL, NULL, NULL),
(32, 34, 'COT-34', 'Cocina Integral', NULL, '2013-10-14', NULL, NULL, NULL, 54, 'Cancelada', 2287.50, '2013-10-15 21:27:45', 'todo trabajo requiere el 50% de anticipo el 35% en pintura y el 15% al finalizar. no incluye accesorios internos ni modificaciones eléctricas o de plomería. cualquier modificación al diseño puede cambiar el precio según lo estipulado. todas las bisagras son ocultas, los rieles son de extensión de 60lb, y llevara jabladeras de barra de 7''''.', 52, 0, NULL, 2, NULL, NULL, NULL, 13.00, 3050.00, 0.00, 762.50, 29737.50, NULL, NULL, NULL, NULL),
(33, 35, 'SO-33', 'MUEBLES PARA ARMADURA ROMANA', NULL, '2013-10-15', NULL, NULL, NULL, 55, 'Aprobada', 5700.00, '2013-10-15 23:35:19', 'SE REQUIERE EL 50% DE ANTICIPO EL 35% EN PINTURA Y EL 15% AL FINALIZAR.\nEL TIEMPO DE ENTREGA ES 16 DE DICIEMBRE DEL 2013. LOS VIDRIOS CON PELICULA DE 3/16 DE GROSOR.', 52, 0, '2013-10-15', 2, NULL, NULL, 4, NULL, 5700.00, 0.00, 0.00, NULL, NULL, NULL, NULL, NULL),
(34, 36, 'SO-34', 'Cocina Camalu 154-15', NULL, '2013-10-11', NULL, NULL, NULL, 32, 'Aprobada', 2664.00, '2013-10-16 22:35:23', NULL, 52, 0, '2013-10-16', 2, NULL, NULL, 4, NULL, 2400.00, 264.00, 0.00, NULL, NULL, NULL, NULL, NULL),
(35, 26, 'SO-35', 'SOFA CAMA EN EXHIBICION', 'EL ARTICULO SE LA  ASI COO O OE', '2013-10-18', NULL, NULL, NULL, 48, 'Cancelada', 3080.00, '2013-10-18 16:33:39', 'TRABAJO SIN GARANTIA X EXHIBICION', 54, 0, '2013-10-18', 1, NULL, NULL, 2, 13.00, 3500.00, 0.00, 420.00, 236.92, NULL, NULL, NULL, NULL),
(36, 37, 'SO-36', 'CLOSET MELAMINA  156-4', NULL, '2013-10-09', NULL, NULL, NULL, 32, 'Aprobada', 1600.00, '2013-10-21 22:17:56', NULL, 52, 0, '2013-10-21', 2, NULL, NULL, 4, NULL, 1600.00, 0.00, 0.00, NULL, NULL, NULL, NULL, NULL),
(37, 38, 'SO-37', 'SINK Y MEZCLADORA', 'SE LE DEJARON AL ARQUI AGUIRRE PARA UNOS CLIENTES', '2013-10-21', NULL, NULL, NULL, 61, 'Aprobada', 351.10, '2013-10-21 22:46:15', NULL, 55, 0, '2013-11-08', 2, NULL, NULL, 4, NULL, 490.00, 0.00, 138.90, NULL, NULL, NULL, NULL, NULL),
(38, 26, 'SO-38', 'Reforzar mueble', NULL, '2013-10-18', NULL, NULL, NULL, 48, 'Aprobada', 500.00, '2013-10-23 16:25:58', '', 52, 0, '2013-11-01', 1, NULL, NULL, 4, 12.40, 500.00, 0.00, 0.00, 40.32, NULL, NULL, NULL, NULL),
(39, 39, 'COT-39', 'CUBIERTA DE GRANITO', NULL, '2013-10-23', NULL, NULL, NULL, 42, 'Aprobada', 776.00, '2013-10-26 19:15:06', NULL, 52, 0, NULL, 2, NULL, NULL, NULL, NULL, 776.00, 0.00, 0.00, NULL, NULL, NULL, NULL, NULL),
(40, 45, 'COT-45', 'fabricación de  ventanas', NULL, '2013-10-29', NULL, NULL, NULL, 67, 'Aprobada', 1600.00, '2013-10-29 19:25:04', NULL, 52, 0, NULL, 1, NULL, NULL, NULL, NULL, 1600.00, 0.00, 0.00, NULL, NULL, NULL, NULL, NULL),
(41, 17, 'COT-17', 'FABRICACION DE CLOSET', NULL, '2013-09-25', NULL, NULL, NULL, 40, 'Aprobada', 900.00, '2013-10-29 21:12:34', 'SE REQUIERE EL 50 % DE ANTICIPO EL 35% EN PINTURA Y EL 15% AL FINALIZAR.', 52, 0, NULL, 2, NULL, NULL, NULL, 0.00, 900.00, 0.00, 0.00, 0.00, NULL, NULL, NULL, NULL),
(42, 47, 'SO-42', 'reforzar patas de silla', NULL, '2013-11-01', NULL, NULL, NULL, 69, 'Aprobada', 1520.00, '2013-11-01 18:41:47', 'no incluye pintura solo la compostura.', 52, 0, '2013-11-01', 1, NULL, NULL, 4, NULL, 1520.00, 0.00, 0.00, NULL, NULL, NULL, NULL, NULL),
(43, 48, 'SO-43', 'Cotizacion Dresser en exhibicion cherry', NULL, '2013-11-01', NULL, NULL, NULL, 71, 'Aprobada', 2500.00, '2013-11-01 19:07:33', NULL, 54, 0, '2013-11-01', 1, NULL, NULL, 2, NULL, 2500.00, 0.00, 0.00, NULL, NULL, NULL, NULL, NULL),
(44, 50, 'SO-44', 'cocina integral', NULL, '2013-11-01', NULL, NULL, NULL, 72, 'Aprobada', 4800.00, '2013-11-02 01:24:08', 'TODO TRABAJO REQUIERE EL 50% DE ANTICIPO Y EL 35% EN PINTURA Y EL 15% AL FINALIZAR', 52, 0, '2013-12-06', 2, NULL, NULL, 4, NULL, 4800.00, 0.00, 0.00, NULL, 1, NULL, NULL, NULL),
(45, 52, 'COT-52', 'COCINA MULEGE 78-08', NULL, '2013-11-04', NULL, NULL, NULL, 74, 'Aprobada', 2750.00, '2013-11-04 17:15:14', 'TODO TRABAJO REQUIERE EL 50% DE ANTICIPO Y EL 50 % AL FINALIZAR.', 52, 0, NULL, 2, NULL, NULL, NULL, NULL, 2750.00, 0.00, 0.00, NULL, NULL, NULL, NULL, NULL),
(46, 57, 'COT-57', 'Cajon para fotos', NULL, '2013-11-04', NULL, NULL, NULL, 75, 'Aprobada', 275.25, '2013-11-04 21:56:29', 'todo trabajo requiere el 50% de anticipo y el 50 % al finalizar.', 52, 0, NULL, 2, NULL, NULL, NULL, NULL, 300.00, 0.00, 24.75, NULL, NULL, NULL, NULL, NULL),
(47, 58, 'SO-47', 'sala', NULL, '2013-11-05', NULL, NULL, NULL, 78, 'Aprobada', 1000.00, '2013-11-06 00:24:05', NULL, 54, 0, '2013-11-06', 1, NULL, NULL, 2, 13.00, 1000.00, 0.00, 0.00, 76.92, 1, NULL, NULL, NULL),
(48, 59, 'SO-48', 'cocina chocolate', NULL, '2013-11-05', NULL, NULL, NULL, 79, 'Aprobada', 2500.00, '2013-11-06 03:28:51', 'todo trabajo requiere el 50% de anticipo y el 35% de pintura y el 15% al finalizar.', 52, 0, '2013-11-06', 2, NULL, NULL, 4, 12.50, 2500.00, 0.00, 0.00, 31250.00, 2, NULL, NULL, NULL),
(49, 56, 'COT-56', 'Cajon para fotos', NULL, '2013-11-04', NULL, NULL, NULL, 75, 'Aprobada', 274.50, '2013-11-06 16:54:43', 'todo trabajo requiere el 50% de anticipo y el 50 % al finalizar.', 46, 0, NULL, 2, NULL, NULL, NULL, NULL, 300.00, 0.00, 25.50, NULL, NULL, NULL, NULL, NULL),
(50, 60, 'SO-50', 'Sala Futon Chocolate', 'pieza en outlet!!', '2013-11-06', NULL, NULL, NULL, 78, 'Aprobada', 3885.00, '2013-11-06 17:41:32', 'Pieza en Outlet!', 54, 0, '2013-11-06', 1, NULL, NULL, 2, 13.00, 3500.00, 385.00, 0.00, 298.85, 3, NULL, NULL, NULL),
(51, 61, 'SO-51', 'COCINA CALAFIA 106-41', NULL, '2013-11-08', NULL, NULL, NULL, 57, 'Aprobada', 3529.50, '2013-11-06 22:32:28', NULL, 52, 0, '2013-11-10', 2, NULL, NULL, 4, NULL, 3150.00, 379.50, 0.00, NULL, 2, NULL, NULL, NULL),
(52, 51, 'SO-52', 'COCINA INTEGRAL', NULL, '2013-11-01', NULL, NULL, NULL, 73, 'Aprobada', 2500.00, '2013-11-08 03:11:53', 'TODO TRABAJO REQUIERE EL 50% DE ANTICIPO EL 35% EN PINTURA Y EL 15% AL FINALIZAR. ESTE TRABAJO PUEDE AUMENTAR O DISMINUIR SI S E MODIFICA EL PRESUPUESTO ORIGINAL. NO INCLUYE ACCESORIOS INTERNOS NI INSTALACIONES ELECTRICAS O DE PLOMERIA.', 55, 0, '2013-11-08', 2, NULL, NULL, 4, NULL, 2500.00, 0.00, 0.00, NULL, 3, NULL, NULL, NULL),
(53, 28, 'SO-53', '104-18 cocina camalu roja con negro', 'sra lucero', '2013-10-28', NULL, NULL, NULL, 57, 'Aprobada', 9864.00, '2013-11-08 23:04:18', 'cualquier cambio o modificación puede disminuir o aumentar el precio, no incluye accesorios internos o instalaicones eléctricas o de plomería.', 52, 0, '2013-11-22', 2, NULL, NULL, 4, NULL, 9292.79, 571.21, 0.00, NULL, 1, NULL, NULL, NULL),
(54, 62, 'SO-54', 'CORTE DE REPIZAS', NULL, '2013-11-08', NULL, NULL, NULL, 80, 'Aprobada', 150.00, '2013-11-08 23:41:19', NULL, 52, 0, '2013-11-08', 1, NULL, NULL, 4, NULL, 150.00, 0.00, 0.00, NULL, NULL, NULL, NULL, NULL),
(55, 66, 'SO-55', 'cocina', NULL, '2013-11-11', NULL, NULL, NULL, 84, 'Aprobada', 2000.00, '2013-11-12 01:01:35', '50 % anticipo 35 % en pintura 15 al finalizar', 52, 0, '2013-11-12', 2, NULL, NULL, 4, NULL, 2000.00, 0.00, 0.00, NULL, 2, NULL, NULL, NULL),
(56, 65, 'COT-65', 'Sofa y chaise', NULL, '2013-11-10', NULL, NULL, NULL, 83, 'Aprobada', 9592.00, '2013-11-12 01:38:31', NULL, 52, 0, NULL, 1, NULL, NULL, NULL, NULL, 10900.00, 0.00, 1308.00, NULL, NULL, NULL, NULL, NULL),
(57, 71, 'SO-57', 'Compl Finiquito Cocina Calafia 106-38', NULL, '2013-11-08', NULL, NULL, NULL, 57, 'Aprobada', 582.75, '2013-11-14 01:19:56', NULL, 54, 0, '2013-11-14', 2, NULL, NULL, 4, 13.00, 525.00, 57.75, 0.00, 7575.75, 1, NULL, NULL, NULL),
(58, 72, 'SO-58', 'Finiquito cocina calafia 106-37', NULL, '2013-11-08', NULL, NULL, NULL, 57, 'Aprobada', 1423.58, '2013-11-14 01:26:04', NULL, 54, 0, '2013-11-14', 2, NULL, NULL, 4, 13.00, 1282.50, 141.08, 0.00, 18506.48, 1, NULL, NULL, NULL),
(59, 73, 'SO-59', 'Finiquito cocina camalu 104-18', NULL, '2013-11-08', NULL, NULL, NULL, 57, 'Aprobada', 1198.80, '2013-11-14 01:28:30', NULL, 54, 0, '2013-11-14', 2, NULL, NULL, 4, 13.00, 1080.00, 118.80, 0.00, 15584.40, 1, NULL, NULL, NULL),
(60, 74, 'SO-60', 'Finiquito cocina mulege 78-08', NULL, '2013-11-08', NULL, NULL, NULL, NULL, 'Aprobada', 1373.63, '2013-11-14 01:31:26', NULL, 54, 0, '2013-11-14', 2, NULL, NULL, 4, 13.00, 1237.50, 136.13, 0.00, 17857.13, 1, NULL, NULL, NULL),
(61, 75, 'SO-61', 'Finiquito cocina calafia 81-16', NULL, '2013-11-08', NULL, NULL, NULL, 89, 'Aprobada', 1423.58, '2013-11-14 01:36:22', NULL, 54, 0, '2013-11-14', 2, NULL, NULL, 4, 13.00, 1282.50, 141.08, 0.00, 18506.48, 1, NULL, NULL, NULL),
(62, 77, 'SO-62', 'Cama,sillon, chest y pinturas', 'El cliente se llevo el mismo sus productos', '2013-11-15', NULL, NULL, NULL, 91, 'Aprobada', 8950.00, '2013-11-16 01:38:56', NULL, 51, 0, '2013-11-16', 1, NULL, NULL, 2, 13.00, 8950.00, 0.00, 0.00, 688.46, 3, NULL, NULL, NULL),
(63, 80, 'SO-63', '151-42', '', '2013-11-16', NULL, NULL, NULL, 32, 'Aprobada', 3250.00, '2013-11-16 21:21:44', NULL, 52, 0, '2013-11-16', 2, NULL, NULL, 4, NULL, 3250.00, 0.00, 0.00, NULL, 1, NULL, NULL, NULL),
(64, 81, 'SO-64', 'Ventas exhibicion', NULL, '2013-11-16', NULL, NULL, NULL, 94, 'Aprobada', 800.00, '2013-11-16 21:54:21', 'Al tapete se le hizo un descuento de 200 pesos debido a que estaba manchado', 54, 0, '2013-11-16', 1, NULL, NULL, 2, 13.00, 1000.00, 0.00, 200.00, 61.54, 3, NULL, NULL, NULL),
(65, 82, 'SO-65', 'puertas de tambor', NULL, '2013-11-14', NULL, NULL, NULL, 95, 'Aprobada', 760.00, '2013-11-16 22:14:54', 'todo trabajo requiere el 50% de anticipo, el 35% de pintura y el 15% al finalizar.', 52, 0, '2013-11-16', 2, NULL, NULL, 4, NULL, 760.00, 0.00, 0.00, NULL, NULL, NULL, NULL, NULL),
(66, 90, 'SO-66', 'Comedor manhattan en exhibicion', NULL, '2013-11-17', NULL, NULL, NULL, 99, 'Aprobada', 10500.00, '2013-11-18 00:27:23', NULL, 54, 0, '2013-11-18', 1, NULL, NULL, 2, 13.00, 10500.00, 0.00, 0.00, 807.69, 3, NULL, NULL, NULL),
(67, 91, 'SO-67', 'CALZADO NEGRO', NULL, '2013-11-17', NULL, NULL, NULL, 94, 'Aprobada', 200.00, '2013-11-18 01:08:13', NULL, 54, 0, '2013-11-18', 1, NULL, NULL, 2, 13.00, 200.00, 0.00, 0.00, 15.38, 3, NULL, NULL, NULL),
(68, 92, 'SO-68', '', NULL, '2013-11-17', NULL, NULL, NULL, 100, 'Aprobada', 6427.20, '2013-11-18 01:40:15', 'Precio $6,400.00', 54, 0, '2013-11-18', 1, NULL, NULL, 2, 13.00, 8034.00, 0.00, 1606.80, 494.40, 3, NULL, NULL, NULL),
(69, 93, 'SO-69', 'Bancos rojos', NULL, '2013-11-17', NULL, NULL, NULL, 100, 'Aprobada', 1955.20, '2013-11-18 02:09:14', NULL, 54, 0, '2013-11-18', 1, NULL, NULL, 2, 13.00, 2444.00, 0.00, 488.80, 150.40, 3, NULL, NULL, NULL),
(70, 96, 'SO-70', 'sofa y love seat', NULL, '2013-11-18', NULL, NULL, NULL, 103, 'Aprobada', 8300.00, '2013-11-18 22:19:30', 'fecha de entrega 22/11/13  entregar en Berona residencial calle roma #4', 52, 0, '2013-11-18', 1, NULL, NULL, 2, NULL, 8300.00, 0.00, 0.00, NULL, NULL, NULL, NULL, NULL),
(71, 98, 'COT-98', 'cabeceras', NULL, '2013-11-18', NULL, NULL, NULL, 104, 'Aprobada', 3500.00, '2013-11-18 23:28:01', NULL, 52, 0, NULL, 1, NULL, NULL, NULL, NULL, 3500.00, 0.00, 0.00, NULL, NULL, NULL, NULL, NULL),
(72, 100, 'SO-72', 'buffet', NULL, '2013-11-18', NULL, NULL, NULL, 106, 'Aprobada', 5434.00, '2013-11-19 00:23:18', NULL, 52, 0, '2013-11-19', 1, NULL, NULL, 2, NULL, 5434.00, 0.00, 0.00, NULL, NULL, NULL, NULL, NULL),
(73, 94, 'SO-73', 'sofa y love seat', NULL, '2013-11-18', NULL, NULL, NULL, 101, 'Aprobada', 14000.00, '2013-11-19 00:45:04', NULL, 52, 0, '2013-11-19', 2, NULL, NULL, 2, 0.00, 14000.00, 0.00, 0.00, 627666.00, NULL, NULL, NULL, NULL),
(74, 101, 'SO-74', 'ESPEJO ECONOMICO', NULL, '2013-11-19', NULL, NULL, NULL, 94, 'Aprobada', 100.00, '2013-11-19 20:19:30', NULL, 54, 0, '2013-11-19', 1, NULL, NULL, 2, NULL, 100.00, 0.00, 0.00, NULL, NULL, NULL, NULL, NULL),
(75, 104, 'SO-75', 'banco y mesa en exhibicion', NULL, '2013-11-19', NULL, NULL, NULL, 108, 'Aprobada', 8000.00, '2013-11-19 23:37:49', NULL, 54, 0, '2013-11-19', 1, NULL, NULL, 2, 13.00, 8000.00, 0.00, 0.00, 615.38, NULL, NULL, NULL, NULL),
(76, 105, 'SO-76', 'comedor de exibicion', NULL, '2013-11-20', NULL, NULL, NULL, 109, 'Aprobada', 4685.00, '2013-11-20 23:52:46', NULL, 52, 0, '2013-11-21', 1, NULL, NULL, 2, 13.00, 4685.00, 0.00, 0.00, 360.38, 2, NULL, NULL, NULL),
(77, 108, 'SO-77', 'Colchon Queen Size', 'Anticipo de $1,000.00 pesos', '2013-11-21', NULL, NULL, NULL, 112, 'Aprobada', 1950.00, '2013-11-21 20:57:58', NULL, 54, 0, '2013-11-21', 1, NULL, NULL, 2, 13.00, 1950.00, 0.00, 0.00, 150.00, NULL, NULL, NULL, NULL),
(78, 110, 'SO-78', '2 espejos multiples', 'Tarjeta credito Aut 042454 modifico su compra, cancelo los dos de $1,400 , se quedo con uno de ellos y adquirio el grande de 2,000, saldo por pagar de $600.00', '2013-11-22', NULL, NULL, NULL, 114, 'Aprobada', 3414.00, '2013-11-22 20:54:01', 'Precio total por dops espejos $2.800.00', 54, 0, '2013-11-22', 1, NULL, NULL, 2, 13.00, 11380.00, 0.00, 7966.00, 262.62, NULL, NULL, NULL, NULL),
(79, 112, 'SO-79', 'espejo y alfombra|', NULL, '2013-11-20', NULL, NULL, NULL, 94, 'Aprobada', 700.00, '2013-11-22 21:37:34', NULL, 54, 0, '2013-11-22', 1, NULL, NULL, 2, 13.00, 700.00, 0.00, 0.00, 53.85, NULL, NULL, NULL, NULL),
(80, 114, 'SO-80', 'cama closet', 'Fecha de entrega:20 de Diciembre 2013', '2013-11-23', NULL, NULL, NULL, 117, 'Aprobada', 22860.00, '2013-11-23 19:12:35', 'Deja el 50% de anticipo', 54, 0, '2013-11-23', 1, NULL, NULL, 4, 12.70, 22860.00, 0.00, 0.00, 1800.00, 1, NULL, NULL, NULL),
(81, 116, 'SO-81', 'Espejos economicos', 'Total $250.00', '2013-11-23', NULL, NULL, NULL, 118, 'Aprobada', 255.00, '2013-11-23 20:24:51', NULL, 54, 0, '2013-11-23', 1, NULL, NULL, 2, 13.00, 850.00, 0.00, 595.00, 19.62, NULL, NULL, NULL, NULL),
(82, 117, 'SO-82', '1 espejo economico de $150.00', 'pago 11 dlls por falta de cambio de merofa', '2013-11-23', NULL, NULL, NULL, 94, 'Aprobada', 150.00, '2013-11-23 20:27:22', 'Pago 11 dlls en vez de 11.50 por falta de cambio de merofa', 54, 0, '2013-11-23', 1, NULL, NULL, 2, 13.00, 500.00, 0.00, 350.00, 11.54, NULL, NULL, NULL, NULL),
(83, 118, 'SO-83', 'espejo economico', NULL, '2013-11-23', NULL, NULL, NULL, 94, 'Aprobada', 150.00, '2013-11-23 20:53:14', NULL, 54, 0, '2013-11-23', 1, NULL, NULL, 2, 13.00, 500.00, 0.00, 350.00, 11.54, NULL, NULL, NULL, NULL),
(84, 119, 'SO-84', 'espejo economico', NULL, '2013-11-23', NULL, NULL, NULL, 118, 'Aprobada', 150.00, '2013-11-23 22:57:39', NULL, 54, 0, '2013-11-23', 1, NULL, NULL, 2, 13.00, 500.00, 0.00, 350.00, 11.54, NULL, NULL, NULL, NULL),
(85, 120, 'SO-85', 'espejos economicos', NULL, '2013-11-23', NULL, NULL, NULL, 94, 'Aprobada', 240.00, '2013-11-24 01:35:05', 'Espejos de $100.00 pagados con tarjeta a $120.00 c/u AUT 028283', 54, 0, '2013-11-24', 1, NULL, NULL, 2, 13.00, 240.00, 0.00, 0.00, 18.46, NULL, NULL, NULL, NULL),
(86, 122, 'SO-86', 'espejo economico', NULL, '2013-11-23', NULL, NULL, NULL, 94, 'Aprobada', 100.00, '2013-11-24 02:19:34', NULL, 54, 0, '2013-11-24', 1, NULL, NULL, 2, 13.00, 100.00, 0.00, 0.00, 7.69, NULL, NULL, NULL, NULL),
(87, 123, 'SO-87', 'Tocador chocolate 4 cajones en exhibicion', NULL, '2013-11-24', NULL, NULL, NULL, 120, 'Aprobada', 7000.00, '2013-11-24 21:50:16', NULL, 54, 0, '2013-11-24', 1, NULL, NULL, 2, 12.80, 7000.00, 0.00, 0.00, 546.88, NULL, NULL, NULL, NULL),
(88, 124, 'SO-88', 'tocador en color chocolate 1 zapato negro', 'HABLAR ANTES DE IR A ENTREGAR SU MUEBLE', '2013-11-24', NULL, NULL, NULL, 122, 'Aprobada', 1750.00, '2013-11-24 22:40:34', NULL, 54, 0, '2013-11-25', 1, NULL, NULL, 2, 12.80, 1750.00, 0.00, 0.00, 136.72, NULL, NULL, NULL, NULL),
(89, 68, 'SO-89', 'sala comedor', 'Precio Neto: $6,500.00', '2013-11-13', NULL, NULL, NULL, 86, 'Aprobada', 6528.00, '2013-11-25 02:17:57', NULL, 54, 0, '2013-11-25', 1, NULL, NULL, 2, 12.80, 7680.00, 0.00, 1152.00, 510.00, NULL, NULL, NULL, NULL),
(90, 129, 'SO-90', 'espejos economicos', NULL, '2013-11-24', NULL, NULL, NULL, 94, 'Aprobada', 300.00, '2013-11-25 19:33:56', NULL, 54, 0, '2013-11-25', 1, NULL, NULL, 2, 12.80, 300.00, 0.00, 0.00, 23.44, NULL, NULL, NULL, NULL),
(91, 130, 'SO-91', 'espejo economico', NULL, '2013-11-25', NULL, NULL, NULL, 94, 'Aprobada', 100.00, '2013-11-25 20:57:57', NULL, 54, 0, '2013-11-25', 1, NULL, NULL, 2, 12.80, 100.00, 0.00, 0.00, 7.81, NULL, NULL, NULL, NULL),
(92, 131, 'SO-92', 'espejos economicos', NULL, '2013-11-25', NULL, NULL, NULL, 94, 'Aprobada', 200.00, '2013-11-25 21:40:52', NULL, 54, 0, '2013-11-25', 1, NULL, NULL, 2, 12.80, 200.00, 0.00, 0.00, 15.63, NULL, NULL, NULL, NULL),
(93, 133, 'SO-93', 'Espejo grande negro con oro en exhibicion', NULL, '2013-11-25', NULL, NULL, NULL, 127, 'Aprobada', 1000.00, '2013-11-26 00:18:18', 'Anticipo de $500.00 lo recogera el sabado 30 de Noviembre', 54, 0, '2013-11-26', 1, NULL, NULL, 2, 12.80, 1000.00, 0.00, 0.00, 78.13, NULL, NULL, NULL, NULL),
(94, 136, 'SO-94', 'litera de madera color chocolate expreso', NULL, '2013-11-25', NULL, NULL, NULL, 130, 'Aprobada', 534.00, '2013-11-26 02:16:35', NULL, 52, 0, '2013-11-26', 2, NULL, NULL, 4, 12.90, 534.00, 0.00, 0.00, 6888.60, NULL, NULL, NULL, NULL),
(95, 137, 'SO-95', 'Recamara', NULL, '2013-11-25', NULL, NULL, NULL, 131, 'Aprobada', 17000.00, '2013-11-26 03:43:02', 'Anticipo de $5,000.00, y termina de liquidar a mas tardar prox sabado 30', 59, 0, '2013-11-29', 1, NULL, NULL, 2, 13.00, 17000.00, 0.00, 0.00, 1307.69, 3, NULL, NULL, NULL),
(96, 138, 'SO-96', 'Tocador tipo cherry en negro', NULL, '2013-11-25', NULL, NULL, NULL, 131, 'Aprobada', 2500.00, '2013-11-26 03:50:22', NULL, 59, 0, '2013-11-29', 1, NULL, NULL, 2, 12.80, 2500.00, 0.00, 0.00, 195.31, 3, NULL, NULL, NULL),
(97, 144, 'SO-97', 'CAJONERA CHOCOLATE EN EXHIBICION', 'Abono $2,000.00', '2013-11-29', NULL, NULL, NULL, 130, 'Aprobada', 3000.00, '2013-11-30 02:48:54', 'Abono $2,000.00', 59, 0, '2013-11-30', 1, NULL, NULL, 2, 12.80, 3000.00, 0.00, 0.00, 234.38, NULL, NULL, NULL, NULL),
(98, 145, 'SO-98', 'ESPEJO ECONOMICO LARGO', NULL, '2013-11-29', NULL, NULL, NULL, 94, 'Aprobada', 100.00, '2013-11-30 17:38:52', NULL, 59, 0, '2013-11-30', 1, NULL, NULL, 2, 12.80, 100.00, 0.00, 0.00, 7.81, 3, NULL, NULL, NULL),
(99, 148, 'SO-99', 'Mesa marmol imitacion en REMATE', 'El saldo se acompletara con un serrucho manual', '2013-11-30', NULL, NULL, NULL, 137, 'Aprobada', 1000.00, '2013-11-30 19:56:02', NULL, 59, 0, '2013-12-01', 1, NULL, NULL, 2, 12.80, 1000.00, 0.00, 0.00, 78.13, NULL, NULL, NULL, NULL),
(100, 149, 'SO-100', '2 espejos economicos', NULL, '2013-11-30', NULL, NULL, NULL, 94, 'Aprobada', 200.00, '2013-11-30 21:37:42', NULL, 59, 0, '2013-11-30', 1, NULL, NULL, 2, 12.80, 200.00, 0.00, 0.00, 15.63, NULL, NULL, NULL, NULL),
(101, 150, 'SO-101', 'espejos economicos medianos', NULL, '2013-11-30', NULL, NULL, NULL, 94, 'Aprobada', 200.00, '2013-11-30 23:15:37', NULL, 59, 0, '2013-11-30', 1, NULL, NULL, 2, 12.80, 200.00, 0.00, 0.00, 15.63, NULL, NULL, NULL, NULL),
(103, 156, 'SO-103', 'Apartado espejo de 3 vidrios', NULL, '2013-12-03', NULL, NULL, NULL, 142, 'Aprobada', 1100.00, '2013-12-03 23:52:47', NULL, 59, 0, '2013-12-03', 1, NULL, NULL, 2, 12.80, 1100.00, 0.00, 0.00, 85.94, NULL, NULL, NULL, NULL),
(104, 157, 'COT-157', 'extencion de cocina', NULL, '2013-12-04', NULL, NULL, NULL, 75, 'Aprobada', 550.00, '2013-12-04 19:12:20', 'todo trabajo requiere el 50% de anticipo y el 50% al finalizar.', 52, 0, NULL, 2, NULL, NULL, NULL, NULL, 550.00, 0.00, 0.00, NULL, NULL, NULL, NULL, NULL),
(105, 160, 'SO-105', 'Cabecera queen', 'Apartado con $200.00  y liquidacion domingo 8 diciembre 2013', '2013-12-04', NULL, NULL, NULL, 127, 'Aprobada', 950.00, '2013-12-04 22:50:33', 'Apartado con $200.00  y liquidacion domingo 8 diciembre 2013', 59, 0, '2013-12-04', 1, NULL, NULL, 2, 13.00, 950.00, 0.00, 0.00, 73.08, 3, NULL, NULL, NULL),
(106, 162, 'SO-106', 'Centro de TV', 'Anticipo 440 dlls', '2013-12-05', NULL, NULL, NULL, 146, 'Aprobada', 536.00, '2013-12-05 22:06:20', 'Anticipo 440 dlls', 59, 0, '2013-12-06', 2, NULL, NULL, 2, 12.60, 536.00, 0.00, 0.00, 6753.60, 3, NULL, NULL, NULL),
(107, 165, 'SO-107', 'mesa en exhibicion 30"', 'Apartada con $300.00', '2013-12-07', NULL, NULL, NULL, 151, 'Aprobada', 1500.00, '2013-12-08 01:04:56', NULL, 59, 0, '2013-12-08', 1, NULL, NULL, 2, 13.00, 1500.00, 0.00, 0.00, 115.38, NULL, NULL, NULL, NULL),
(108, 169, 'SO-108', 'espejos economicos', NULL, '2013-12-08', NULL, NULL, NULL, 94, 'Aprobada', 500.00, '2013-12-08 22:11:57', NULL, 59, 0, '2013-12-09', 1, NULL, NULL, 2, 13.00, 500.00, 0.00, 0.00, 38.46, NULL, NULL, NULL, NULL),
(109, 171, 'SO-109', 'Comedor c 4 sillas', 'Revisar sofa que compro con anterioridad en la entrega del comedor, Saldo de $3,550.00', '2013-12-11', NULL, NULL, NULL, 86, 'Aprobada', 7550.00, '2013-12-12 02:33:41', NULL, 59, 0, '2013-12-13', 1, NULL, NULL, 2, 13.00, 7550.00, 0.00, 0.00, 580.77, NULL, NULL, NULL, NULL),
(110, 173, 'SO-110', 'remozar cosina', 'todo trabajo requiere el 50% de anticipo', '2013-12-16', NULL, NULL, NULL, 158, 'Aprobada', 1500.00, '2013-12-16 17:39:48', 'Todo trabajo requiere el 50 % de anticipo y el 50 al finalizar. incluye instalación de puertas bisagras o culatas y jabladeras de barra, y todo lo necesario pasa su instalación.', 52, 0, '2013-12-16', 2, NULL, NULL, 4, 13.00, 1500.00, 0.00, 0.00, 19500.00, 1, NULL, NULL, NULL),
(111, 176, 'SO-111', 'Cubierta de granito', NULL, '2013-12-17', NULL, NULL, NULL, 160, 'Aprobada', 340.00, '2013-12-17 20:23:45', 'todo trabajo requiere el 50% de anticipo y el 50% al finalizar.', 52, 0, '2013-12-17', 2, NULL, NULL, 4, NULL, 340.00, 0.00, 0.00, NULL, NULL, NULL, NULL, NULL),
(112, 181, 'SO-112', 'Cama individual metal', NULL, '2013-12-21', NULL, NULL, NULL, 162, 'Aprobada', 1850.00, '2013-12-21 21:43:59', NULL, 59, 0, '2013-12-21', 1, NULL, NULL, 2, 13.00, 1850.00, 0.00, 0.00, 142.31, NULL, NULL, NULL, NULL),
(113, 183, 'SO-113', 'Cama', NULL, '2013-12-22', NULL, NULL, NULL, 165, 'Aprobada', 5925.92, '2013-12-22 19:45:50', NULL, 59, 0, '2013-12-22', 1, NULL, NULL, 2, 13.00, 6734.00, 0.00, 808.08, 455.84, NULL, NULL, NULL, NULL),
(114, 185, 'SO-114', 'Espejo grande de 8', 'Entregar Lunes 23 de diciembre 2013', '2013-12-22', NULL, NULL, NULL, 167, 'Aprobada', 2000.00, '2013-12-22 20:50:25', NULL, 59, 0, '2013-12-22', 1, NULL, NULL, NULL, 13.00, 2000.00, 0.00, 0.00, 153.85, NULL, NULL, NULL, NULL),
(115, 186, 'SO-115', 'Cama', NULL, '2013-12-22', NULL, NULL, NULL, 168, 'Aprobada', 5150.00, '2013-12-23 00:27:39', NULL, 59, 0, '2013-12-23', 1, NULL, NULL, 2, 13.00, 5150.00, 0.00, 0.00, 396.15, NULL, NULL, NULL, NULL),
(116, 190, 'SO-116', 'Sofa y reclinable exhibicion', NULL, '2013-12-29', NULL, NULL, NULL, 171, 'Aprobada', 7548.00, '2013-12-30 02:16:24', NULL, 59, 0, '2013-12-30', 1, NULL, NULL, 2, 13.00, 6800.00, 748.00, 0.00, 580.62, NULL, NULL, NULL, NULL),
(117, 191, 'SO-117', 'mesa esquinera', NULL, '2013-12-29', NULL, NULL, NULL, 172, 'Aprobada', 1332.00, '2013-12-30 03:11:55', NULL, 59, 0, '2013-12-30', 1, NULL, NULL, 2, 13.00, 1200.00, 132.00, 0.00, 102.46, NULL, NULL, NULL, NULL),
(118, 195, 'SO-118', 'RECAMARA PATRA', NULL, '2014-01-02', NULL, NULL, NULL, 176, 'Aprobada', 1300.60, '2014-01-03 02:20:03', NULL, 52, 0, '2014-01-05', 2, NULL, NULL, NULL, 13.00, 1596.00, 0.00, 295.40, 16907.80, 3, NULL, NULL, NULL),
(119, 194, 'COT-194', 'comedor y barra', NULL, '2014-01-02', NULL, NULL, NULL, 175, 'Aprobada', 17966.00, '2014-01-04 18:57:03', 'en efectivo', 59, 0, NULL, 1, NULL, NULL, NULL, 13.00, 17966.00, 0.00, 0.00, 1382.00, NULL, NULL, NULL, NULL),
(120, 196, 'SO-120', 'Comedor con extension en exhibicion', NULL, '2014-01-04', NULL, NULL, '2014-01-28', 177, 'Aprobada', 4000.00, '2014-01-04 19:22:56', NULL, 46, 0, '2014-01-28', 1, NULL, NULL, 2, 12.40, 4000.00, 0.00, 0.00, 322.58, 2, NULL, NULL, NULL),
(121, 200, 'SO-121', 'PINTAR CHEST', NULL, '2014-01-07', NULL, 6, NULL, 179, 'Aprobada', 100.00, '2014-01-07 17:13:35', 'FECHA DE ENTREGA LUNES RPOXIMO', 46, 0, '2014-01-17', 2, NULL, NULL, NULL, 13.00, 100.00, 0.00, 0.00, 1300.00, NULL, NULL, NULL, NULL),
(122, 189, 'COT-189', 'Sofa', NULL, '2013-12-29', NULL, NULL, NULL, 171, 'Aprobada', 11211.20, '2014-01-13 09:44:58', 'test test test', 46, 0, NULL, 1, NULL, NULL, NULL, 13.00, 12740.00, 0.00, 1528.80, 862.40, NULL, NULL, NULL, NULL),
(123, 188, 'COT-188', 'Buro', NULL, '2013-12-26', NULL, NULL, NULL, 170, 'Aprobada', 7400.00, '2014-01-13 09:46:19', 'test test test', 46, 0, NULL, 1, NULL, NULL, NULL, 13.00, 7400.00, 0.00, 0.00, 569.23, NULL, NULL, NULL, NULL),
(124, 187, 'COT-187', 'sala a tu medida', NULL, '2013-12-22', NULL, NULL, NULL, 169, 'Aprobada', 14169.60, '2014-01-13 10:14:40', NULL, 46, 0, NULL, 1, NULL, NULL, NULL, 13.00, 14169.60, 0.00, 0.00, 1089.97, NULL, NULL, NULL, NULL),
(125, 184, 'COT-184', '', NULL, '2013-12-22', NULL, NULL, NULL, 166, 'Aprobada', 100260.16, '2014-01-13 10:16:00', NULL, 46, 0, NULL, 1, NULL, NULL, NULL, 13.00, 113932.00, 0.00, 13671.84, 7712.32, NULL, NULL, NULL, NULL),
(126, 182, 'COT-182', 'Comedor vidrio', 'test test', '2013-12-21', NULL, NULL, NULL, 162, 'Aprobada', 29423.68, '2014-01-13 10:16:26', 'test test', 46, 0, NULL, 1, NULL, NULL, NULL, 13.00, 33436.00, 0.00, 4012.32, 2263.36, NULL, NULL, NULL, NULL),
(127, 180, 'COT-180', 'Sala en L', NULL, '2013-12-19', NULL, NULL, NULL, 164, 'Aprobada', 17602.00, '2014-01-15 17:38:35', NULL, 46, 0, NULL, 1, NULL, NULL, NULL, 13.00, 18850.00, 0.00, 1248.00, 1354.00, NULL, NULL, NULL, NULL),
(128, 201, 'SO-128', 'test', NULL, '2014-01-20', NULL, 6, '2014-02-08', 40, 'Aprobada', 94.00, '2014-01-20 21:43:56', NULL, 46, 0, '2014-04-28', 1, NULL, NULL, NULL, NULL, 100.00, 10.00, 16.00, NULL, 2, NULL, NULL, NULL),
(129, NULL, 'SO-##', NULL, NULL, '2014-04-16', NULL, NULL, NULL, NULL, 'Pendiente', 150.00, '2014-04-16 16:13:01', NULL, 46, 0, NULL, 2, NULL, NULL, NULL, NULL, 150.00, 0.00, 0.00, NULL, NULL, NULL, NULL, NULL),
(130, NULL, 'SO-##', NULL, NULL, '2014-04-16', NULL, NULL, NULL, NULL, 'Pendiente', 340.00, '2014-04-16 16:17:35', NULL, 46, 0, NULL, 2, NULL, NULL, NULL, NULL, 340.00, 0.00, 0.00, NULL, NULL, NULL, NULL, NULL),
(131, NULL, 'SO-##', NULL, NULL, '2014-04-16', NULL, NULL, NULL, NULL, 'Pendiente', 3500.00, '2014-04-16 16:32:03', NULL, 46, 0, NULL, 2, NULL, NULL, NULL, NULL, 3500.00, 0.00, 0.00, NULL, NULL, NULL, NULL, NULL),
(132, NULL, 'SO-##', NULL, NULL, '2014-04-17', NULL, NULL, NULL, NULL, 'Pendiente', 150.00, '2014-04-16 22:08:23', NULL, 46, 0, NULL, 2, NULL, NULL, NULL, NULL, 150.00, 0.00, 0.00, NULL, NULL, NULL, NULL, NULL),
(133, NULL, 'SO-##', NULL, NULL, '2014-04-17', NULL, NULL, NULL, NULL, 'Pendiente', 6800.00, '2014-04-16 22:42:51', NULL, 46, 0, NULL, 1, NULL, NULL, NULL, NULL, 6800.00, 0.00, 0.00, NULL, NULL, NULL, NULL, NULL),
(134, NULL, 'SO-##', 'Punto de venta', NULL, '2014-04-17', NULL, NULL, NULL, NULL, 'Pendiente', 7000.00, '2014-04-16 23:00:45', NULL, 46, 0, NULL, 1, NULL, NULL, NULL, NULL, 7000.00, 0.00, 0.00, NULL, NULL, NULL, NULL, NULL),
(135, 178, 'SO-135', 'Cama, comedor', NULL, '2013-12-17', NULL, NULL, NULL, 162, 'Aprobada', 20270.00, '2014-04-28 19:02:07', NULL, 46, 0, '2014-04-28', 1, NULL, NULL, NULL, 13.00, 20270.00, 0.00, 0.00, 1559.23, NULL, NULL, NULL, NULL);

-- --------------------------------------------------------

--
-- Estructura de tabla para la tabla `erp_sale_order_details`
--

CREATE TABLE IF NOT EXISTS `erp_sale_order_details` (
  `sale_order_id` int(11) NOT NULL,
  `sale_order_detail_id` int(4) NOT NULL,
  `sale_order_detail_description` varchar(256) DEFAULT NULL,
  `product_id` int(11) DEFAULT NULL,
  `sale_order_detail_qty` int(11) DEFAULT NULL,
  `sale_order_detail_um` varchar(16) DEFAULT NULL,
  `sale_order_detail_price` decimal(10,2) DEFAULT NULL,
  `sale_order_detail_tax` decimal(10,0) DEFAULT NULL,
  `sale_order_detail_discount` int(11) DEFAULT NULL,
  `sale_order_detail_total` decimal(12,2) DEFAULT NULL,
  PRIMARY KEY (`sale_order_id`,`sale_order_detail_id`)
) ENGINE=InnoDB DEFAULT CHARSET=latin1;

--
-- Volcado de datos para la tabla `erp_sale_order_details`
--

INSERT INTO `erp_sale_order_details` (`sale_order_id`, `sale_order_detail_id`, `sale_order_detail_description`, `product_id`, `sale_order_detail_qty`, `sale_order_detail_um`, `sale_order_detail_price`, `sale_order_detail_tax`, `sale_order_detail_discount`, `sale_order_detail_total`) VALUES
(0, 1, 'cocina camalu modificada constsa de los soigioenes', NULL, 1, 'Lote', 2500.00, 11, NULL, NULL),
(0, 2, NULL, NULL, 1, NULL, 0.00, 0, NULL, NULL),
(0, 3, NULL, NULL, 1, NULL, 0.00, 0, NULL, NULL),
(0, 4, '', NULL, 1, NULL, 0.00, 0, NULL, NULL),
(0, 5, 'JSDHJASHDKJAHSJDH', NULL, 1, 'Lote', 12211.00, 0, NULL, NULL),
(13, 1, 'FABRICACION DE CLOSET EN TRIPLAY DE BIRCH 3/4 CON PUERTAS LISAS ABATIBLES ACABADO EN LACA COLOR CHOCOLATE EXPRESO. TODAS LAS PUERTAS LLEVARAN VISAGRAS OCULTAS, LOS RIELES DE LOS CAJONES SERAN DE EXTENCION Y JALADERAS DE BARRA DE 6, CONSTA DE UN MODULO CAJO', NULL, 1, 'Lote', 900.00, 0, NULL, 900.00),
(14, 1, 'Cambio de color a blanco hueso.', NULL, 1, 'Lote', 153.85, 0, 0, 153.85),
(14, 2, 'Modificación de gabinete de pared, 12 pulgadas a 18 pulgadas.', NULL, 1, 'Pieza', 50.00, 0, NULL, 50.00),
(14, 3, 'Modificación de gabinete de pared, de 18  a 30 pulgadas.', NULL, 1, 'Pieza', 76.92, 0, 0, 76.92),
(14, 4, 'Fabricación de cava base a un lado de la barra.', NULL, 1, 'Pieza', 115.38, 0, NULL, 115.38),
(14, 5, 'Fabricación de balance en el area del sink parte superior. 48', NULL, 1, 'Pieza', 76.98, 0, 0, 76.98),
(14, 6, 'Dejar preparado la cubierta para que baje el lateral de la barra.', NULL, 1, 'Lote', 25.00, 0, NULL, 25.00),
(14, 7, 'Poner crown molding pecho paloma a toda la cocina', NULL, 3, 'Pieza', 68.00, 0, NULL, 204.00),
(14, 8, 'COCINA CAMALU', NULL, 1, 'Lote', 2400.00, 11, NULL, 2400.00),
(15, 1, 'FABRICACION DE COCINA INTEGRAL EN TRIPLAY DE BIRCH 3/4 CON PUERTAS LISAS DE MADERA MAPLE, ACABADO EN LACA COLOR CHOCOLATE.', NULL, 1, 'Lote', 4000.00, 0, NULL, 4000.00),
(15, 2, 'BISAGRAS OCULTAS DE CIERRE LENTO', NULL, 1, 'Lote', 0.00, 0, NULL, 0.00),
(15, 3, 'ROLL-OUT  CON RIEL DE EXTENCION', NULL, 2, 'Pieza', 0.00, 0, NULL, 0.00),
(15, 4, 'LASSY SUSAN', NULL, 2, 'Pieza', 0.00, 0, NULL, 0.00),
(15, 5, 'VALANCE EN LA VENTANA CON GABINETES ARRIBA.', NULL, 1, 'Lote', 0.00, 0, NULL, 0.00),
(15, 6, 'CUBIERTA POSTFORMADA.', NULL, 1, 'Lote', 0.00, 0, NULL, 0.00),
(15, 7, 'PUERTAS DE TRIPLAY DE MAPLE.', NULL, 1, 'Lote', 0.00, 0, NULL, 0.00),
(15, 8, 'BISAGRAS DE TUBO DIF DIMENCIONES 6'''' Y 8''''', NULL, 1, 'Lote', 0.00, 0, NULL, 0.00),
(15, 9, 'LOS RIELS DE LOS CAJONES DE CIERRE LENTO', NULL, 1, 'Lote', 0.00, 0, NULL, 0.00),
(16, 1, 'COCINA CAMALU', NULL, 1, 'Lote', 2400.00, 11, NULL, NULL),
(16, 2, 'EXTRAS POR PARTE DE LA CONSTRUCTORA', NULL, 1, 'Lote', 1600.00, 11, NULL, NULL),
(16, 3, 'EXTRAS POR PARTE DEL CLIENTE CON MEROFA', NULL, 1, 'Lote', 3500.00, 0, NULL, NULL),
(16, 4, 'TODAS LAS PUERTAS CON BISAGRAS OCULTAS DE CIERRE LENTO.', NULL, 1, 'Lote', 0.00, 0, NULL, NULL),
(16, 5, 'PUERTAS DE ENCINO Y MAPLE.', NULL, 1, 'Lote', 0.00, 0, NULL, NULL),
(16, 6, 'RIELES DE CIERRE LENTO.', NULL, 1, 'Lote', 0.00, 0, NULL, NULL),
(16, 7, 'DISEÑO PROPORCIONADO POR EL CLIENTE.', NULL, 1, 'Lote', 0.00, 0, NULL, NULL),
(16, 8, NULL, NULL, 1, NULL, 0.00, 0, NULL, NULL),
(17, 1, 'REMODELACION DE COCINA INTEGRAL, PINTAR EN COLOR CHOCOLATE CERRADO.', NULL, 1, 'Lote', 1500.00, 0, NULL, 1500.00),
(17, 2, 'RECORTAR ALACENA PARA EMPOTRAR REFRIGERADOR', NULL, 1, 'Lote', 0.00, 0, NULL, 0.00),
(17, 3, 'CAMBIAR DE POSICION GABINETES Y ACOMODARLOS SEGUN PLANO ADJUNTO', NULL, 1, 'Lote', 0.00, 0, NULL, 0.00),
(18, 1, 'REMOZAR COCINA INTEGRAL, PINTAR Y AJUSTAR PUERTAS Y CAJONES', NULL, 1, 'Lote', 900.00, 0, NULL, 900.00),
(18, 2, 'AJUSTAR CAJONES DE CLOSET Y CAMBIAR JALADERAS A 5 CAJONES Y MALETERO', NULL, 1, 'Lote', 0.00, 0, NULL, 0.00),
(19, 1, 'FABRICACION DE COCINA INTEGRAL EN TRIPLAY DE BIRCH 3/4 CON PUERTAS LISAS.', NULL, 1, 'Lote', 3400.00, 0, NULL, 3400.00),
(19, 2, 'TODAS LAS PUERTAS LLEVARAN BISAGRAS OCULTAS.', NULL, 1, 'Lote', 0.00, 0, NULL, 0.00),
(19, 3, 'LOS CAJONES LLEVARAN RIEL DE EXTENCION.', NULL, 1, 'Lote', 0.00, 0, NULL, 0.00),
(19, 4, 'JALADERAS DE BARRA DE 7''''.', NULL, 1, 'Lote', 0.00, 0, NULL, 0.00),
(19, 5, 'SOLO UNA PUERTA DE UN GABINETE LLEVARA VIDRIO ARENADO Y PISTON.', NULL, 1, 'Lote', 0.00, 0, NULL, 0.00),
(19, 6, 'MODULOS BASE', NULL, 5, 'Lote', 0.00, 0, NULL, 0.00),
(19, 7, 'MODULOS PARED', NULL, 4, 'Lote', 0.00, 0, NULL, 0.00),
(19, 8, 'MODULOS ALTOS PARA REFRIGERADOR', NULL, 1, 'Lote', 0.00, 0, NULL, 0.00),
(19, 9, 'GRANITO TROPICAL BROWN', NULL, 1, 'Lote', 800.00, 0, NULL, 800.00),
(20, 1, 'PINTAR PIANO COLOR ROSA Y AJUSTAR PATAS Y ADAPTACION DE TABLA', NULL, 1, NULL, 800.00, 11, NULL, 800.00),
(21, 1, NULL, 91, 3, NULL, 3500.00, 0, NULL, 10500.00),
(22, 1, 'FABRICACION DE COCINA INTEGRAL, EN TRIPLAY DE BIRCH 3/4, ACABADO EN LACA COLOR CHOCOLATE EXPRESO.', NULL, 1, NULL, 3250.00, 0, NULL, 3250.00),
(22, 2, 'PUERTAS LISAS CON BISAGRA OCULTA', NULL, 1, NULL, 0.00, 0, NULL, 0.00),
(22, 3, 'JALADERA DE BARRA. 6''''', NULL, 1, NULL, 0.00, 0, NULL, 0.00),
(22, 4, 'RIEL DE EXTENCION EN CAJONES.', NULL, 1, NULL, 0.00, 0, NULL, 0.00),
(22, 5, 'CUBIERTA POSTFORMADA', NULL, 1, NULL, 0.00, 0, NULL, 0.00),
(22, 6, 'WDC2442', NULL, 1, NULL, 0.00, 0, NULL, 0.00),
(22, 7, 'U109624', NULL, 1, NULL, 0.00, 0, NULL, 0.00),
(22, 8, 'W2130', NULL, 1, NULL, 0.00, 0, NULL, 0.00),
(22, 9, 'W3024', NULL, 1, NULL, 0.00, 0, NULL, 0.00),
(22, 10, 'W2142', NULL, 1, NULL, 0.00, 0, NULL, 0.00),
(22, 11, 'R329624', NULL, 1, NULL, 0.00, 0, NULL, 0.00),
(22, 12, 'B21', NULL, 1, NULL, 0.00, 0, NULL, 0.00),
(22, 13, 'B09', NULL, 1, NULL, 0.00, 0, NULL, 0.00),
(22, 14, 'BCF3636', NULL, 1, NULL, 0.00, 0, NULL, 0.00),
(22, 15, 'SB36', NULL, 1, NULL, 0.00, 0, NULL, 0.00),
(22, 16, 'B30', NULL, 1, NULL, 0.00, 0, NULL, 0.00),
(22, 17, 'BCFD28363424', NULL, 1, NULL, 0.00, 0, NULL, 0.00),
(22, 18, 'PISO LAMINADO AC3 CLASS 31', NULL, 1, 'Lote', 400.00, 0, NULL, 400.00),
(23, 1, 'SOFA CAMA EN EXHIBICION', NULL, 1, 'Pieza', 150.00, 11, 5, 150.00),
(24, 2, 'REMOZAR ALACAENA Y PINTAR COLOR CHOCOLATE', NULL, 1, 'Lote', 100.00, 0, NULL, 100.00),
(24, 3, 'BISAGRAS NUEVAS', NULL, 1, NULL, 0.00, 0, NULL, 0.00),
(24, 4, 'JALADERAS NUEVAS', NULL, 1, NULL, 0.00, 0, NULL, 0.00),
(25, 1, 'sillon individual Glider Recliner', NULL, 1, 'Pieza', 3400.00, 0, NULL, NULL),
(26, 1, NULL, NULL, 1, NULL, 0.00, 0, NULL, 0.00),
(27, 1, 'PINTAR COLOR CHOCOLATE', NULL, 2, 'Lote', 30.00, 0, NULL, 60.00),
(29, 1, 'PEGAR SILLA Y REMOZAR EN COLOR CHOCOLATE CERRADO', NULL, 1, 'Lote', 450.00, 0, NULL, 450.00),
(30, 1, 'FABRICACION DE PIEZA DE MADERA EN TRIPLAY DE BIRCH 3/4 PARA MUEBLE DE PLANCHAR', NULL, 1, 'Lote', 240.00, 0, NULL, NULL),
(31, 1, NULL, 91, 1, 'Pieza', 3500.00, 0, NULL, 3500.00),
(32, 1, 'Fabricacion de cocina integral en triplay de birch 3/4. con puertas lisas y terminado en laca chocolate. consta de lo siguiente', NULL, 1, 'Lote', 3050.00, 0, 25, NULL),
(32, 2, 'BLC36 ESQUINERO BASE', NULL, 2, 'Pieza', 0.00, 0, NULL, NULL),
(32, 3, 'B12  BASE UN CAJON', NULL, 1, 'Pieza', 0.00, 0, NULL, NULL),
(32, 4, 'BSINK36  BASE SINK', NULL, 1, 'Pieza', 0.00, 0, NULL, NULL),
(32, 5, '4DB18   BASE 4 CAJONES', NULL, 1, 'Pieza', 0.00, 0, NULL, NULL),
(32, 6, 'RW301524 GABINETE DE PARED PARA REFRIGERADOR', NULL, 1, 'Pieza', 0.00, 0, NULL, NULL),
(32, 7, 'MW24143012  GABINETE DE PARED PARA MICROONDAS', NULL, 1, 'Pieza', 0.00, 0, NULL, NULL),
(32, 8, 'WA24143012 ESQUINERO EN 90 GRADOS DE PARED', NULL, 2, 'Pieza', 0.00, 0, NULL, NULL),
(32, 9, 'W223012   GABINETE DE PARED CON UNA PUERTA DE VIDRIO ARENADO Y OTRA LISA.', NULL, 2, 'Pieza', 0.00, 0, NULL, NULL),
(32, 10, 'W301512 GABINETE DE PARED PARA CAMPANA DE 30''''', NULL, 1, 'Pieza', 0.00, 0, NULL, NULL),
(32, 11, 'W183012  GABINETE DE PARED UNA PUERTA', NULL, 1, 'Pieza', 0.00, 0, NULL, NULL),
(32, 12, 'SOF33 VALANCE PARA VENTANA.', NULL, 1, 'Pieza', 0.00, 0, NULL, NULL),
(32, 13, 'TP84 LATERAL ALTO PARA MUEBLE DE REFRIGERADOR.', NULL, 1, 'Pieza', 0.00, 0, NULL, NULL),
(32, 14, 'CUBIERTA POSTFORMADA', NULL, 1, 'Lote', 0.00, 0, NULL, NULL),
(33, 1, 'Suministro y hechura de mueble para armadura romana, estilo contemporáneo color chocolate al alcohol, con 3 vidrios curvos, con soporte para armadura de madera.', NULL, 1, 'Pieza', 5700.00, 0, 0, 5700.00),
(34, 1, 'Cocina Camalu sin modificaciones', NULL, 1, 'Lote', 2400.00, 11, NULL, 2400.00),
(35, 3, NULL, 91, 1, 'Lote', 3500.00, 0, 12, 3500.00),
(36, 1, 'MODULOS DE CLOSET CON 5 ENTREPAÑOS EN MELAMINA 3/4 COLOR BLANCA.', NULL, 6, 'Pieza', 250.00, 0, NULL, 1500.00),
(36, 2, 'TUBOS PARA LOS TRES CLOSET', NULL, 1, 'Lote', 100.00, 0, NULL, 100.00),
(37, 1, NULL, 94, 2, NULL, 150.00, 0, 33, 300.00),
(37, 2, NULL, 93, 1, NULL, 190.00, 0, 21, 190.00),
(38, 1, 'reforzar mueble ponerle goma en las uniones', NULL, 1, 'Lote', 500.00, 0, NULL, 500.00),
(42, 1, 'reforzar 4 sillas', NULL, 4, 'Lote', 380.00, 0, NULL, 1520.00),
(43, 1, 'Dresser color cherry en exhibicion', NULL, 1, 'Pieza', 2500.00, 0, NULL, 2500.00),
(44, 1, 'fabriacion de cocina integral en triplay de birch 3/4 con puertas lisas todas las bisagras serán ocultas y jaladeras de acero inoxidable, cajones con riel de extensión acabado en laca natural.', NULL, 1, 'Lote', 3800.00, 0, NULL, 3800.00),
(44, 2, 'GRANITO SANTA CECILIA FABRICACION E INSTALACION', NULL, 1, 'Lote', 880.00, 0, NULL, 880.00),
(44, 3, 'tarja doble', NULL, 1, 'Lote', 120.00, 0, NULL, 120.00),
(47, 1, 'sala', NULL, 1, 'Pieza', 1000.00, 0, NULL, 1000.00),
(48, 1, 'cocina integral.', NULL, 1, NULL, 2500.00, 0, NULL, 2500.00),
(50, 1, 'sala futon color chocolate', NULL, 1, 'Pieza', 3500.00, 11, NULL, 3500.00),
(51, 1, 'COCINA CALAFIA COLOR MAPLE', NULL, 1, NULL, 3450.00, 11, NULL, 3450.00),
(51, 2, 'PREPARACION PARA CUBIERTA DE GRANITO', NULL, 1, NULL, -300.00, 0, NULL, -300.00),
(51, 3, 'MODIFICACIONES EXTRAS', NULL, 1, NULL, 0.00, 0, NULL, 0.00),
(52, 1, 'COCINA INTEGRAL', NULL, 1, NULL, 2500.00, 0, NULL, 2500.00),
(53, 1, 'cocina camalu', NULL, 1, 'Lote', 2400.00, 11, NULL, 2400.00),
(53, 2, 'modificación en color y herraje cocina camalu pintar color rojo ferrari y color negro', NULL, 1, 'Lote', 2792.79, 11, NULL, 2792.79),
(53, 3, 'modificación de barra hacerla curva', NULL, 1, 'Lote', 500.00, 0, NULL, 500.00),
(53, 4, 'suministro de soclo de acero inoxidable.', NULL, 1, 'Lote', 150.00, 0, NULL, 150.00),
(53, 5, 'puerta principal con vidrios curvos.', NULL, 1, 'Lote', 2500.00, 0, NULL, 2500.00),
(53, 6, 'mesa cm3093t', NULL, 1, 'Pieza', 422.00, 0, NULL, 422.00),
(53, 7, 'side chair sill CM3093SC-2PK', NULL, 3, 'Pieza', 176.00, 0, NULL, 528.00),
(54, 1, 'CORTE DE REPIZAS', NULL, 3, 'Lote', 50.00, 0, NULL, 150.00),
(55, 1, 'djhgfjfjhgfjhgf', NULL, 1, 'Lote', 2000.00, 0, NULL, 2000.00),
(57, 1, 'Compl Finiquito Cocina Calafia 106-38', NULL, 1, 'Pieza', 525.00, 11, NULL, 525.00),
(58, 1, 'Finiquito cocina calafia 106-37', NULL, 1, 'Pieza', 1282.50, 11, NULL, 1282.50),
(59, 1, 'Finiquito cocina camalu 104-18', NULL, 1, 'Pieza', 1080.00, 11, NULL, 1080.00),
(60, 1, 'Finiquito cocina mulege 78-08', NULL, 1, 'Pieza', 1237.50, 11, NULL, 1237.50),
(61, 1, 'Finiquito cocina calafia 81-16', NULL, 1, 'Pieza', 1282.50, 11, NULL, 1282.50),
(62, 1, '1 cama individual en exhibicion', NULL, 1, 'Pieza', 4500.00, 0, NULL, 4500.00),
(62, 2, '1 Sillon  futon color chocolate en exhibicion', NULL, 1, 'Pieza', 1800.00, 0, NULL, 1800.00),
(62, 3, '1 cajonera en exhibicion', NULL, 1, 'Pieza', 2200.00, 0, NULL, 2200.00),
(62, 4, '1 juego de pintura negritas', NULL, 1, 'Pieza', 450.00, 0, NULL, 450.00),
(63, 1, 'recamara 1 puertas de closet corredizas', NULL, 1, 'Pieza', 550.00, 0, NULL, 550.00),
(63, 2, 'modulo de melamina con 5  repizas', NULL, 2, 'Pieza', 250.00, 0, NULL, 500.00),
(63, 3, 'recamara dos puerta de closet corredizas', NULL, 1, 'Pieza', 550.00, 0, NULL, 550.00),
(63, 4, 'modulo de melamina con 5 repizas', NULL, 2, 'Pieza', 250.00, 0, NULL, 500.00),
(63, 5, 'walk in closet modulo de melamine', NULL, 2, 'Pieza', 250.00, 0, NULL, 500.00),
(63, 6, 'set de tubos de closet a toda la casa', NULL, 1, 'Lote', 100.00, 0, NULL, 100.00),
(63, 7, 'puertas de entrada a Walk in Closet, estilo shaker, con fijo de policarbonato color bronce', NULL, 1, 'Lote', 550.00, 0, NULL, 550.00),
(64, 1, '2 espejos 300', NULL, 2, 'Pieza', 100.00, 0, NULL, 200.00),
(64, 2, 'Tapete grueso color vino exhibicion', NULL, 1, 'Pieza', 800.00, 0, 25, 800.00),
(65, 1, 'fabricación de puerta de tambor , incluye marco de madera aldea y puerta de caobilla acabado color rojizo', NULL, 2, 'Pieza', 380.00, 0, NULL, 760.00),
(66, 1, 'comedor manhattan en exhibicion', NULL, 1, 'Pieza', 10500.00, 0, NULL, 10500.00),
(67, 1, 'CALZADO NEGRO #8 Y 7', NULL, 2, 'Pieza', 100.00, 0, NULL, 200.00),
(68, 1, 'Comedor AC70930 c4 sillasP254', NULL, 1, 'Pieza', 8034.00, 0, 20, 8034.00),
(69, 1, 'bancos rojos Mod AC96262P276', NULL, 2, 'Pieza', 1222.00, 0, 20, 2444.00),
(70, 1, 'artem sofa in expreso  f.a349-sm6071-sf', NULL, 1, 'Pieza', 8300.00, 0, NULL, 8300.00),
(70, 2, 'artem love seat in espresso f.a349-sm6071-lv', NULL, 1, 'Pieza', 0.00, 0, NULL, 0.00),
(70, 3, NULL, NULL, 1, NULL, 0.00, 0, NULL, 0.00),
(71, 1, 'cabecera', NULL, 1, 'Lote', 3500.00, 0, NULL, NULL),
(71, 2, 'espejo color chocolate', NULL, 2, 'Pieza', 0.00, 0, NULL, NULL),
(72, 1, 'f.a 191-buffet', NULL, 1, 'Pieza', 5434.00, 0, NULL, 5434.00),
(73, 3, 'sofa y love seat f.a377', NULL, 1, 'Lote', 14000.00, 0, NULL, 14000.00),
(74, 1, '1 ESPEJO ECONOMICO', NULL, 1, 'Pieza', 100.00, 0, NULL, 100.00),
(75, 1, 'Comedor en exhibicion de madera 4 sillas', NULL, 1, 'Pieza', 8000.00, 0, NULL, 8000.00),
(75, 2, 'Banco AC21400847', NULL, 1, NULL, 0.00, 0, NULL, 0.00),
(76, 1, 'Comedor c 6 sillas exhibicion', NULL, 1, 'Pieza', 4685.00, 0, NULL, 4685.00),
(77, 1, 'Colchon Queen Size 231 chiropractic', NULL, 1, 'Pieza', 1950.00, 0, NULL, 1950.00),
(78, 1, '1 espejo multiple', NULL, 1, 'Pieza', 4700.00, 0, 70, 4700.00),
(78, 2, '1 espejo multiple grande', NULL, 1, 'Pieza', 6680.00, 0, 70, 6680.00),
(79, 1, 'espejo y alfombra', NULL, 1, 'Lote', 700.00, 0, NULL, 700.00),
(80, 1, 'Cama-closet', NULL, 1, 'Lote', 22860.00, 0, NULL, 22860.00),
(81, 1, 'Espejo economico', NULL, 1, 'Pieza', 350.00, 0, 70, 350.00),
(81, 2, 'Espejo economico', NULL, 1, 'Pieza', 500.00, 0, 70, 500.00),
(82, 1, '1 espejo economico', NULL, 1, 'Pieza', 500.00, 0, 70, 500.00),
(83, 1, 'espejo economico', NULL, 1, 'Pieza', 500.00, 0, 70, 500.00),
(84, 1, 'ESPEJO ECONOMICO GRANDE', NULL, 1, 'Pieza', 500.00, 0, 70, 500.00),
(85, 1, 'espejos economicos de 100', NULL, 2, 'Pieza', 120.00, 0, NULL, 240.00),
(86, 1, '1 espejo economico', NULL, 1, 'Pieza', 100.00, 0, 0, 100.00),
(87, 1, 'tocador 4 cajones chocolate en exhibicion', NULL, 1, 'Pieza', 3000.00, 0, NULL, 3000.00),
(87, 2, 'Tocador en exhibicion color madera', NULL, 1, 'Pieza', 2000.00, 0, NULL, 2000.00),
(87, 3, 'litera', NULL, 1, 'Pieza', 2000.00, 0, NULL, 2000.00),
(88, 1, 'Cajonera en Color chocolate', NULL, 1, 'Pieza', 1500.00, 0, NULL, 1500.00),
(88, 2, 'Zapato negro #6 1/2', NULL, 1, 'Pieza', 150.00, 0, NULL, 150.00),
(88, 3, '1 espejo economico', NULL, 1, 'Pieza', 100.00, 0, NULL, 100.00),
(89, 1, 'Sala AC 1514515146P356', NULL, 1, 'Pieza', 7680.00, 0, 15, 7680.00),
(90, 1, 'espejos economicos 2 chicos y 1 largo', NULL, 3, 'Pieza', 100.00, 0, NULL, 300.00),
(91, 1, 'espejo economico mediano', NULL, 1, 'Pieza', 100.00, 0, NULL, 100.00),
(92, 1, 'espejos economicos 1 mediano y 1 largo', NULL, 2, 'Pieza', 100.00, 0, NULL, 200.00),
(93, 1, 'espejo grande negro con vivos oro', NULL, 1, 'Pieza', 1000.00, 0, NULL, 1000.00),
(94, 1, 'cm-bk458f-exp     f.a 166', NULL, 1, 'Lote', 389.00, 0, NULL, 389.00),
(94, 2, 'cm-bk458ctr-exp  f.a 166', NULL, 1, 'Lote', 145.00, 0, NULL, 145.00),
(95, 1, 'FA65 CM7815BK-CK, 2 buros, Cajonera, tocador y espejo', NULL, 1, 'Lote', 17000.00, 0, NULL, 17000.00),
(96, 1, 'Tocador tipo cherry en Negro', NULL, 1, 'Pieza', 2500.00, 0, NULL, 2500.00),
(97, 1, 'Cajonera chocolate en exhibicion', NULL, 1, 'Pieza', 3000.00, 0, NULL, 3000.00),
(98, 1, 'Espejo economico largo', NULL, 1, 'Pieza', 100.00, 0, NULL, 100.00),
(99, 1, 'Mesa imitacion marmol en REMATE', NULL, 1, 'Pieza', 1000.00, 0, NULL, 1000.00),
(100, 1, 'espejos economicos', NULL, 2, 'Pieza', 100.00, 0, 0, 200.00),
(101, 1, 'espejos economicos', NULL, 2, 'Pieza', 100.00, 0, NULL, 200.00),
(103, 1, 'Espejo chocolate de 3 vistas', NULL, 1, 'Pieza', 1100.00, 0, NULL, 1100.00),
(104, 1, 'cajonera con dos cajones de 24''''', NULL, 1, 'Pieza', 0.00, 0, NULL, NULL),
(104, 2, 'gabinete base de 10'''' una puerta un entrepaño', NULL, 2, 'Pieza', 0.00, 0, NULL, NULL),
(104, 3, 'acabado en laca color blanco igual al de la cocina', NULL, 1, 'Lote', 550.00, 0, NULL, NULL),
(105, 1, 'cabecera en exhibicion  queen', NULL, 1, 'Pieza', 950.00, 0, NULL, 950.00),
(106, 1, 'Centro de TV ac 615024740247502476', NULL, 1, 'Lote', 536.00, 0, NULL, 536.00),
(107, 1, 'mesa en exhibicion walnut 30"', NULL, 1, 'Pieza', 1500.00, 0, NULL, 1500.00),
(108, 1, 'espejos economicos', NULL, 5, 'Pieza', 100.00, 0, NULL, 500.00),
(109, 1, 'Comedor 4 sillas ACP237 16655', NULL, 1, 'Lote', 7550.00, 0, NULL, 7550.00),
(110, 1, 'remozar cosina en mancha color expreso no incluye interior gabinetes brilló semimate', NULL, 1, 'Lote', 1500.00, 0, NULL, 1500.00),
(110, 2, 'incluye jaladeras de barra.', NULL, 1, 'Lote', 0.00, 0, NULL, 0.00),
(110, 3, 'incluye bisagras ocultas.', NULL, 1, 'Lote', 0.00, 0, NULL, 0.00),
(111, 1, 'Suministro y Fabricación de cubierta de granito para barra.', NULL, 1, 'Lote', 340.00, 0, NULL, 340.00),
(112, 1, 'Cama Indivuidual Metal', NULL, 1, 'Pieza', 1700.00, 0, NULL, 1700.00),
(112, 2, 'Flete', NULL, 1, 'Pieza', 150.00, 0, NULL, 150.00),
(113, 1, 'Cama AC81 21270Q', NULL, 1, 'Pieza', 6734.00, 0, 12, 6734.00),
(114, 1, 'Multiespejo de 8', NULL, 1, 'Pieza', 2000.00, 0, NULL, 2000.00),
(115, 1, 'Cama trineo en exhibicion', NULL, 1, 'Pieza', 3500.00, 0, NULL, 3500.00),
(115, 2, 'colchon combo', NULL, 1, 'Pieza', 1650.00, 0, NULL, 1650.00),
(116, 1, 'Sofa chocolate e indiv exhibicion', NULL, 1, 'Lote', 6800.00, 11, NULL, 6800.00),
(117, 1, 'mesa esquinera AC60380305', NULL, 1, 'Pieza', 1200.00, 11, NULL, 1200.00),
(118, 1, 'BURO P39', NULL, 2, 'Pieza', 146.00, 0, 5, 292.00),
(118, 2, 'CAMA QUEEN P39', NULL, 1, 'Pieza', 334.00, 0, 20, 334.00),
(118, 3, 'TOCADOR P39', NULL, 1, 'Pieza', 448.00, 0, 20, 448.00),
(118, 4, 'ESPEJO P39', NULL, 1, 'Pieza', 122.00, 0, 20, 122.00),
(118, 5, 'CAJONERA P39', NULL, 1, 'Pieza', 400.00, 0, 25, 400.00),
(119, 1, 'Comedor c 4 sillas AC24506848', NULL, 1, 'Lote', 5200.00, 0, NULL, NULL),
(119, 2, 'Barra c 6 sillas AC25710232235', NULL, 1, 'Lote', 12766.00, 0, NULL, NULL),
(120, 1, 'Comedor con extension en exhibicion', NULL, 1, 'Lote', 4000.00, 0, NULL, 4000.00),
(121, 1, 'REPINTAR CAJONERA COLOR NEGRO MATE', NULL, 1, 'Pieza', 100.00, 0, 0, 100.00),
(122, 1, 'Sofa Reclinable AC32510630', NULL, 1, 'Pieza', 7800.00, 0, 12, NULL),
(122, 2, 'Sillon ind recl AC42959092', NULL, 1, 'Pieza', 4940.00, 0, 12, NULL),
(123, 1, 'Buro AC3220213', NULL, 1, 'Pieza', 3000.00, 0, 0, NULL),
(123, 2, 'Mesa centro AC56580187', NULL, 1, 'Pieza', 4400.00, 0, NULL, NULL),
(124, 1, 'modelo versallers gr4 chocolate 2.20 x 1.90', NULL, 1, 'Lote', 14169.60, 0, NULL, NULL),
(125, 1, 'Sala Completa AC16 501555657', NULL, 1, 'Lote', 44174.00, 0, 12, NULL),
(125, 2, 'Recamara completa AC 15', NULL, 1, 'Lote', 69758.00, 0, 12, NULL),
(126, 1, 'Comedor vidrio c/8 sillas AC19470610', NULL, 1, 'Lote', 8034.00, 0, 12, NULL),
(126, 2, 'Sala FA347 Sofa y Chair', NULL, 1, 'Lote', 10894.00, 0, 12, NULL),
(126, 3, 'Sala Secc AC414 51210', NULL, 1, 'Lote', 7514.00, 0, 12, NULL),
(126, 4, 'Sofa secc ac 417 15068', NULL, 1, 'Lote', 6994.00, 0, 12, NULL),
(127, 1, 'Sala en L AC41315900', NULL, 1, 'Pieza', 10400.00, 0, 12, NULL),
(127, 2, 'Sofa Barcelona Sussex chocolate GR1', NULL, 1, 'Pieza', 8450.00, 0, NULL, NULL),
(128, 1, 'test', NULL, 1, 'Pieza', 100.00, 10, 16, 100.00),
(129, 1, NULL, 95, 1, 'Lote', NULL, 0, NULL, 0.00),
(129, 2, NULL, 94, 1, NULL, 150.00, 0, NULL, 150.00),
(130, 1, NULL, 93, 1, NULL, 190.00, 0, NULL, 190.00),
(130, 2, NULL, 95, 1, 'Lote', NULL, 0, NULL, 0.00),
(130, 3, NULL, 94, 1, NULL, 150.00, 0, NULL, 150.00),
(131, 1, NULL, 91, 1, 'Pieza', 3500.00, 0, NULL, 3500.00),
(132, 1, NULL, 94, 1, NULL, 150.00, 0, NULL, 150.00),
(133, 1, NULL, 92, 2, NULL, 3400.00, 0, NULL, 6800.00),
(134, 1, NULL, 91, 2, 'Pieza', 3500.00, 0, NULL, 7000.00),
(135, 1, 'Cama AC7920420Q', NULL, 1, 'Pieza', 7320.00, 0, NULL, 7320.00),
(135, 2, 'Comedor marmol con 6 sillas blancas en exhibicion', NULL, 1, 'Pieza', 10000.00, 0, NULL, 10000.00),
(135, 3, 'Cama metal individual en exhibicion con colchon', NULL, 1, 'Pieza', 2950.00, 0, NULL, 2950.00);

-- --------------------------------------------------------

--
-- Estructura de tabla para la tabla `erp_sale_order_payments`
--

CREATE TABLE IF NOT EXISTS `erp_sale_order_payments` (
  `sale_order_id` int(11) NOT NULL,
  `sale_order_payment_id` int(11) NOT NULL,
  `sale_order_payment_receipt_number` varchar(16) DEFAULT NULL,
  `sale_order_payment_receipt_prefix` varchar(5) DEFAULT NULL,
  `sale_order_payment_text` varchar(128) DEFAULT NULL,
  `sale_order_payment_date` datetime DEFAULT NULL,
  `sale_order_payment_time` varchar(10) DEFAULT NULL,
  `sale_order_payment_amount` decimal(14,2) DEFAULT NULL,
  `sale_order_payment_method` varchar(64) DEFAULT NULL,
  `sale_order_payment_cdate` datetime DEFAULT NULL,
  `sale_order_payment_lmdate` datetime DEFAULT NULL,
  `user_id` int(11) DEFAULT NULL,
  PRIMARY KEY (`sale_order_id`,`sale_order_payment_id`)
) ENGINE=InnoDB DEFAULT CHARSET=latin1;

--
-- Volcado de datos para la tabla `erp_sale_order_payments`
--

INSERT INTO `erp_sale_order_payments` (`sale_order_id`, `sale_order_payment_id`, `sale_order_payment_receipt_number`, `sale_order_payment_receipt_prefix`, `sale_order_payment_text`, `sale_order_payment_date`, `sale_order_payment_time`, `sale_order_payment_amount`, `sale_order_payment_method`, `sale_order_payment_cdate`, `sale_order_payment_lmdate`, `user_id`) VALUES
(13, 1, NULL, NULL, NULL, '2013-10-03 07:00:00', NULL, 450.00, NULL, '2013-10-07 15:59:37', '2013-10-07 15:59:37', 52),
(13, 2, NULL, NULL, NULL, '2013-10-10 07:00:00', NULL, 315.00, NULL, '2013-10-12 18:40:24', '2013-10-12 18:40:24', 52),
(13, 3, NULL, NULL, NULL, '2013-10-12 07:00:00', NULL, 135.00, NULL, '2013-10-12 18:41:00', '2013-10-12 18:41:00', 52),
(14, 1, NULL, NULL, NULL, '2013-08-17 07:00:00', NULL, 17316.00, NULL, '2013-10-07 16:22:45', '2013-10-07 16:22:45', 52),
(14, 2, NULL, NULL, NULL, '2013-08-28 07:00:00', NULL, 16450.00, NULL, '2013-10-07 16:23:44', '2013-10-07 16:23:44', 52),
(15, 1, NULL, NULL, NULL, '2013-10-01 07:00:00', NULL, 2000.00, NULL, '2013-10-07 17:05:19', '2013-10-07 17:05:19', 52),
(15, 2, NULL, NULL, NULL, '2013-11-01 07:00:00', NULL, 1600.00, NULL, '2013-11-01 22:56:42', '2013-11-01 22:56:42', 54),
(15, 3, NULL, NULL, NULL, '2014-01-10 00:00:00', NULL, 100.00, 'Efectivo', '2014-01-10 10:44:35', '2014-01-10 10:44:35', 46),
(15, 4, '8', NULL, NULL, '2014-01-10 00:00:00', NULL, 100.00, 'Efectivo', '2014-01-10 11:06:54', '2014-01-10 11:06:54', 46),
(15, 5, '0000000009', NULL, NULL, '2014-01-10 00:00:00', NULL, 100.00, 'Efectivo', '2014-01-10 14:13:57', '2014-01-10 14:13:57', 46),
(15, 6, '-10', NULL, NULL, '2014-01-31 00:00:00', NULL, 100.00, 'Efectivo', '2014-01-10 14:21:18', '2014-01-10 14:21:18', 46),
(16, 1, NULL, NULL, NULL, '2013-08-28 07:00:00', NULL, 2530.00, NULL, '2013-10-07 19:03:04', '2013-10-07 19:03:04', 52),
(16, 2, NULL, NULL, NULL, '2013-08-22 07:00:00', NULL, 2000.00, NULL, '2013-10-07 19:04:09', '2013-10-07 19:04:09', 52),
(16, 3, NULL, NULL, NULL, '2013-09-27 07:00:00', NULL, 640.00, NULL, '2013-10-07 19:05:17', '2013-10-07 19:05:17', 52),
(16, 4, NULL, NULL, NULL, '2013-10-08 07:00:00', NULL, 700.00, NULL, '2013-10-08 21:03:42', '2013-10-08 21:03:42', 52),
(17, 1, NULL, NULL, NULL, '2013-09-18 07:00:00', NULL, 400.00, NULL, '2013-10-07 20:12:10', '2013-10-07 20:12:10', 52),
(17, 2, NULL, NULL, NULL, '2013-10-04 07:00:00', NULL, 400.00, NULL, '2013-10-07 20:12:34', '2013-10-07 20:12:34', 52),
(17, 3, NULL, NULL, NULL, '2013-10-07 07:00:00', NULL, 520.00, NULL, '2013-10-07 20:13:03', '2013-10-07 20:13:03', 52),
(17, 4, NULL, NULL, NULL, '2013-10-23 07:00:00', NULL, 180.00, NULL, '2013-10-23 21:48:14', '2013-10-23 21:48:14', 52),
(18, 1, NULL, NULL, NULL, '2013-09-18 07:00:00', NULL, 200.00, NULL, '2013-10-07 23:17:11', '2013-10-07 23:17:11', 52),
(18, 2, NULL, NULL, NULL, '2013-10-30 07:00:00', NULL, 250.00, NULL, '2013-10-07 23:17:37', '2013-10-07 23:17:37', 52),
(19, 1, NULL, NULL, NULL, '2013-10-07 23:30:28', NULL, 969.23, NULL, '2013-10-07 23:31:17', '2013-10-07 23:31:17', 52),
(19, 2, 'A-0000000011', NULL, NULL, '2014-01-10 00:00:00', NULL, 100.00, 'Efectivo', '2014-01-10 14:22:45', '2014-01-10 14:22:45', 46),
(19, 3, 'A-00000012', NULL, NULL, '2014-01-31 00:00:00', NULL, 300.00, 'Efectivo', '2014-01-10 14:23:16', '2014-01-10 14:30:28', 46),
(19, 4, 'A-0000013', NULL, NULL, '2014-01-10 21:23:16', NULL, 200.00, NULL, '2014-01-10 14:23:40', '2014-01-10 14:23:40', 46),
(20, 1, NULL, NULL, NULL, '2013-10-02 07:00:00', NULL, 444.00, NULL, '2013-10-07 23:35:27', '2013-10-07 23:35:27', 52),
(22, 1, NULL, NULL, NULL, '2013-10-08 07:00:00', NULL, 400.00, NULL, '2013-10-08 18:55:53', '2013-10-08 18:55:53', 52),
(23, 1, NULL, NULL, NULL, '2013-10-08 07:00:00', NULL, 100.00, NULL, '2013-10-09 00:01:19', '2013-10-09 00:01:19', 54),
(24, 1, NULL, NULL, NULL, '2013-10-11 07:00:00', NULL, 50.00, NULL, '2013-10-12 00:20:30', '2013-10-12 00:20:30', 52),
(25, 1, NULL, NULL, NULL, '2013-10-09 07:00:00', NULL, 3200.00, NULL, '2013-10-09 17:47:10', '2013-10-09 17:47:10', 54),
(27, 1, NULL, NULL, NULL, '2013-10-14 04:56:58', NULL, 30.00, NULL, '2013-10-14 04:57:06', '2013-10-14 04:57:06', 46),
(29, 1, NULL, NULL, NULL, '2013-10-14 07:00:00', NULL, 100.00, NULL, '2013-10-14 17:24:47', '2013-10-14 17:24:47', 52),
(30, 1, NULL, NULL, NULL, '2013-10-14 07:00:00', NULL, 100.00, NULL, '2013-10-14 17:29:23', '2013-10-14 17:29:23', 52),
(33, 1, NULL, NULL, NULL, '2013-10-15 07:00:00', NULL, 4000.00, NULL, '2013-10-15 23:35:58', '2013-10-15 23:35:58', 52),
(34, 1, NULL, NULL, NULL, '2013-10-11 07:00:00', NULL, 1332.00, NULL, '2013-10-16 22:36:14', '2013-10-16 22:36:14', 52),
(36, 1, NULL, NULL, NULL, '2013-10-19 07:00:00', NULL, 1350.00, NULL, '2013-10-21 22:20:22', '2013-10-21 22:20:22', 52),
(37, 1, NULL, NULL, NULL, '2013-10-21 07:00:00', NULL, 499.99, NULL, '2013-10-21 22:46:45', '2013-10-21 22:46:45', 52),
(38, 1, NULL, NULL, NULL, '2013-10-18 07:00:00', NULL, 200.00, NULL, '2013-10-23 16:27:27', '2013-10-23 16:27:27', 52),
(40, 1, NULL, NULL, NULL, '2013-10-29 07:00:00', NULL, 800.00, NULL, '2013-10-29 19:25:15', '2013-10-29 19:25:15', 52),
(41, 1, NULL, NULL, NULL, '2013-10-03 07:00:00', NULL, 450.00, NULL, '2013-10-29 21:28:56', '2013-10-29 21:28:56', 52),
(41, 2, NULL, NULL, NULL, '2013-10-10 07:00:00', NULL, 315.00, NULL, '2013-10-29 21:29:09', '2013-10-29 21:29:09', 52),
(41, 3, NULL, NULL, NULL, '2013-10-29 21:29:14', NULL, 0.00, NULL, '2013-10-29 21:29:13', '2013-10-29 21:29:13', 52),
(41, 4, NULL, NULL, NULL, '2013-10-29 21:29:18', NULL, 0.00, NULL, '2013-10-29 21:29:35', '2013-10-29 21:29:35', 52),
(42, 1, NULL, NULL, NULL, '2013-11-01 07:00:00', NULL, 800.00, NULL, '2013-11-01 18:43:19', '2013-11-01 18:43:19', 52),
(43, 1, NULL, NULL, NULL, '2013-11-01 07:00:00', NULL, 2500.00, NULL, '2013-11-01 19:09:00', '2013-11-01 19:09:00', 54),
(44, 1, NULL, NULL, NULL, '2013-11-01 07:00:00', NULL, 1900.00, NULL, '2013-11-02 16:31:42', '2013-11-02 16:31:42', 52),
(44, 2, NULL, NULL, 'anticipo pintura cocina integral', '2013-11-27 00:00:00', NULL, 1330.00, 'Efectivo', '2013-12-06 22:35:32', '2013-12-06 22:35:32', 52),
(44, 4, NULL, NULL, 'anticipo granito', '2013-11-27 00:00:00', NULL, 400.00, 'Cheque', '2013-12-06 22:38:59', '2013-12-06 22:38:59', 52),
(44, 5, NULL, NULL, 'pago total de tarja doble', '2013-11-27 00:00:00', NULL, 120.00, 'Cheque', '2013-12-06 22:39:35', '2013-12-06 22:42:17', 52),
(45, 1, NULL, NULL, NULL, '2013-10-25 07:00:00', NULL, 1526.25, NULL, '2013-11-04 17:16:42', '2013-11-04 17:16:42', 52),
(47, 3, NULL, NULL, 'ife JMMMKJLLJKJJ', '2013-11-05 08:00:00', NULL, 200.00, 'Tarjeta', '2013-11-06 00:31:46', '2013-11-06 00:31:46', 54),
(47, 4, NULL, NULL, '1 billete de $500.00', '2013-11-06 08:00:00', NULL, 500.00, 'Efectivo', '2013-11-06 00:32:58', '2013-11-06 00:32:58', 54),
(47, 5, NULL, NULL, 'CH 123 banorte cta 456', '2013-11-07 08:00:00', NULL, 300.00, 'Cheque', '2013-11-06 00:33:22', '2013-11-06 00:33:22', 54),
(48, 1, NULL, NULL, '50% anticipo de cocina integral SO-48', '2013-11-05 08:00:00', NULL, 1250.00, 'Efectivo', '2013-11-06 03:33:04', '2013-11-06 03:33:04', 52),
(48, 2, NULL, NULL, 'anticipo pintura de SO-48', '2013-11-06 08:00:00', NULL, 850.00, 'Tarjeta', '2013-11-06 03:37:31', '2013-11-06 03:37:31', 52),
(50, 1, NULL, NULL, '1 billete de $500, 7 billetes de $200, morralla por $42.50', '2013-11-06 08:00:00', NULL, 1942.50, 'Efectivo', '2013-11-06 17:44:32', '2013-11-06 17:44:32', 54),
(51, 1, NULL, NULL, 'ANTICIPO COCINA 106-41', '2013-11-08 08:00:00', NULL, 1914.75, 'Cheque', '2013-11-06 23:59:00', '2013-11-06 23:59:00', 52),
(52, 1, NULL, NULL, 'ANTICIPO COCINA INTEGRAL', '2013-11-01 07:00:00', NULL, 1250.00, 'Efectivo', '2013-11-08 03:16:25', '2013-11-08 03:16:25', 55),
(53, 1, NULL, NULL, 'anticpo cocina camalu 104-18', '2013-10-25 07:00:00', NULL, 1332.00, 'Cheque', '2013-11-08 23:14:49', '2013-11-08 23:14:49', 52),
(53, 2, NULL, NULL, 'finiquito cocina camalu', '2013-11-08 08:00:00', NULL, 1198.80, 'Cheque', '2013-11-08 23:15:30', '2013-11-08 23:15:30', 52),
(53, 3, NULL, NULL, 'anticipo puerta modificación barra, soclo, comedor', '2013-11-08 23:15:45', NULL, 2000.00, 'Efectivo', '2013-11-08 23:15:36', '2013-11-08 23:21:54', 52),
(53, 4, NULL, NULL, 'pago de extras', '2013-11-11 00:00:00', NULL, 1000.00, 'Efectivo', '2013-11-11 20:16:46', '2013-11-22 23:22:14', 52),
(53, 5, NULL, NULL, 'pago de extras cocina', '2013-11-22 00:00:00', NULL, 3100.00, 'Cheque', '2013-11-22 23:26:08', '2013-11-22 23:26:08', 52),
(54, 1, NULL, NULL, 'ANTICIPO DE CORTE DE REPIZAS', '2013-11-08 08:00:00', NULL, 100.00, 'Efectivo', '2013-11-08 23:42:06', '2013-11-08 23:42:06', 52),
(55, 1, NULL, NULL, 'hdjhgfjfkkfkh', '2013-11-11 08:00:00', NULL, 1000.00, 'Tarjeta', '2013-11-12 01:44:23', '2013-11-12 01:44:23', 52),
(57, 1, NULL, NULL, 'Cheque 729 cta 9842', '2013-11-09 08:00:00', NULL, 582.75, 'Cheque', '2013-11-14 01:21:20', '2013-11-14 01:21:20', 54),
(58, 1, NULL, NULL, 'ch 728 cta 9842', '2013-11-09 08:00:00', NULL, 1423.58, 'Cheque', '2013-11-14 01:27:08', '2013-11-14 01:27:08', 54),
(59, 1, NULL, NULL, 'ch 727 cta 9842', '2013-11-09 08:00:00', NULL, 1198.80, 'Cheque', '2013-11-14 01:29:32', '2013-11-14 01:29:32', 54),
(60, 1, NULL, NULL, 'ch 789 cta 1810', '2013-11-09 08:00:00', NULL, 1373.63, 'Cheque', '2013-11-14 01:33:09', '2013-11-14 01:33:09', 54),
(61, 1, NULL, NULL, 'ch 788 cta 1810', '2013-11-09 08:00:00', NULL, 1423.58, 'Cheque', '2013-11-14 01:37:13', '2013-11-14 01:37:13', 54),
(62, 1, NULL, NULL, 'ch num 2046187 cta 6570154 HSBC a nombre de fadrique Medina', '2013-11-15 08:00:00', NULL, 8950.00, 'Cheque', '2013-11-16 01:39:58', '2013-11-16 01:39:58', 54),
(63, 1, NULL, NULL, 'anticipo  de trabajo de carpintería', '2013-10-18 07:00:00', NULL, 600.00, 'Efectivo', '2013-11-16 21:23:20', '2013-11-16 21:23:20', 52),
(63, 2, NULL, NULL, '2do anticipo de trabajo de carpintería', '2013-11-02 07:00:00', NULL, 1000.00, 'Efectivo', '2013-11-16 21:23:56', '2013-11-16 21:23:56', 52),
(64, 1, NULL, NULL, '1 billete de $500.00, 1 Billete de $200.00, 1 billete de $100.00', '2013-11-16 08:00:00', NULL, 800.00, 'Efectivo', '2013-11-16 21:56:42', '2013-11-16 21:56:42', 54),
(65, 1, NULL, NULL, 'anticipo de trabajo de carpintería', '2013-11-14 08:00:00', NULL, 380.00, 'Efectivo', '2013-11-16 22:16:05', '2013-11-16 22:16:05', 52),
(66, 1, NULL, NULL, NULL, '2013-11-17 08:00:00', NULL, 10500.00, 'Tarjeta', '2013-11-18 00:31:04', '2013-11-18 00:31:04', 54),
(67, 1, NULL, NULL, '2 BILLETES DE $100.00', '2013-11-17 08:00:00', NULL, 200.00, 'Efectivo', '2013-11-18 01:08:57', '2013-11-18 01:08:57', 54),
(68, 1, NULL, NULL, 'tarjeta Aut 028342 descto de 27.20', '2013-11-17 08:00:00', NULL, 6400.00, 'Tarjeta', '2013-11-18 01:51:26', '2013-11-18 01:51:26', 54),
(68, 2, NULL, NULL, NULL, '2013-11-17 08:00:00', NULL, 27.20, 'Efectivo', '2013-11-18 01:51:39', '2013-11-18 01:51:39', 54),
(70, 1, NULL, NULL, 'apartado sofa y love seat', '2013-11-18 08:00:00', NULL, 5000.00, 'Efectivo', '2013-11-18 22:20:10', '2013-11-18 22:20:10', 52),
(71, 1, NULL, NULL, NULL, '2013-11-18 08:00:00', NULL, 3500.00, 'Tarjeta', '2013-11-19 19:34:53', '2013-11-19 19:34:53', 54),
(72, 1, NULL, NULL, NULL, '2013-11-18 08:00:00', NULL, 5434.00, 'Tarjeta', '2013-11-19 18:07:48', '2013-11-19 18:07:48', 54),
(73, 1, NULL, NULL, 'Tarjeta Aut 034233', '2013-11-18 08:00:00', NULL, 4000.00, 'Tarjeta', '2013-11-19 18:02:43', '2013-11-19 18:02:43', 54),
(73, 2, NULL, NULL, 'efectivo pagado a fadrique', '2013-11-18 08:00:00', NULL, 10000.00, 'Efectivo', '2013-11-19 18:02:59', '2013-11-19 18:02:59', 54),
(74, 1, NULL, NULL, '1 BILLETE DE $100.00', '2013-11-19 08:00:00', NULL, 100.00, 'Efectivo', '2013-11-19 20:19:57', '2013-11-19 20:19:57', 54),
(75, 1, NULL, NULL, 'Saldo de 5000.00', '2013-11-19 08:00:00', NULL, 3000.00, 'Tarjeta', '2013-11-19 23:39:44', '2013-11-19 23:39:44', 54),
(75, 2, NULL, NULL, NULL, '2013-11-30 00:00:00', NULL, 5000.00, 'Tarjeta', '2013-12-01 01:00:37', '2013-12-01 01:00:37', 59),
(76, 1, NULL, NULL, 'Aut 099482', '2013-11-20 00:00:00', NULL, 2685.00, 'Tarjeta', '2013-11-22 21:36:03', '2013-11-22 21:36:03', 54),
(76, 2, NULL, NULL, 'Fadrique', '2013-12-23 00:00:00', NULL, 2000.00, 'Efectivo', '2013-12-26 18:59:36', '2013-12-26 18:59:36', 59),
(77, 1, NULL, NULL, '2 billetes de $500.00', '2013-11-21 00:00:00', NULL, 1000.00, 'Efectivo', '2013-11-21 21:02:35', '2013-11-21 21:02:35', 54),
(77, 2, NULL, NULL, NULL, '2013-11-29 00:00:00', NULL, 950.00, 'Efectivo', '2013-11-30 17:35:09', '2013-11-30 17:35:09', 59),
(78, 1, NULL, NULL, 'aUT 042454', '2013-11-22 00:00:00', NULL, 2800.00, 'Tarjeta', '2013-11-22 21:00:08', '2013-11-22 21:00:08', 54),
(78, 2, NULL, NULL, 'Descuento por redondeo', '2013-11-22 00:00:00', NULL, 14.00, 'Efectivo', '2013-11-22 22:03:40', '2013-11-22 22:03:40', 54),
(78, 3, NULL, NULL, 'Vs entrega en domicilio', '2013-11-23 00:00:00', NULL, 600.00, 'Efectivo', '2013-11-24 02:49:50', '2013-11-24 02:49:50', 54),
(79, 1, NULL, NULL, NULL, '2013-11-20 00:00:00', NULL, 700.00, 'Efectivo', '2013-11-22 21:37:55', '2013-11-22 21:37:55', 54),
(80, 1, NULL, NULL, 'Aut 633877', '2013-11-23 00:00:00', NULL, 11430.00, 'Tarjeta', '2013-11-23 19:25:51', '2013-11-23 19:25:51', 54),
(80, 2, NULL, NULL, 'AUT 066913', '2013-12-11 00:00:00', NULL, 8001.00, 'Tarjeta', '2013-12-12 00:30:10', '2013-12-12 00:30:10', 59),
(81, 1, NULL, NULL, '1 billete de $200, 1 de $50.00', '2013-11-23 00:00:00', NULL, 250.00, 'Efectivo', '2013-11-23 20:25:30', '2013-11-23 20:25:30', 54),
(81, 2, NULL, NULL, 'Descuento x redondeo', '2013-11-23 00:00:00', NULL, 5.00, 'Efectivo', '2013-11-23 20:25:48', '2013-11-23 20:25:48', 54),
(82, 1, NULL, NULL, 'pago solo 11 dlls x falta de cambio de merofa', '2013-11-23 00:00:00', NULL, 143.00, 'Efectivo', '2013-11-23 20:28:14', '2013-11-23 20:28:14', 54),
(82, 2, NULL, NULL, 'descuento por redondeo o falta de cambio', '2013-11-23 00:00:00', NULL, 7.00, 'Efectivo', '2013-11-23 20:28:30', '2013-11-23 20:28:30', 54),
(83, 1, NULL, NULL, 'Pagado con un billete de $200.00, cambio de $50.00', '2013-11-23 00:00:00', NULL, 150.00, 'Efectivo', '2013-11-23 20:53:51', '2013-11-23 20:53:51', 54),
(84, 1, NULL, NULL, '3 BILLETES DE $50.00', '2013-11-23 00:00:00', NULL, 150.00, 'Efectivo', '2013-11-23 22:58:55', '2013-11-23 22:58:55', 54),
(85, 1, NULL, NULL, 'AUT 028283', '2013-11-23 00:00:00', NULL, 240.00, 'Tarjeta', '2013-11-24 01:35:30', '2013-11-24 01:35:30', 54),
(86, 1, NULL, NULL, 'billete de $200.00', '2013-11-23 00:00:00', NULL, 100.00, 'Efectivo', '2013-11-24 02:20:05', '2013-11-24 02:20:05', 54),
(87, 1, NULL, NULL, '3 billeres de $20.00 dlls', '2013-11-24 00:00:00', NULL, 768.00, 'Efectivo', '2013-11-24 21:52:50', '2013-11-24 21:52:50', 54),
(87, 2, NULL, NULL, NULL, '2013-11-30 00:00:00', NULL, 3000.00, 'Efectivo', '2013-11-30 17:58:41', '2013-11-30 17:58:41', 59),
(88, 1, NULL, NULL, '3 BILLETES DE $500.00, 2 BILLETES DE $100.00 Y 1 DE $50.00', '2013-11-24 00:00:00', NULL, 1750.00, 'Efectivo', '2013-11-24 23:02:13', '2013-11-24 23:02:13', 54),
(89, 1, NULL, NULL, 'aUT 015127', '2013-11-24 00:00:00', NULL, 6500.00, 'Tarjeta', '2013-11-25 02:47:32', '2013-11-25 02:47:32', 54),
(89, 2, NULL, NULL, 'DESCUENTO X REDONDEO', '2013-11-24 00:00:00', NULL, 28.00, 'Efectivo', '2013-11-25 02:47:46', '2013-11-25 02:47:46', 54),
(90, 1, NULL, NULL, NULL, '2013-11-24 00:00:00', NULL, 300.00, 'Efectivo', '2013-11-25 19:34:15', '2013-11-25 19:34:15', 54),
(91, 1, NULL, NULL, '1 billete de $100.00', '2013-11-25 00:00:00', NULL, 100.00, 'Efectivo', '2013-11-25 20:58:18', '2013-11-25 20:58:18', 54),
(92, 1, NULL, NULL, '4 billetes de $50.00', '2013-11-25 00:00:00', NULL, 200.00, 'Efectivo', '2013-11-25 21:41:15', '2013-11-25 21:41:15', 54),
(93, 1, NULL, NULL, '2 de $200 y 1 de $100', '2013-11-25 00:00:00', NULL, 500.00, 'Efectivo', '2013-11-26 00:20:58', '2013-11-26 00:20:58', 54),
(94, 1, NULL, NULL, 'adelanto litera', '2013-11-25 00:00:00', NULL, 353.00, 'Efectivo', '2013-11-26 02:21:17', '2013-11-26 02:21:17', 52),
(95, 1, NULL, NULL, NULL, '2013-11-25 00:00:00', NULL, 5000.00, 'Efectivo', '2013-11-26 03:44:26', '2013-11-26 03:44:26', 54),
(95, 2, NULL, NULL, NULL, '2013-11-27 00:00:00', NULL, 8500.00, 'Efectivo', '2013-11-28 19:33:31', '2013-11-28 19:33:31', 54),
(95, 3, NULL, NULL, 'Sergio', '2013-11-29 00:00:00', NULL, 3500.00, 'Efectivo', '2013-12-01 00:59:50', '2013-12-01 00:59:50', 59),
(96, 1, NULL, NULL, NULL, '2013-11-27 00:00:00', NULL, 2500.00, 'Efectivo', '2013-11-28 19:33:04', '2013-11-28 19:33:04', 54),
(97, 1, NULL, NULL, NULL, '2013-11-29 00:00:00', NULL, 2000.00, 'Efectivo', '2013-11-30 02:51:04', '2013-11-30 02:51:04', 59),
(98, 1, NULL, NULL, NULL, '2013-11-29 00:00:00', NULL, 100.00, 'Efectivo', '2013-11-30 17:39:11', '2013-11-30 17:39:11', 59),
(99, 1, NULL, NULL, NULL, '2013-11-30 00:00:00', NULL, 600.00, 'Efectivo', '2013-11-30 21:05:26', '2013-11-30 21:05:26', 59),
(99, 2, NULL, NULL, 'Entrego serrucho a cambio de 400 pesos de saldo', '2013-12-14 00:00:00', NULL, 400.00, 'Efectivo', '2013-12-15 01:44:04', '2013-12-15 01:44:04', 59),
(100, 1, NULL, NULL, NULL, '2013-11-30 00:00:00', NULL, 200.00, 'Efectivo', '2013-11-30 21:38:07', '2013-11-30 21:38:07', 59),
(101, 1, NULL, NULL, NULL, '2013-11-30 00:00:00', NULL, 200.00, 'Efectivo', '2013-11-30 23:15:52', '2013-11-30 23:15:52', 59),
(103, 1, NULL, NULL, NULL, '2013-12-03 00:00:00', NULL, 500.00, 'Efectivo', '2013-12-04 00:01:52', '2013-12-04 00:01:52', 59),
(103, 2, NULL, NULL, NULL, '2013-12-10 00:00:00', NULL, 600.00, 'Efectivo', '2013-12-11 00:53:02', '2013-12-11 00:53:02', 59),
(104, 1, NULL, NULL, 'adelanto de trabajo de carpintería', '2013-12-04 00:00:00', NULL, 130.80, 'Efectivo', '2013-12-04 19:18:13', '2013-12-04 19:18:13', 52),
(105, 1, NULL, NULL, NULL, '2013-12-04 00:00:00', NULL, 200.00, 'Efectivo', '2013-12-04 23:00:30', '2013-12-04 23:00:30', 59),
(106, 1, NULL, NULL, NULL, '2013-12-05 00:00:00', NULL, 440.00, 'Efectivo', '2013-12-05 22:09:52', '2013-12-05 22:09:52', 59),
(107, 1, NULL, NULL, 'Apartada', '2013-12-07 00:00:00', NULL, 300.00, 'Efectivo', '2013-12-08 01:11:27', '2013-12-08 01:11:27', 59),
(107, 2, NULL, NULL, NULL, '2013-12-10 00:00:00', NULL, 1200.00, 'Efectivo', '2013-12-11 00:18:11', '2013-12-11 00:18:11', 59),
(108, 1, NULL, NULL, NULL, '2013-12-08 00:00:00', NULL, 300.00, 'Efectivo', '2013-12-08 22:12:15', '2013-12-08 22:12:15', 59),
(108, 2, NULL, NULL, NULL, '2013-12-08 00:00:00', NULL, 200.00, 'Efectivo', '2013-12-09 01:13:56', '2013-12-09 01:13:56', 59),
(109, 1, NULL, NULL, NULL, '2013-12-11 00:00:00', NULL, 4000.00, 'Efectivo', '2013-12-12 02:39:28', '2013-12-12 02:39:28', 59),
(109, 2, NULL, NULL, NULL, '2013-12-13 00:00:00', NULL, 3550.00, 'Efectivo', '2013-12-15 00:36:55', '2013-12-15 00:36:55', 59),
(110, 1, NULL, NULL, 'anticipo de trabajo de pintura de cocina.', '2013-12-16 00:00:00', NULL, 750.00, 'Efectivo', '2013-12-16 17:52:28', '2013-12-16 17:52:28', 52),
(111, 1, NULL, NULL, 'anticipo cubierta de granito', '2013-12-17 00:00:00', NULL, 170.00, 'Efectivo', '2013-12-17 20:28:36', '2013-12-17 20:28:55', 52),
(113, 1, NULL, NULL, NULL, '2013-12-22 00:00:00', NULL, 3000.00, 'Efectivo', '2013-12-22 20:57:57', '2013-12-22 20:57:57', 59),
(114, 1, NULL, NULL, NULL, '2013-12-22 00:00:00', NULL, 2000.00, 'Efectivo', '2013-12-22 20:57:31', '2013-12-22 20:57:31', 59),
(115, 1, NULL, NULL, 'Aut 000749', '2013-12-22 00:00:00', NULL, 5150.00, 'Tarjeta', '2013-12-23 00:32:55', '2013-12-23 00:32:55', 59),
(116, 1, NULL, NULL, NULL, '2013-12-29 00:00:00', NULL, 7548.00, 'Tarjeta', '2013-12-30 02:21:31', '2013-12-30 02:21:31', 59),
(117, 1, NULL, NULL, NULL, '2013-12-29 00:00:00', NULL, 1332.00, 'Tarjeta', '2013-12-30 03:15:05', '2013-12-30 03:15:05', 59),
(118, 1, NULL, NULL, 'COMPRA DE RECAMARA', '2014-01-02 00:00:00', NULL, 1000.00, 'Efectivo', '2014-01-03 02:21:00', '2014-01-03 02:21:00', 52),
(120, 1, NULL, NULL, NULL, '2014-01-04 00:00:00', NULL, 4000.00, 'Efectivo', '2014-01-04 19:27:19', '2014-01-04 19:27:19', 59),
(121, 1, NULL, NULL, 'ANTICIPO DE TRABAJO DE PINTURA', '2014-01-07 00:00:00', NULL, 50.00, 'Efectivo', '2014-01-07 17:14:58', '2014-01-07 17:14:58', 52),
(128, 1, 'A-0000017', NULL, NULL, '2014-03-16 00:00:00', NULL, 90.00, 'Tarjeta', '2014-03-16 21:39:18', '2014-03-16 21:39:18', 46),
(131, 1, 'A-0000018', NULL, 'Venta en efectivo', '2014-04-17 01:32:03', NULL, 4000.00, NULL, '2014-04-16 16:32:03', '2014-04-16 16:32:03', 46),
(132, 1, 'A-0000019', NULL, 'Venta en efectivo', '2014-04-17 07:08:23', NULL, 150.00, '0', '2014-04-16 22:08:23', '2014-04-16 22:08:23', 46),
(133, 1, 'A-0000020', NULL, 'Punto de Venta', '2014-04-17 07:42:51', NULL, 6800.00, '0', '2014-04-16 22:42:51', '2014-04-16 22:42:51', 46),
(134, 1, 'A-0000021', NULL, 'Punto de Venta', '2014-04-17 08:00:45', NULL, 7000.00, '0', '2014-04-16 23:00:45', '2014-04-16 23:00:45', 46);

-- --------------------------------------------------------

--
-- Estructura de tabla para la tabla `erp_suppliers`
--

CREATE TABLE IF NOT EXISTS `erp_suppliers` (
  `supplier_id` int(11) NOT NULL AUTO_INCREMENT,
  `supplier_name` varchar(64) DEFAULT NULL,
  `supplier_rfc` varchar(16) DEFAULT NULL,
  `supplier_telephone` varchar(16) DEFAULT NULL,
  `supplier_email` varchar(128) DEFAULT NULL,
  `supplier_address` varchar(256) DEFAULT NULL,
  `supplier_cp` varchar(8) DEFAULT NULL,
  `supplier_city` varchar(32) DEFAULT NULL,
  `supplier_country` varchar(32) DEFAULT NULL,
  `supplier_notes` varchar(128) DEFAULT NULL,
  PRIMARY KEY (`supplier_id`)
) ENGINE=InnoDB  DEFAULT CHARSET=latin1 AUTO_INCREMENT=26 ;

--
-- Volcado de datos para la tabla `erp_suppliers`
--

INSERT INTO `erp_suppliers` (`supplier_id`, `supplier_name`, `supplier_rfc`, `supplier_telephone`, `supplier_email`, `supplier_address`, `supplier_cp`, `supplier_city`, `supplier_country`, `supplier_notes`) VALUES
(1, 'igra  herrajes', 'iha0502101hy6', '6213456', 'igra@hotmail.com', 'calle    de la  luz   no.34267', '222190', 'tijuana', 'mexco', 'proveedor de herrajes para cocina, bisagras, rieles, tornillos jaladeras etc'),
(2, 'Jose Luis Hernandez', NULL, '6642-41-05-40', 'mpher@live.com.mx', 'calle montes elbus 66260 col. loma bonita', NULL, 'tijuana B.C.', 'Mexico', 'nombre del negocio Imper. proveedor de camisas, bordados lonas y publicidad.'),
(3, 'Castel Califoria S DE  RL DE C.V.', NULL, '2503042', 'robertocontreras@live.com', 'CALLE 5 SUR #152 BODEGA B COL. CUIDAD INDUSTRIAL', '22505', 'TIJUANA B.C.', 'MEXICO.', 'PROVEEDOR DE AZULEJOS, BAÑOS Y CABINAS.'),
(4, 'PRONOTINOX S.A DE C.V.', NULL, '6829657', 'santiago_inox@hotmail.com', 'CALLE MIGUEL ANZURES 11665 COLONIA LIBERTAD PARTE BAJA ENTRE 14 Y 15', '22300', 'TIJUANA B.C.', 'MEXICO', 'proveedor acero inoxidable. soclos y partes hechas a la medida en acero.'),
(5, 'Ferreteria hipodromo S de RL de CV', 'FHI120704JN7', '6646080624 Y 681', 'ventasferrehipodromo@hotmail.com', 'Calle Alba Roja 12974 Hipodromo Dos', '22195', 'Tijuana', 'Mexico', 'Proveedor de materiales para construccion de cocinas'),
(6, 'Recolectora de desechos y residuos King Kong SA de CV', 'RDR891221I38', '6646341420', 'jmambriz@pasa.mx', 'Carretera Libre Tijuana-Ensenada 8000 106 A El Tecolote', '22644', 'Tijuana', 'Mexico', 'Proveedor de recoleccion de basura, el correo es del encargado de cobranza Manuel Ambriz'),
(7, 'Productos Rivial SA de CV', 'PRI801112S59', '6270078', 'tijuanacat@prisa.com.mx', 'Tabachin 1254 Col. Del Fresno', '44900', 'Guadalajara', 'Mexico', 'Proveedor de fondo de nitro, sellador alta viscosidad'),
(8, 'Almacenes Camarena SA de CV', 'ACA831202EQ4', '6646261471', NULL, 'Bernardo Ohiggins #1 Fracc San Antonio la Mesa', '22605', 'Tijuana', 'Mexico', 'Proveedor de Pinturas'),
(9, 'Suministros Informaticos y Medicos S de RL de CV', 'SIA070214IS3', '6643440410 Y 344', 'smibc@smibc.com', 'Av Via Rapida poniente #12500-9 Col. Los Santos', '22104', 'Tijuana', 'Mexico', 'Proveedor de tinta para impresora'),
(10, 'Ladislao Mario Menchaca Sinencio', 'MESL691012HN6', '1041817, 6857747', NULL, 'Blvd las americas 5399 Local 1Fracc Lomas de Agua Caliente', '22030', 'Tijuana', 'Mexico', 'Proveedor de tonher'),
(11, 'Tornillos Baja SA de CV', 'TBA020610Q42', '664', NULL, 'Av Los pollos 30 C Las Lilas Arboles y Cedros', '22105', 'Tijuana', 'Mexico', NULL),
(12, 'Jose Alberto de la Cruz Chavarin', 'CUCA890921ND0', '6643808103', NULL, 'Calle jazmin 21403-B Col. Florido Seccion 1', '22237', 'Tijuana', 'Mexico', 'Proveedor de Anuncio Neon  (Print-Jet Digital solutions)'),
(13, 'Rosenda Gonzalez Diaz', 'GODR6201153R3', '6646080097', 'ferreteria_construmatfer@hotmail.com', 'Av Alba Roja No. 14110 Col. Sonoita', '22106', 'Tijuana', 'Mexico', 'Proveedor de materiales ferreteros'),
(14, 'Materiales nungaray S de RL de CV', 'MNU000503D67', '6217550 Y 622493', 'facturacion@materialesnungaray.com', 'Calle Laguna Salada No. 14823 Col. Los Santos', '22125', 'Tijuana', 'Mexico', 'segundo correo: anap@materialesnungaray.com'),
(15, 'Cia Sherwin Williams SA de CV', 'SWI5210141J5', '6646249772', NULL, 'Privada Misiones 1115 Parque industrial Misiones', '22436', 'Tijuana', 'Mexico', 'Proveedor de pinturas'),
(16, 'Anzher Solutions S de RL de CV', 'ASO060718JA1', '1045130', NULL, 'Santa martha No. 620 Buena Vista', '22415', 'Tijuana', 'Mexico', 'Proveedor de Laca industrial y retardador'),
(17, 'Madereria Zona Norte SA de CV', 'MZN980826EF2', '6851311  6854739', 'd.arriaga@mzn.com.mx', 'Mutualismo No. 425 Zona Norte', '22000', 'Tijuana', 'Mexico', 'Proveedor de maderas'),
(18, 'Lorena Andrea Bañuelos Zamora', 'BAZL8010148N6', '6881916', 'lorebanuelos@hotmail.com', 'Calle 7ma Galeana No. 8821-2 Zona Centro', '22000', 'Tijuana', 'Mexico', 'Cerrajeria Bañuelos, proveedor de chapas'),
(19, 'Accesorios y Maderas TORRES SA de CV', 'AMT120717KL8', '1045350', NULL, 'Blvd Federico Benitez No. 202 Int 6 Col. Los españoles', '22430', 'Tijuana', 'Mexico', 'Proveedor de Triplay'),
(20, 'Alfredo Mendoza Roa', 'MERA660112848', '6220441', 'vidriostigre@hotmail.com', 'Calle Ermita Norte No. 12 Fracc santa Cruz, La mesa', '22105', 'Tijuana', 'Mexico', 'Vidrios y aluminios EL TIGRE'),
(21, 'Ernesto Villegas Magallanes', 'VIME630504RL1', '664', NULL, 'Ferrocarril 2  1 Col. Los españoles', '22430', 'Tijuana', 'Mexico', 'VSolvents proveedor de thinner lacquer 1'),
(22, 'Ferredescuentos SA de CV', 'FER0804191S2', '6609639', NULL, 'Insurgentes No. 1164-3 Los saucillos', '22660', 'Tijuana', 'Mexico', 'Materiales ferreteros'),
(23, 'Triplay y Laminados TJ SA de CV', 'TLT060223572', '9695901 AL 03', 'triplaytj@ptriplay.com.mx', 'Blvd Insurgentes No. 5200-5 Fracc El Seminario', '22590', 'Tijuana', 'Mexico', 'Correo adicional: gerenciatj@ptriplay.com.mx,'),
(24, 'Baja Paint SA de CV', 'BPA010206MSA', '6089069', NULL, 'Av de las Ferias 80  y 82 Fracc Lomas Hipodromo', '22030', 'Tijuana', 'Mexico', 'Proveedor de laca y pinturas'),
(25, 'Protomar SA de CV', 'PRO910722II5', '6862057', NULL, 'SUCURSAL: PROL, PASEO DE LOS HEROES 11951-5 COL AGUA CALIENTE', '22024', 'TIJUANA', 'MEXICO', 'TEL. 686-2028, COMPRA DE POLICARBONATO DE BRONCE');

-- --------------------------------------------------------

--
-- Estructura de tabla para la tabla `erp_taxes`
--

CREATE TABLE IF NOT EXISTS `erp_taxes` (
  `tax_id` smallint(2) NOT NULL,
  `tax_name` varchar(16) NOT NULL,
  `tax_rate` int(11) NOT NULL,
  PRIMARY KEY (`tax_id`)
) ENGINE=InnoDB DEFAULT CHARSET=latin1;

-- --------------------------------------------------------

--
-- Estructura de tabla para la tabla `erp_ums`
--

CREATE TABLE IF NOT EXISTS `erp_ums` (
  `um_id` int(11) NOT NULL AUTO_INCREMENT,
  `um_name` varchar(16) NOT NULL,
  `um_abbreviation` varchar(8) DEFAULT NULL,
  PRIMARY KEY (`um_id`)
) ENGINE=InnoDB  DEFAULT CHARSET=latin1 AUTO_INCREMENT=5 ;

--
-- Volcado de datos para la tabla `erp_ums`
--

INSERT INTO `erp_ums` (`um_id`, `um_name`, `um_abbreviation`) VALUES
(1, 'Pieza', 'Pz'),
(2, 'Lote', NULL),
(3, 'Pies', 'Ft'),
(4, 'Pies Cuadrados', 'Ft2');

-- --------------------------------------------------------

--
-- Estructura de tabla para la tabla `erp_variants`
--

CREATE TABLE IF NOT EXISTS `erp_variants` (
  `variant_id` int(4) NOT NULL AUTO_INCREMENT,
  `variant_name` varchar(32) NOT NULL,
  PRIMARY KEY (`variant_id`)
) ENGINE=InnoDB  DEFAULT CHARSET=latin1 AUTO_INCREMENT=4 ;

--
-- Volcado de datos para la tabla `erp_variants`
--

INSERT INTO `erp_variants` (`variant_id`, `variant_name`) VALUES
(3, 'Solid wood door, drawer & Frame');

-- --------------------------------------------------------

--
-- Estructura de tabla para la tabla `erp_variant_values`
--

CREATE TABLE IF NOT EXISTS `erp_variant_values` (
  `variant_id` int(11) NOT NULL,
  `variant_value_id` int(11) NOT NULL,
  `variant_value_name` varchar(64) DEFAULT NULL,
  `variant_value_picture_url` varchar(512) DEFAULT NULL,
  PRIMARY KEY (`variant_id`,`variant_value_id`)
) ENGINE=InnoDB DEFAULT CHARSET=latin1;

--
-- Volcado de datos para la tabla `erp_variant_values`
--

INSERT INTO `erp_variant_values` (`variant_id`, `variant_value_id`, `variant_value_name`, `variant_value_picture_url`) VALUES
(1, 1, 'Classic White', NULL),
(3, 1, 'Classic White', 'server/uploads/images/classic-white.jpg'),
(3, 2, 'Dark Cherry', 'server/uploads/images/dark-cherry.jpg'),
(3, 3, 'Espresso Shaker', 'server/uploads/images/expresso-shaker.jpg'),
(3, 4, 'Cherry Arch', 'server/uploads/images/cherry-arch.jpg'),
(3, 5, 'Coffee Square', 'server/uploads/images/coffee-square.jpg'),
(3, 6, 'Mocha Rope', 'server/uploads/images/mocha-rope.jpg'),
(3, 7, 'Pecan Rope', 'server/uploads/images/pecan-rope.jpg'),
(3, 8, 'Ginger Square', 'server/uploads/images/ginger-square.jpg'),
(3, 9, 'Honey Shaker', 'server/uploads/images/honey-shaker.jpg'),
(3, 10, 'Cinnamon Dove', 'server/uploads/images/cinnamon-dove.jpg');

-- --------------------------------------------------------

--
-- Estructura de tabla para la tabla `erp_work_orders`
--

CREATE TABLE IF NOT EXISTS `erp_work_orders` (
  `work_order_id` int(11) NOT NULL AUTO_INCREMENT,
  `work_order_number` varchar(32) DEFAULT NULL,
  `work_order_title` varchar(128) DEFAULT NULL,
  `work_order_creation_date` date DEFAULT NULL,
  `work_order_delivery_date` date DEFAULT NULL,
  `work_order_supervisor` int(11) DEFAULT NULL,
  `work_order_status` varchar(16) DEFAULT NULL,
  `work_order_priority` varchar(16) DEFAULT NULL,
  `work_order_notes` varchar(512) DEFAULT NULL,
  `sale_order_id` int(11) DEFAULT NULL,
  PRIMARY KEY (`work_order_id`)
) ENGINE=InnoDB  DEFAULT CHARSET=latin1 AUTO_INCREMENT=24 ;

--
-- Volcado de datos para la tabla `erp_work_orders`
--

INSERT INTO `erp_work_orders` (`work_order_id`, `work_order_number`, `work_order_title`, `work_order_creation_date`, `work_order_delivery_date`, `work_order_supervisor`, `work_order_status`, `work_order_priority`, `work_order_notes`, `sale_order_id`) VALUES
(4, 'OT-4', 'REMOZAR DOS MESAS DE CENTRO', '2013-10-13', '2013-10-18', NULL, 'Cerrada', NULL, '', 27),
(6, 'OT-6', 'COCINA 151-30xx', '2013-10-14', NULL, NULL, 'Abierta', NULL, '', 14),
(7, 'OT-7', 'REFORZAR MUEBLE Y PEGAR LAS UNIONES', '2013-10-18', '2013-11-02', NULL, 'Cerrada', NULL, '', 23),
(8, 'OT-8', 'fabricación de  ventanas', '2013-10-29', '2013-11-14', NULL, 'Cerrada', NULL, '', 40),
(9, 'OT-9', 'reforzar patas de sillaxx', '2013-11-01', '2013-11-07', NULL, 'Cerrada', NULL, '', 42),
(10, NULL, 'Sillon Reclinable', '2013-11-01', NULL, NULL, 'Cerrada', NULL, '', 25),
(11, NULL, 'Sillon Reclinable', '2013-11-01', NULL, NULL, 'Cerrada', NULL, '', 25),
(12, NULL, 'cocina integral', '2013-11-02', NULL, NULL, 'Cerrada', NULL, '', 44),
(13, 'OT-13', 'COCINA MULEGE 78-08', '2013-11-04', '2013-11-08', NULL, 'Cerrada', 'Alta', '', 45),
(14, NULL, 'Cajon para fotosxx', '2013-11-05', NULL, NULL, 'Cerrada', NULL, '', 46),
(15, 'OT-15', 'COCINA CALAFIA 106-41', '2013-11-08', '2013-11-22', NULL, 'Cerrada', NULL, '', 51),
(16, NULL, 'COCINA INTEGRAL', '2013-11-07', NULL, NULL, 'Cerrada', NULL, '', 52),
(17, NULL, 'COCINA INTEGRAL', '2013-11-07', NULL, NULL, 'Cerrada', NULL, '', 52),
(18, NULL, 'MUEBLES PARA ARMADURA ROMANA', '2013-11-08', NULL, NULL, 'Nueva', NULL, '', 33),
(19, 'OT-19', '104-18 cocina camalu roja con negro', '2013-11-11', '2013-11-18', NULL, 'Abierta', 'Alta', '', 53),
(20, NULL, 'cocina', '2013-11-11', NULL, NULL, 'Cerrada', NULL, '', 55),
(21, NULL, 'Comedor con extension en exhibicion', '2014-01-05', NULL, NULL, 'Nueva', NULL, '', 120),
(22, 'OT-22', 'RECAMARA PATRA', '2014-01-03', '2014-01-10', 6, 'Abierta', NULL, '', 118),
(23, 'OT-23', 'test', '2014-01-30', NULL, NULL, 'Nueva', NULL, '', 128);

-- --------------------------------------------------------

--
-- Estructura de tabla para la tabla `erp_work_order_expenses`
--

CREATE TABLE IF NOT EXISTS `erp_work_order_expenses` (
  `work_order_id` int(11) NOT NULL,
  `work_order_expense_id` int(11) NOT NULL,
  `work_order_expense_receipt_number` varchar(16) DEFAULT NULL,
  `work_order_expense_receipt_prefix` varchar(5) DEFAULT NULL,
  `work_order_expense_text` varchar(128) DEFAULT NULL,
  `work_order_expense_date` datetime DEFAULT NULL,
  `work_order_expense_time` varchar(10) DEFAULT NULL,
  `work_order_expense_amount` decimal(14,2) DEFAULT NULL,
  `work_order_expense_method` varchar(64) DEFAULT NULL,
  `work_order_expense_cdate` datetime DEFAULT NULL,
  `work_order_expense_lmdate` datetime DEFAULT NULL,
  `currency_id` int(11) NOT NULL,
  `user_id` int(11) DEFAULT NULL,
  PRIMARY KEY (`work_order_id`,`work_order_expense_id`)
) ENGINE=InnoDB DEFAULT CHARSET=latin1;

--
-- Volcado de datos para la tabla `erp_work_order_expenses`
--

INSERT INTO `erp_work_order_expenses` (`work_order_id`, `work_order_expense_id`, `work_order_expense_receipt_number`, `work_order_expense_receipt_prefix`, `work_order_expense_text`, `work_order_expense_date`, `work_order_expense_time`, `work_order_expense_amount`, `work_order_expense_method`, `work_order_expense_cdate`, `work_order_expense_lmdate`, `currency_id`, `user_id`) VALUES
(23, 4, NULL, NULL, '3000', '2014-03-25 00:00:00', NULL, 100.00, 'Efectivo', '2014-03-24 00:56:36', '2014-03-24 01:03:38', 1, NULL);

-- --------------------------------------------------------

--
-- Estructura de tabla para la tabla `erp_work_order_materials`
--

CREATE TABLE IF NOT EXISTS `erp_work_order_materials` (
  `work_order_id` int(11) NOT NULL,
  `material_id` int(11) NOT NULL,
  `material_qty` int(11) DEFAULT NULL
) ENGINE=InnoDB DEFAULT CHARSET=latin1;

--
-- Volcado de datos para la tabla `erp_work_order_materials`
--

INSERT INTO `erp_work_order_materials` (`work_order_id`, `material_id`, `material_qty`) VALUES
(4, 1, 5),
(4, 3, 20),
(4, 2, 10),
(13, 1, 9),
(23, 3, 100),
(22, 1, NULL),
(23, 1, 20),
(7, 2, 20),
(7, 1, NULL),
(23, 5, 20),
(23, 4, 30);

-- --------------------------------------------------------

--
-- Estructura de tabla para la tabla `erp_work_order_notes`
--

CREATE TABLE IF NOT EXISTS `erp_work_order_notes` (
  `work_order_id` int(11) NOT NULL,
  `work_order_note_id` int(11) NOT NULL,
  `work_order_note_text` varchar(512) DEFAULT NULL,
  `user_id` int(11) DEFAULT NULL,
  `work_order_note_cdate` datetime DEFAULT NULL,
  PRIMARY KEY (`work_order_id`,`work_order_note_id`)
) ENGINE=InnoDB DEFAULT CHARSET=latin1;

--
-- Volcado de datos para la tabla `erp_work_order_notes`
--

INSERT INTO `erp_work_order_notes` (`work_order_id`, `work_order_note_id`, `work_order_note_text`, `user_id`, `work_order_note_cdate`) VALUES
(4, 1, 'la tapa de las mesas forrar de maple y patas de alder', 52, '2013-10-15 00:36:34'),
(4, 2, 'no olvidar detallar con laca mate', 52, '2013-10-15 00:36:34'),
(4, 3, 'la tapa de las mesas forrar de maple y patas de alder', 46, '2014-03-18 23:47:16'),
(4, 4, 'no olvidar detallar con laca mate', 46, '2014-03-18 23:47:16'),
(8, 1, 'en trabajo se entregara lijado  y primeado', 52, '2013-10-29 19:43:51'),
(8, 2, 'se utilizara pino 2'''' 2x8x12 un solo tablon', 52, '2013-10-29 19:43:51'),
(8, 3, 'en trabajo se entregara lijado  y primeado', 52, '2013-10-29 19:56:30'),
(8, 4, 'se utilizara pino 2'''' 2x8x12 un solo tablon', 52, '2013-10-29 19:56:30'),
(8, 5, 'Se tiene un presupuesto de 1000 pesos para desarrollar el trabajo.', 52, '2013-10-29 19:56:30'),
(8, 6, 'en trabajo se entregara lijado  y primeado', 52, '2013-10-31 21:51:58'),
(8, 7, 'se utilizara pino 2'''' 2x8x12 un solo tablon', 52, '2013-10-31 21:51:58'),
(8, 8, 'en trabajo se entregara lijado  y primeado', 52, '2013-10-31 21:51:58'),
(8, 9, 'se utilizara pino 2'''' 2x8x12 un solo tablon', 52, '2013-10-31 21:51:58'),
(8, 10, 'Se tiene un presupuesto de 1000 pesos para desarrollar el trabajo.', 52, '2013-10-31 21:51:58'),
(13, 1, '9 hojas triplay 3/4 birch', 52, '2013-11-04 19:41:32'),
(13, 2, '4 hojas  triplay 1/4 birch', 52, '2013-11-04 19:41:32'),
(13, 3, '3 hojas de 1/2 birch', 52, '2013-11-04 19:41:32'),
(13, 4, '100 ft alder 4/4', 52, '2013-11-04 19:41:32'),
(13, 5, '2 pas bisagra 45 grados', 52, '2013-11-04 19:41:32'),
(13, 6, '18 pares de 90 grados', 52, '2013-11-04 19:41:32'),
(13, 7, 'dos kit de bisagra 180 y union', 52, '2013-11-04 19:41:32'),
(13, 8, 'dos vidrios de 11 3/4 x 26 arenado de 1/8 de grosor', 52, '2013-11-04 19:41:32'),
(13, 9, '5 ft de plastico para ventana', 52, '2013-11-04 19:41:32'),
(13, 10, '31 jaladeras de de barra de 7 pulgadas', 52, '2013-11-04 19:41:32'),
(15, 1, '240 CHILILLO DE 2'''', 18 PAR DE BISAGRA 90 GRADOS, 2 PAR DE BISAGRA DE UNION, 2 PAR DE BISAGRA DE 170 GRADOS, 25 JALDAERAS DE ARCO GRUESO,2 VIDRIOS ARENADOS DE 11 3/4X 26'''' DE 1/8 DE GROSOR, 5 RIEL FULL EXTENTION 18'''', 9 HOJAS DE BIRCH 3/4, 4 HOJAS DE 1/4 BIRCH, 3 HOJAS DE 1/2 BIRCH, 160 PIES LINEALES DE CHAPACINTA. 3 CARTERAS DE TAPONES PARA CHILILLO DE MADERA, 2 SELLADOR .5 DE SILICON 100%.', 52, '2013-11-07 00:58:05'),
(19, 1, '9 triplay de birch 3/4, 4 triplay de 1/4, 2 hojas de maple !/2, 16 par bisagra clip top Blum, dos riel blum de 22, dos riel de 14" blum, y par  de bisagra de 45 grados. 2 par de bisagras de union y 2 de 170 grados, un vidrio arenado 15 3/4 x 26, 3 trlpay flexible de 3/8,', 52, '2013-11-11 21:17:52'),
(23, 1, 'este es un comentario', 46, '2014-03-24 01:03:38');

-- --------------------------------------------------------

--
-- Estructura de tabla para la tabla `erp_work_order_technicians`
--

CREATE TABLE IF NOT EXISTS `erp_work_order_technicians` (
  `work_order_id` int(11) NOT NULL,
  `employee_id` int(11) NOT NULL,
  PRIMARY KEY (`work_order_id`,`employee_id`)
) ENGINE=InnoDB DEFAULT CHARSET=latin1;

--
-- Volcado de datos para la tabla `erp_work_order_technicians`
--

INSERT INTO `erp_work_order_technicians` (`work_order_id`, `employee_id`) VALUES
(23, 5),
(23, 6),
(23, 8);

-- --------------------------------------------------------

--
-- Estructura de tabla para la tabla `oauth_clients`
--

CREATE TABLE IF NOT EXISTS `oauth_clients` (
  `id` char(40) NOT NULL,
  `secret` char(40) NOT NULL,
  `name` varchar(255) NOT NULL,
  `auto_approve` tinyint(1) NOT NULL DEFAULT '0',
  PRIMARY KEY (`id`),
  UNIQUE KEY `u_oacl_clse_clid` (`secret`,`id`)
) ENGINE=InnoDB DEFAULT CHARSET=utf8;

--
-- Volcado de datos para la tabla `oauth_clients`
--

INSERT INTO `oauth_clients` (`id`, `secret`, `name`, `auto_approve`) VALUES
('2Kv9vbSb9yc311L3H9k4wPPJXna9o586', 'QIWaZ82U9vHs7p2G2J6OGHTgGcK3y9oz', 'Merofa ERP', 0);

-- --------------------------------------------------------

--
-- Estructura de tabla para la tabla `oauth_client_endpoints`
--

CREATE TABLE IF NOT EXISTS `oauth_client_endpoints` (
  `id` int(10) unsigned NOT NULL AUTO_INCREMENT,
  `client_id` char(40) NOT NULL,
  `redirect_uri` varchar(255) NOT NULL,
  PRIMARY KEY (`id`),
  KEY `i_oaclen_clid` (`client_id`)
) ENGINE=InnoDB DEFAULT CHARSET=utf8 AUTO_INCREMENT=1 ;

-- --------------------------------------------------------

--
-- Estructura de tabla para la tabla `oauth_scopes`
--

CREATE TABLE IF NOT EXISTS `oauth_scopes` (
  `id` smallint(5) unsigned NOT NULL AUTO_INCREMENT,
  `scope` varchar(255) NOT NULL,
  `name` varchar(255) NOT NULL,
  `description` varchar(255) DEFAULT NULL,
  PRIMARY KEY (`id`),
  UNIQUE KEY `u_oasc_sc` (`scope`)
) ENGINE=InnoDB  DEFAULT CHARSET=utf8 AUTO_INCREMENT=18 ;

--
-- Volcado de datos para la tabla `oauth_scopes`
--

INSERT INTO `oauth_scopes` (`id`, `scope`, `name`, `description`) VALUES
(1, 'access', 'Acceso a la aplicacion', NULL),
(2, 'clients', 'Accesso a clientes', NULL),
(7, 'sales.view', 'Modulo de Ventas - Consulta', NULL),
(8, 'sales.edit', 'Modulo de Ventas - Edicion', NULL),
(9, 'maintainance.view', 'Catalogos - Consulta', NULL),
(10, 'maintainance.edit', 'Catalogos - Edicion', NULL),
(11, 'inventory.view', 'Inventarios - Consulta', NULL),
(12, 'inventory.edit', 'Inventarios - Edicion', NULL),
(13, 'collect.view', 'Cobranza - Consulta', NULL),
(14, 'collect.edit', 'Cobranza - Edicion', NULL),
(15, 'work.view', 'Trabajos - Consulta', NULL),
(16, 'work.edit', 'Trabajos - Edicion', NULL),
(17, 'reports.view', 'Reportes - Consulta', NULL);

-- --------------------------------------------------------

--
-- Estructura de tabla para la tabla `oauth_sessions`
--

CREATE TABLE IF NOT EXISTS `oauth_sessions` (
  `id` int(10) unsigned NOT NULL AUTO_INCREMENT,
  `client_id` char(40) NOT NULL,
  `owner_type` enum('user','client') NOT NULL DEFAULT 'user',
  `owner_id` varchar(255) NOT NULL,
  PRIMARY KEY (`id`),
  KEY `i_uase_clid_owty_owid` (`client_id`,`owner_type`,`owner_id`)
) ENGINE=InnoDB  DEFAULT CHARSET=utf8 AUTO_INCREMENT=1087 ;

--
-- Volcado de datos para la tabla `oauth_sessions`
--

INSERT INTO `oauth_sessions` (`id`, `client_id`, `owner_type`, `owner_id`) VALUES
(62, '2Kv9vbSb9yc311L3H9k4wPPJXna9o586', 'user', '2'),
(63, '2Kv9vbSb9yc311L3H9k4wPPJXna9o586', 'user', '2'),
(64, '2Kv9vbSb9yc311L3H9k4wPPJXna9o586', 'user', '2'),
(65, '2Kv9vbSb9yc311L3H9k4wPPJXna9o586', 'user', '2'),
(66, '2Kv9vbSb9yc311L3H9k4wPPJXna9o586', 'user', '2'),
(67, '2Kv9vbSb9yc311L3H9k4wPPJXna9o586', 'user', '2'),
(263, '2Kv9vbSb9yc311L3H9k4wPPJXna9o586', 'user', '2'),
(266, '2Kv9vbSb9yc311L3H9k4wPPJXna9o586', 'user', '2'),
(314, '2Kv9vbSb9yc311L3H9k4wPPJXna9o586', 'user', '2'),
(340, '2Kv9vbSb9yc311L3H9k4wPPJXna9o586', 'user', '2'),
(1, '2Kv9vbSb9yc311L3H9k4wPPJXna9o586', 'user', '3'),
(2, '2Kv9vbSb9yc311L3H9k4wPPJXna9o586', 'user', '3'),
(3, '2Kv9vbSb9yc311L3H9k4wPPJXna9o586', 'user', '3'),
(4, '2Kv9vbSb9yc311L3H9k4wPPJXna9o586', 'user', '3'),
(5, '2Kv9vbSb9yc311L3H9k4wPPJXna9o586', 'user', '3'),
(6, '2Kv9vbSb9yc311L3H9k4wPPJXna9o586', 'user', '3'),
(7, '2Kv9vbSb9yc311L3H9k4wPPJXna9o586', 'user', '3'),
(8, '2Kv9vbSb9yc311L3H9k4wPPJXna9o586', 'user', '3'),
(9, '2Kv9vbSb9yc311L3H9k4wPPJXna9o586', 'user', '3'),
(10, '2Kv9vbSb9yc311L3H9k4wPPJXna9o586', 'user', '3'),
(11, '2Kv9vbSb9yc311L3H9k4wPPJXna9o586', 'user', '3'),
(12, '2Kv9vbSb9yc311L3H9k4wPPJXna9o586', 'user', '3'),
(13, '2Kv9vbSb9yc311L3H9k4wPPJXna9o586', 'user', '3'),
(14, '2Kv9vbSb9yc311L3H9k4wPPJXna9o586', 'user', '3'),
(15, '2Kv9vbSb9yc311L3H9k4wPPJXna9o586', 'user', '3'),
(16, '2Kv9vbSb9yc311L3H9k4wPPJXna9o586', 'user', '3'),
(17, '2Kv9vbSb9yc311L3H9k4wPPJXna9o586', 'user', '3'),
(18, '2Kv9vbSb9yc311L3H9k4wPPJXna9o586', 'user', '3'),
(19, '2Kv9vbSb9yc311L3H9k4wPPJXna9o586', 'user', '3'),
(20, '2Kv9vbSb9yc311L3H9k4wPPJXna9o586', 'user', '3'),
(21, '2Kv9vbSb9yc311L3H9k4wPPJXna9o586', 'user', '3'),
(22, '2Kv9vbSb9yc311L3H9k4wPPJXna9o586', 'user', '3'),
(23, '2Kv9vbSb9yc311L3H9k4wPPJXna9o586', 'user', '3'),
(24, '2Kv9vbSb9yc311L3H9k4wPPJXna9o586', 'user', '3'),
(25, '2Kv9vbSb9yc311L3H9k4wPPJXna9o586', 'user', '3'),
(26, '2Kv9vbSb9yc311L3H9k4wPPJXna9o586', 'user', '3'),
(27, '2Kv9vbSb9yc311L3H9k4wPPJXna9o586', 'user', '3'),
(28, '2Kv9vbSb9yc311L3H9k4wPPJXna9o586', 'user', '3'),
(29, '2Kv9vbSb9yc311L3H9k4wPPJXna9o586', 'user', '3'),
(30, '2Kv9vbSb9yc311L3H9k4wPPJXna9o586', 'user', '3'),
(31, '2Kv9vbSb9yc311L3H9k4wPPJXna9o586', 'user', '3'),
(32, '2Kv9vbSb9yc311L3H9k4wPPJXna9o586', 'user', '3'),
(33, '2Kv9vbSb9yc311L3H9k4wPPJXna9o586', 'user', '3'),
(34, '2Kv9vbSb9yc311L3H9k4wPPJXna9o586', 'user', '3'),
(35, '2Kv9vbSb9yc311L3H9k4wPPJXna9o586', 'user', '3'),
(36, '2Kv9vbSb9yc311L3H9k4wPPJXna9o586', 'user', '3'),
(37, '2Kv9vbSb9yc311L3H9k4wPPJXna9o586', 'user', '3'),
(38, '2Kv9vbSb9yc311L3H9k4wPPJXna9o586', 'user', '3'),
(39, '2Kv9vbSb9yc311L3H9k4wPPJXna9o586', 'user', '3'),
(40, '2Kv9vbSb9yc311L3H9k4wPPJXna9o586', 'user', '3'),
(41, '2Kv9vbSb9yc311L3H9k4wPPJXna9o586', 'user', '3'),
(42, '2Kv9vbSb9yc311L3H9k4wPPJXna9o586', 'user', '3'),
(43, '2Kv9vbSb9yc311L3H9k4wPPJXna9o586', 'user', '3'),
(44, '2Kv9vbSb9yc311L3H9k4wPPJXna9o586', 'user', '3'),
(45, '2Kv9vbSb9yc311L3H9k4wPPJXna9o586', 'user', '3'),
(46, '2Kv9vbSb9yc311L3H9k4wPPJXna9o586', 'user', '3'),
(47, '2Kv9vbSb9yc311L3H9k4wPPJXna9o586', 'user', '3'),
(48, '2Kv9vbSb9yc311L3H9k4wPPJXna9o586', 'user', '3'),
(49, '2Kv9vbSb9yc311L3H9k4wPPJXna9o586', 'user', '3'),
(50, '2Kv9vbSb9yc311L3H9k4wPPJXna9o586', 'user', '3'),
(51, '2Kv9vbSb9yc311L3H9k4wPPJXna9o586', 'user', '3'),
(52, '2Kv9vbSb9yc311L3H9k4wPPJXna9o586', 'user', '3'),
(53, '2Kv9vbSb9yc311L3H9k4wPPJXna9o586', 'user', '3'),
(54, '2Kv9vbSb9yc311L3H9k4wPPJXna9o586', 'user', '3'),
(55, '2Kv9vbSb9yc311L3H9k4wPPJXna9o586', 'user', '3'),
(56, '2Kv9vbSb9yc311L3H9k4wPPJXna9o586', 'user', '3'),
(57, '2Kv9vbSb9yc311L3H9k4wPPJXna9o586', 'user', '3'),
(58, '2Kv9vbSb9yc311L3H9k4wPPJXna9o586', 'user', '3'),
(59, '2Kv9vbSb9yc311L3H9k4wPPJXna9o586', 'user', '3'),
(60, '2Kv9vbSb9yc311L3H9k4wPPJXna9o586', 'user', '3'),
(61, '2Kv9vbSb9yc311L3H9k4wPPJXna9o586', 'user', '3'),
(68, '2Kv9vbSb9yc311L3H9k4wPPJXna9o586', 'user', '46'),
(69, '2Kv9vbSb9yc311L3H9k4wPPJXna9o586', 'user', '46'),
(70, '2Kv9vbSb9yc311L3H9k4wPPJXna9o586', 'user', '46'),
(71, '2Kv9vbSb9yc311L3H9k4wPPJXna9o586', 'user', '46'),
(72, '2Kv9vbSb9yc311L3H9k4wPPJXna9o586', 'user', '46'),
(73, '2Kv9vbSb9yc311L3H9k4wPPJXna9o586', 'user', '46'),
(74, '2Kv9vbSb9yc311L3H9k4wPPJXna9o586', 'user', '46'),
(75, '2Kv9vbSb9yc311L3H9k4wPPJXna9o586', 'user', '46'),
(76, '2Kv9vbSb9yc311L3H9k4wPPJXna9o586', 'user', '46'),
(77, '2Kv9vbSb9yc311L3H9k4wPPJXna9o586', 'user', '46'),
(78, '2Kv9vbSb9yc311L3H9k4wPPJXna9o586', 'user', '46'),
(79, '2Kv9vbSb9yc311L3H9k4wPPJXna9o586', 'user', '46'),
(80, '2Kv9vbSb9yc311L3H9k4wPPJXna9o586', 'user', '46'),
(81, '2Kv9vbSb9yc311L3H9k4wPPJXna9o586', 'user', '46'),
(82, '2Kv9vbSb9yc311L3H9k4wPPJXna9o586', 'user', '46'),
(83, '2Kv9vbSb9yc311L3H9k4wPPJXna9o586', 'user', '46'),
(84, '2Kv9vbSb9yc311L3H9k4wPPJXna9o586', 'user', '46'),
(85, '2Kv9vbSb9yc311L3H9k4wPPJXna9o586', 'user', '46'),
(86, '2Kv9vbSb9yc311L3H9k4wPPJXna9o586', 'user', '46'),
(87, '2Kv9vbSb9yc311L3H9k4wPPJXna9o586', 'user', '46'),
(88, '2Kv9vbSb9yc311L3H9k4wPPJXna9o586', 'user', '46'),
(89, '2Kv9vbSb9yc311L3H9k4wPPJXna9o586', 'user', '46'),
(90, '2Kv9vbSb9yc311L3H9k4wPPJXna9o586', 'user', '46'),
(91, '2Kv9vbSb9yc311L3H9k4wPPJXna9o586', 'user', '46'),
(92, '2Kv9vbSb9yc311L3H9k4wPPJXna9o586', 'user', '46'),
(93, '2Kv9vbSb9yc311L3H9k4wPPJXna9o586', 'user', '46'),
(94, '2Kv9vbSb9yc311L3H9k4wPPJXna9o586', 'user', '46'),
(95, '2Kv9vbSb9yc311L3H9k4wPPJXna9o586', 'user', '46'),
(96, '2Kv9vbSb9yc311L3H9k4wPPJXna9o586', 'user', '46'),
(97, '2Kv9vbSb9yc311L3H9k4wPPJXna9o586', 'user', '46'),
(98, '2Kv9vbSb9yc311L3H9k4wPPJXna9o586', 'user', '46'),
(99, '2Kv9vbSb9yc311L3H9k4wPPJXna9o586', 'user', '46'),
(100, '2Kv9vbSb9yc311L3H9k4wPPJXna9o586', 'user', '46'),
(101, '2Kv9vbSb9yc311L3H9k4wPPJXna9o586', 'user', '46'),
(102, '2Kv9vbSb9yc311L3H9k4wPPJXna9o586', 'user', '46'),
(103, '2Kv9vbSb9yc311L3H9k4wPPJXna9o586', 'user', '46'),
(104, '2Kv9vbSb9yc311L3H9k4wPPJXna9o586', 'user', '46'),
(105, '2Kv9vbSb9yc311L3H9k4wPPJXna9o586', 'user', '46'),
(106, '2Kv9vbSb9yc311L3H9k4wPPJXna9o586', 'user', '46'),
(107, '2Kv9vbSb9yc311L3H9k4wPPJXna9o586', 'user', '46'),
(108, '2Kv9vbSb9yc311L3H9k4wPPJXna9o586', 'user', '46'),
(109, '2Kv9vbSb9yc311L3H9k4wPPJXna9o586', 'user', '46'),
(110, '2Kv9vbSb9yc311L3H9k4wPPJXna9o586', 'user', '46'),
(111, '2Kv9vbSb9yc311L3H9k4wPPJXna9o586', 'user', '46'),
(112, '2Kv9vbSb9yc311L3H9k4wPPJXna9o586', 'user', '46'),
(113, '2Kv9vbSb9yc311L3H9k4wPPJXna9o586', 'user', '46'),
(114, '2Kv9vbSb9yc311L3H9k4wPPJXna9o586', 'user', '46'),
(115, '2Kv9vbSb9yc311L3H9k4wPPJXna9o586', 'user', '46'),
(116, '2Kv9vbSb9yc311L3H9k4wPPJXna9o586', 'user', '46'),
(117, '2Kv9vbSb9yc311L3H9k4wPPJXna9o586', 'user', '46'),
(118, '2Kv9vbSb9yc311L3H9k4wPPJXna9o586', 'user', '46'),
(119, '2Kv9vbSb9yc311L3H9k4wPPJXna9o586', 'user', '46'),
(120, '2Kv9vbSb9yc311L3H9k4wPPJXna9o586', 'user', '46'),
(121, '2Kv9vbSb9yc311L3H9k4wPPJXna9o586', 'user', '46'),
(122, '2Kv9vbSb9yc311L3H9k4wPPJXna9o586', 'user', '46'),
(123, '2Kv9vbSb9yc311L3H9k4wPPJXna9o586', 'user', '46'),
(124, '2Kv9vbSb9yc311L3H9k4wPPJXna9o586', 'user', '46'),
(125, '2Kv9vbSb9yc311L3H9k4wPPJXna9o586', 'user', '46'),
(126, '2Kv9vbSb9yc311L3H9k4wPPJXna9o586', 'user', '46'),
(127, '2Kv9vbSb9yc311L3H9k4wPPJXna9o586', 'user', '46'),
(128, '2Kv9vbSb9yc311L3H9k4wPPJXna9o586', 'user', '46'),
(129, '2Kv9vbSb9yc311L3H9k4wPPJXna9o586', 'user', '46'),
(130, '2Kv9vbSb9yc311L3H9k4wPPJXna9o586', 'user', '46'),
(131, '2Kv9vbSb9yc311L3H9k4wPPJXna9o586', 'user', '46'),
(132, '2Kv9vbSb9yc311L3H9k4wPPJXna9o586', 'user', '46'),
(133, '2Kv9vbSb9yc311L3H9k4wPPJXna9o586', 'user', '46'),
(134, '2Kv9vbSb9yc311L3H9k4wPPJXna9o586', 'user', '46'),
(135, '2Kv9vbSb9yc311L3H9k4wPPJXna9o586', 'user', '46'),
(136, '2Kv9vbSb9yc311L3H9k4wPPJXna9o586', 'user', '46'),
(137, '2Kv9vbSb9yc311L3H9k4wPPJXna9o586', 'user', '46'),
(138, '2Kv9vbSb9yc311L3H9k4wPPJXna9o586', 'user', '46'),
(139, '2Kv9vbSb9yc311L3H9k4wPPJXna9o586', 'user', '46'),
(140, '2Kv9vbSb9yc311L3H9k4wPPJXna9o586', 'user', '46'),
(141, '2Kv9vbSb9yc311L3H9k4wPPJXna9o586', 'user', '46'),
(142, '2Kv9vbSb9yc311L3H9k4wPPJXna9o586', 'user', '46'),
(143, '2Kv9vbSb9yc311L3H9k4wPPJXna9o586', 'user', '46'),
(144, '2Kv9vbSb9yc311L3H9k4wPPJXna9o586', 'user', '46'),
(145, '2Kv9vbSb9yc311L3H9k4wPPJXna9o586', 'user', '46'),
(146, '2Kv9vbSb9yc311L3H9k4wPPJXna9o586', 'user', '46'),
(147, '2Kv9vbSb9yc311L3H9k4wPPJXna9o586', 'user', '46'),
(148, '2Kv9vbSb9yc311L3H9k4wPPJXna9o586', 'user', '46'),
(149, '2Kv9vbSb9yc311L3H9k4wPPJXna9o586', 'user', '46'),
(150, '2Kv9vbSb9yc311L3H9k4wPPJXna9o586', 'user', '46'),
(151, '2Kv9vbSb9yc311L3H9k4wPPJXna9o586', 'user', '46'),
(152, '2Kv9vbSb9yc311L3H9k4wPPJXna9o586', 'user', '46'),
(153, '2Kv9vbSb9yc311L3H9k4wPPJXna9o586', 'user', '46'),
(154, '2Kv9vbSb9yc311L3H9k4wPPJXna9o586', 'user', '46'),
(155, '2Kv9vbSb9yc311L3H9k4wPPJXna9o586', 'user', '46'),
(156, '2Kv9vbSb9yc311L3H9k4wPPJXna9o586', 'user', '46'),
(157, '2Kv9vbSb9yc311L3H9k4wPPJXna9o586', 'user', '46'),
(158, '2Kv9vbSb9yc311L3H9k4wPPJXna9o586', 'user', '46'),
(159, '2Kv9vbSb9yc311L3H9k4wPPJXna9o586', 'user', '46'),
(160, '2Kv9vbSb9yc311L3H9k4wPPJXna9o586', 'user', '46'),
(161, '2Kv9vbSb9yc311L3H9k4wPPJXna9o586', 'user', '46'),
(162, '2Kv9vbSb9yc311L3H9k4wPPJXna9o586', 'user', '46'),
(163, '2Kv9vbSb9yc311L3H9k4wPPJXna9o586', 'user', '46'),
(164, '2Kv9vbSb9yc311L3H9k4wPPJXna9o586', 'user', '46'),
(165, '2Kv9vbSb9yc311L3H9k4wPPJXna9o586', 'user', '46'),
(166, '2Kv9vbSb9yc311L3H9k4wPPJXna9o586', 'user', '46'),
(167, '2Kv9vbSb9yc311L3H9k4wPPJXna9o586', 'user', '46'),
(168, '2Kv9vbSb9yc311L3H9k4wPPJXna9o586', 'user', '46'),
(169, '2Kv9vbSb9yc311L3H9k4wPPJXna9o586', 'user', '46'),
(170, '2Kv9vbSb9yc311L3H9k4wPPJXna9o586', 'user', '46'),
(171, '2Kv9vbSb9yc311L3H9k4wPPJXna9o586', 'user', '46'),
(172, '2Kv9vbSb9yc311L3H9k4wPPJXna9o586', 'user', '46'),
(173, '2Kv9vbSb9yc311L3H9k4wPPJXna9o586', 'user', '46'),
(174, '2Kv9vbSb9yc311L3H9k4wPPJXna9o586', 'user', '46'),
(175, '2Kv9vbSb9yc311L3H9k4wPPJXna9o586', 'user', '46'),
(176, '2Kv9vbSb9yc311L3H9k4wPPJXna9o586', 'user', '46'),
(177, '2Kv9vbSb9yc311L3H9k4wPPJXna9o586', 'user', '46'),
(178, '2Kv9vbSb9yc311L3H9k4wPPJXna9o586', 'user', '46'),
(179, '2Kv9vbSb9yc311L3H9k4wPPJXna9o586', 'user', '46'),
(180, '2Kv9vbSb9yc311L3H9k4wPPJXna9o586', 'user', '46'),
(181, '2Kv9vbSb9yc311L3H9k4wPPJXna9o586', 'user', '46'),
(182, '2Kv9vbSb9yc311L3H9k4wPPJXna9o586', 'user', '46'),
(183, '2Kv9vbSb9yc311L3H9k4wPPJXna9o586', 'user', '46'),
(184, '2Kv9vbSb9yc311L3H9k4wPPJXna9o586', 'user', '46'),
(185, '2Kv9vbSb9yc311L3H9k4wPPJXna9o586', 'user', '46'),
(186, '2Kv9vbSb9yc311L3H9k4wPPJXna9o586', 'user', '46'),
(187, '2Kv9vbSb9yc311L3H9k4wPPJXna9o586', 'user', '46'),
(188, '2Kv9vbSb9yc311L3H9k4wPPJXna9o586', 'user', '46'),
(189, '2Kv9vbSb9yc311L3H9k4wPPJXna9o586', 'user', '46'),
(190, '2Kv9vbSb9yc311L3H9k4wPPJXna9o586', 'user', '46'),
(191, '2Kv9vbSb9yc311L3H9k4wPPJXna9o586', 'user', '46'),
(192, '2Kv9vbSb9yc311L3H9k4wPPJXna9o586', 'user', '46'),
(193, '2Kv9vbSb9yc311L3H9k4wPPJXna9o586', 'user', '46'),
(194, '2Kv9vbSb9yc311L3H9k4wPPJXna9o586', 'user', '46'),
(195, '2Kv9vbSb9yc311L3H9k4wPPJXna9o586', 'user', '46'),
(196, '2Kv9vbSb9yc311L3H9k4wPPJXna9o586', 'user', '46'),
(197, '2Kv9vbSb9yc311L3H9k4wPPJXna9o586', 'user', '46'),
(198, '2Kv9vbSb9yc311L3H9k4wPPJXna9o586', 'user', '46'),
(199, '2Kv9vbSb9yc311L3H9k4wPPJXna9o586', 'user', '46'),
(200, '2Kv9vbSb9yc311L3H9k4wPPJXna9o586', 'user', '46'),
(201, '2Kv9vbSb9yc311L3H9k4wPPJXna9o586', 'user', '46'),
(202, '2Kv9vbSb9yc311L3H9k4wPPJXna9o586', 'user', '46'),
(203, '2Kv9vbSb9yc311L3H9k4wPPJXna9o586', 'user', '46'),
(204, '2Kv9vbSb9yc311L3H9k4wPPJXna9o586', 'user', '46'),
(205, '2Kv9vbSb9yc311L3H9k4wPPJXna9o586', 'user', '46'),
(206, '2Kv9vbSb9yc311L3H9k4wPPJXna9o586', 'user', '46'),
(207, '2Kv9vbSb9yc311L3H9k4wPPJXna9o586', 'user', '46'),
(208, '2Kv9vbSb9yc311L3H9k4wPPJXna9o586', 'user', '46'),
(209, '2Kv9vbSb9yc311L3H9k4wPPJXna9o586', 'user', '46'),
(210, '2Kv9vbSb9yc311L3H9k4wPPJXna9o586', 'user', '46'),
(211, '2Kv9vbSb9yc311L3H9k4wPPJXna9o586', 'user', '46'),
(212, '2Kv9vbSb9yc311L3H9k4wPPJXna9o586', 'user', '46'),
(213, '2Kv9vbSb9yc311L3H9k4wPPJXna9o586', 'user', '46'),
(214, '2Kv9vbSb9yc311L3H9k4wPPJXna9o586', 'user', '46'),
(215, '2Kv9vbSb9yc311L3H9k4wPPJXna9o586', 'user', '46'),
(216, '2Kv9vbSb9yc311L3H9k4wPPJXna9o586', 'user', '46'),
(217, '2Kv9vbSb9yc311L3H9k4wPPJXna9o586', 'user', '46'),
(218, '2Kv9vbSb9yc311L3H9k4wPPJXna9o586', 'user', '46'),
(219, '2Kv9vbSb9yc311L3H9k4wPPJXna9o586', 'user', '46'),
(220, '2Kv9vbSb9yc311L3H9k4wPPJXna9o586', 'user', '46'),
(221, '2Kv9vbSb9yc311L3H9k4wPPJXna9o586', 'user', '46'),
(222, '2Kv9vbSb9yc311L3H9k4wPPJXna9o586', 'user', '46'),
(223, '2Kv9vbSb9yc311L3H9k4wPPJXna9o586', 'user', '46'),
(224, '2Kv9vbSb9yc311L3H9k4wPPJXna9o586', 'user', '46'),
(225, '2Kv9vbSb9yc311L3H9k4wPPJXna9o586', 'user', '46'),
(226, '2Kv9vbSb9yc311L3H9k4wPPJXna9o586', 'user', '46'),
(227, '2Kv9vbSb9yc311L3H9k4wPPJXna9o586', 'user', '46'),
(228, '2Kv9vbSb9yc311L3H9k4wPPJXna9o586', 'user', '46'),
(229, '2Kv9vbSb9yc311L3H9k4wPPJXna9o586', 'user', '46'),
(230, '2Kv9vbSb9yc311L3H9k4wPPJXna9o586', 'user', '46'),
(231, '2Kv9vbSb9yc311L3H9k4wPPJXna9o586', 'user', '46'),
(232, '2Kv9vbSb9yc311L3H9k4wPPJXna9o586', 'user', '46'),
(233, '2Kv9vbSb9yc311L3H9k4wPPJXna9o586', 'user', '46'),
(234, '2Kv9vbSb9yc311L3H9k4wPPJXna9o586', 'user', '46'),
(235, '2Kv9vbSb9yc311L3H9k4wPPJXna9o586', 'user', '46'),
(236, '2Kv9vbSb9yc311L3H9k4wPPJXna9o586', 'user', '46'),
(237, '2Kv9vbSb9yc311L3H9k4wPPJXna9o586', 'user', '46'),
(238, '2Kv9vbSb9yc311L3H9k4wPPJXna9o586', 'user', '46'),
(239, '2Kv9vbSb9yc311L3H9k4wPPJXna9o586', 'user', '46'),
(240, '2Kv9vbSb9yc311L3H9k4wPPJXna9o586', 'user', '46'),
(241, '2Kv9vbSb9yc311L3H9k4wPPJXna9o586', 'user', '46'),
(242, '2Kv9vbSb9yc311L3H9k4wPPJXna9o586', 'user', '46'),
(243, '2Kv9vbSb9yc311L3H9k4wPPJXna9o586', 'user', '46'),
(244, '2Kv9vbSb9yc311L3H9k4wPPJXna9o586', 'user', '46'),
(245, '2Kv9vbSb9yc311L3H9k4wPPJXna9o586', 'user', '46'),
(246, '2Kv9vbSb9yc311L3H9k4wPPJXna9o586', 'user', '46'),
(247, '2Kv9vbSb9yc311L3H9k4wPPJXna9o586', 'user', '46'),
(248, '2Kv9vbSb9yc311L3H9k4wPPJXna9o586', 'user', '46'),
(249, '2Kv9vbSb9yc311L3H9k4wPPJXna9o586', 'user', '46'),
(250, '2Kv9vbSb9yc311L3H9k4wPPJXna9o586', 'user', '46'),
(251, '2Kv9vbSb9yc311L3H9k4wPPJXna9o586', 'user', '46'),
(252, '2Kv9vbSb9yc311L3H9k4wPPJXna9o586', 'user', '46'),
(253, '2Kv9vbSb9yc311L3H9k4wPPJXna9o586', 'user', '46'),
(254, '2Kv9vbSb9yc311L3H9k4wPPJXna9o586', 'user', '46'),
(258, '2Kv9vbSb9yc311L3H9k4wPPJXna9o586', 'user', '46'),
(261, '2Kv9vbSb9yc311L3H9k4wPPJXna9o586', 'user', '46'),
(264, '2Kv9vbSb9yc311L3H9k4wPPJXna9o586', 'user', '46'),
(269, '2Kv9vbSb9yc311L3H9k4wPPJXna9o586', 'user', '46'),
(272, '2Kv9vbSb9yc311L3H9k4wPPJXna9o586', 'user', '46'),
(273, '2Kv9vbSb9yc311L3H9k4wPPJXna9o586', 'user', '46'),
(274, '2Kv9vbSb9yc311L3H9k4wPPJXna9o586', 'user', '46'),
(275, '2Kv9vbSb9yc311L3H9k4wPPJXna9o586', 'user', '46'),
(276, '2Kv9vbSb9yc311L3H9k4wPPJXna9o586', 'user', '46'),
(278, '2Kv9vbSb9yc311L3H9k4wPPJXna9o586', 'user', '46'),
(279, '2Kv9vbSb9yc311L3H9k4wPPJXna9o586', 'user', '46'),
(281, '2Kv9vbSb9yc311L3H9k4wPPJXna9o586', 'user', '46'),
(283, '2Kv9vbSb9yc311L3H9k4wPPJXna9o586', 'user', '46'),
(284, '2Kv9vbSb9yc311L3H9k4wPPJXna9o586', 'user', '46'),
(285, '2Kv9vbSb9yc311L3H9k4wPPJXna9o586', 'user', '46'),
(286, '2Kv9vbSb9yc311L3H9k4wPPJXna9o586', 'user', '46'),
(289, '2Kv9vbSb9yc311L3H9k4wPPJXna9o586', 'user', '46'),
(290, '2Kv9vbSb9yc311L3H9k4wPPJXna9o586', 'user', '46'),
(291, '2Kv9vbSb9yc311L3H9k4wPPJXna9o586', 'user', '46'),
(292, '2Kv9vbSb9yc311L3H9k4wPPJXna9o586', 'user', '46'),
(294, '2Kv9vbSb9yc311L3H9k4wPPJXna9o586', 'user', '46'),
(295, '2Kv9vbSb9yc311L3H9k4wPPJXna9o586', 'user', '46'),
(296, '2Kv9vbSb9yc311L3H9k4wPPJXna9o586', 'user', '46'),
(300, '2Kv9vbSb9yc311L3H9k4wPPJXna9o586', 'user', '46'),
(301, '2Kv9vbSb9yc311L3H9k4wPPJXna9o586', 'user', '46'),
(306, '2Kv9vbSb9yc311L3H9k4wPPJXna9o586', 'user', '46'),
(309, '2Kv9vbSb9yc311L3H9k4wPPJXna9o586', 'user', '46'),
(310, '2Kv9vbSb9yc311L3H9k4wPPJXna9o586', 'user', '46'),
(311, '2Kv9vbSb9yc311L3H9k4wPPJXna9o586', 'user', '46'),
(312, '2Kv9vbSb9yc311L3H9k4wPPJXna9o586', 'user', '46'),
(313, '2Kv9vbSb9yc311L3H9k4wPPJXna9o586', 'user', '46'),
(315, '2Kv9vbSb9yc311L3H9k4wPPJXna9o586', 'user', '46'),
(316, '2Kv9vbSb9yc311L3H9k4wPPJXna9o586', 'user', '46'),
(318, '2Kv9vbSb9yc311L3H9k4wPPJXna9o586', 'user', '46'),
(319, '2Kv9vbSb9yc311L3H9k4wPPJXna9o586', 'user', '46'),
(320, '2Kv9vbSb9yc311L3H9k4wPPJXna9o586', 'user', '46'),
(322, '2Kv9vbSb9yc311L3H9k4wPPJXna9o586', 'user', '46'),
(323, '2Kv9vbSb9yc311L3H9k4wPPJXna9o586', 'user', '46'),
(326, '2Kv9vbSb9yc311L3H9k4wPPJXna9o586', 'user', '46'),
(330, '2Kv9vbSb9yc311L3H9k4wPPJXna9o586', 'user', '46'),
(332, '2Kv9vbSb9yc311L3H9k4wPPJXna9o586', 'user', '46'),
(333, '2Kv9vbSb9yc311L3H9k4wPPJXna9o586', 'user', '46'),
(338, '2Kv9vbSb9yc311L3H9k4wPPJXna9o586', 'user', '46'),
(343, '2Kv9vbSb9yc311L3H9k4wPPJXna9o586', 'user', '46'),
(344, '2Kv9vbSb9yc311L3H9k4wPPJXna9o586', 'user', '46'),
(345, '2Kv9vbSb9yc311L3H9k4wPPJXna9o586', 'user', '46'),
(347, '2Kv9vbSb9yc311L3H9k4wPPJXna9o586', 'user', '46'),
(349, '2Kv9vbSb9yc311L3H9k4wPPJXna9o586', 'user', '46'),
(350, '2Kv9vbSb9yc311L3H9k4wPPJXna9o586', 'user', '46'),
(353, '2Kv9vbSb9yc311L3H9k4wPPJXna9o586', 'user', '46'),
(355, '2Kv9vbSb9yc311L3H9k4wPPJXna9o586', 'user', '46'),
(358, '2Kv9vbSb9yc311L3H9k4wPPJXna9o586', 'user', '46'),
(362, '2Kv9vbSb9yc311L3H9k4wPPJXna9o586', 'user', '46'),
(363, '2Kv9vbSb9yc311L3H9k4wPPJXna9o586', 'user', '46'),
(364, '2Kv9vbSb9yc311L3H9k4wPPJXna9o586', 'user', '46'),
(365, '2Kv9vbSb9yc311L3H9k4wPPJXna9o586', 'user', '46'),
(366, '2Kv9vbSb9yc311L3H9k4wPPJXna9o586', 'user', '46'),
(368, '2Kv9vbSb9yc311L3H9k4wPPJXna9o586', 'user', '46'),
(369, '2Kv9vbSb9yc311L3H9k4wPPJXna9o586', 'user', '46'),
(371, '2Kv9vbSb9yc311L3H9k4wPPJXna9o586', 'user', '46'),
(374, '2Kv9vbSb9yc311L3H9k4wPPJXna9o586', 'user', '46'),
(377, '2Kv9vbSb9yc311L3H9k4wPPJXna9o586', 'user', '46'),
(378, '2Kv9vbSb9yc311L3H9k4wPPJXna9o586', 'user', '46'),
(379, '2Kv9vbSb9yc311L3H9k4wPPJXna9o586', 'user', '46'),
(381, '2Kv9vbSb9yc311L3H9k4wPPJXna9o586', 'user', '46'),
(382, '2Kv9vbSb9yc311L3H9k4wPPJXna9o586', 'user', '46'),
(384, '2Kv9vbSb9yc311L3H9k4wPPJXna9o586', 'user', '46'),
(385, '2Kv9vbSb9yc311L3H9k4wPPJXna9o586', 'user', '46'),
(386, '2Kv9vbSb9yc311L3H9k4wPPJXna9o586', 'user', '46'),
(392, '2Kv9vbSb9yc311L3H9k4wPPJXna9o586', 'user', '46'),
(394, '2Kv9vbSb9yc311L3H9k4wPPJXna9o586', 'user', '46'),
(396, '2Kv9vbSb9yc311L3H9k4wPPJXna9o586', 'user', '46'),
(398, '2Kv9vbSb9yc311L3H9k4wPPJXna9o586', 'user', '46'),
(399, '2Kv9vbSb9yc311L3H9k4wPPJXna9o586', 'user', '46'),
(405, '2Kv9vbSb9yc311L3H9k4wPPJXna9o586', 'user', '46'),
(406, '2Kv9vbSb9yc311L3H9k4wPPJXna9o586', 'user', '46'),
(407, '2Kv9vbSb9yc311L3H9k4wPPJXna9o586', 'user', '46'),
(408, '2Kv9vbSb9yc311L3H9k4wPPJXna9o586', 'user', '46'),
(410, '2Kv9vbSb9yc311L3H9k4wPPJXna9o586', 'user', '46'),
(411, '2Kv9vbSb9yc311L3H9k4wPPJXna9o586', 'user', '46'),
(412, '2Kv9vbSb9yc311L3H9k4wPPJXna9o586', 'user', '46'),
(413, '2Kv9vbSb9yc311L3H9k4wPPJXna9o586', 'user', '46'),
(416, '2Kv9vbSb9yc311L3H9k4wPPJXna9o586', 'user', '46'),
(419, '2Kv9vbSb9yc311L3H9k4wPPJXna9o586', 'user', '46'),
(420, '2Kv9vbSb9yc311L3H9k4wPPJXna9o586', 'user', '46'),
(421, '2Kv9vbSb9yc311L3H9k4wPPJXna9o586', 'user', '46'),
(426, '2Kv9vbSb9yc311L3H9k4wPPJXna9o586', 'user', '46'),
(428, '2Kv9vbSb9yc311L3H9k4wPPJXna9o586', 'user', '46'),
(429, '2Kv9vbSb9yc311L3H9k4wPPJXna9o586', 'user', '46'),
(430, '2Kv9vbSb9yc311L3H9k4wPPJXna9o586', 'user', '46'),
(432, '2Kv9vbSb9yc311L3H9k4wPPJXna9o586', 'user', '46'),
(436, '2Kv9vbSb9yc311L3H9k4wPPJXna9o586', 'user', '46'),
(439, '2Kv9vbSb9yc311L3H9k4wPPJXna9o586', 'user', '46'),
(440, '2Kv9vbSb9yc311L3H9k4wPPJXna9o586', 'user', '46'),
(441, '2Kv9vbSb9yc311L3H9k4wPPJXna9o586', 'user', '46'),
(442, '2Kv9vbSb9yc311L3H9k4wPPJXna9o586', 'user', '46'),
(443, '2Kv9vbSb9yc311L3H9k4wPPJXna9o586', 'user', '46'),
(444, '2Kv9vbSb9yc311L3H9k4wPPJXna9o586', 'user', '46'),
(446, '2Kv9vbSb9yc311L3H9k4wPPJXna9o586', 'user', '46'),
(448, '2Kv9vbSb9yc311L3H9k4wPPJXna9o586', 'user', '46'),
(461, '2Kv9vbSb9yc311L3H9k4wPPJXna9o586', 'user', '46'),
(466, '2Kv9vbSb9yc311L3H9k4wPPJXna9o586', 'user', '46'),
(469, '2Kv9vbSb9yc311L3H9k4wPPJXna9o586', 'user', '46'),
(471, '2Kv9vbSb9yc311L3H9k4wPPJXna9o586', 'user', '46'),
(474, '2Kv9vbSb9yc311L3H9k4wPPJXna9o586', 'user', '46'),
(476, '2Kv9vbSb9yc311L3H9k4wPPJXna9o586', 'user', '46'),
(477, '2Kv9vbSb9yc311L3H9k4wPPJXna9o586', 'user', '46'),
(478, '2Kv9vbSb9yc311L3H9k4wPPJXna9o586', 'user', '46'),
(482, '2Kv9vbSb9yc311L3H9k4wPPJXna9o586', 'user', '46'),
(486, '2Kv9vbSb9yc311L3H9k4wPPJXna9o586', 'user', '46'),
(489, '2Kv9vbSb9yc311L3H9k4wPPJXna9o586', 'user', '46'),
(490, '2Kv9vbSb9yc311L3H9k4wPPJXna9o586', 'user', '46'),
(491, '2Kv9vbSb9yc311L3H9k4wPPJXna9o586', 'user', '46'),
(497, '2Kv9vbSb9yc311L3H9k4wPPJXna9o586', 'user', '46'),
(498, '2Kv9vbSb9yc311L3H9k4wPPJXna9o586', 'user', '46'),
(499, '2Kv9vbSb9yc311L3H9k4wPPJXna9o586', 'user', '46'),
(504, '2Kv9vbSb9yc311L3H9k4wPPJXna9o586', 'user', '46'),
(505, '2Kv9vbSb9yc311L3H9k4wPPJXna9o586', 'user', '46'),
(509, '2Kv9vbSb9yc311L3H9k4wPPJXna9o586', 'user', '46'),
(510, '2Kv9vbSb9yc311L3H9k4wPPJXna9o586', 'user', '46'),
(511, '2Kv9vbSb9yc311L3H9k4wPPJXna9o586', 'user', '46'),
(512, '2Kv9vbSb9yc311L3H9k4wPPJXna9o586', 'user', '46'),
(513, '2Kv9vbSb9yc311L3H9k4wPPJXna9o586', 'user', '46'),
(519, '2Kv9vbSb9yc311L3H9k4wPPJXna9o586', 'user', '46'),
(520, '2Kv9vbSb9yc311L3H9k4wPPJXna9o586', 'user', '46'),
(525, '2Kv9vbSb9yc311L3H9k4wPPJXna9o586', 'user', '46'),
(529, '2Kv9vbSb9yc311L3H9k4wPPJXna9o586', 'user', '46'),
(530, '2Kv9vbSb9yc311L3H9k4wPPJXna9o586', 'user', '46'),
(533, '2Kv9vbSb9yc311L3H9k4wPPJXna9o586', 'user', '46'),
(536, '2Kv9vbSb9yc311L3H9k4wPPJXna9o586', 'user', '46'),
(545, '2Kv9vbSb9yc311L3H9k4wPPJXna9o586', 'user', '46'),
(546, '2Kv9vbSb9yc311L3H9k4wPPJXna9o586', 'user', '46'),
(548, '2Kv9vbSb9yc311L3H9k4wPPJXna9o586', 'user', '46'),
(549, '2Kv9vbSb9yc311L3H9k4wPPJXna9o586', 'user', '46'),
(550, '2Kv9vbSb9yc311L3H9k4wPPJXna9o586', 'user', '46'),
(551, '2Kv9vbSb9yc311L3H9k4wPPJXna9o586', 'user', '46'),
(561, '2Kv9vbSb9yc311L3H9k4wPPJXna9o586', 'user', '46'),
(562, '2Kv9vbSb9yc311L3H9k4wPPJXna9o586', 'user', '46'),
(564, '2Kv9vbSb9yc311L3H9k4wPPJXna9o586', 'user', '46'),
(568, '2Kv9vbSb9yc311L3H9k4wPPJXna9o586', 'user', '46'),
(572, '2Kv9vbSb9yc311L3H9k4wPPJXna9o586', 'user', '46'),
(573, '2Kv9vbSb9yc311L3H9k4wPPJXna9o586', 'user', '46'),
(574, '2Kv9vbSb9yc311L3H9k4wPPJXna9o586', 'user', '46'),
(575, '2Kv9vbSb9yc311L3H9k4wPPJXna9o586', 'user', '46'),
(576, '2Kv9vbSb9yc311L3H9k4wPPJXna9o586', 'user', '46'),
(577, '2Kv9vbSb9yc311L3H9k4wPPJXna9o586', 'user', '46'),
(578, '2Kv9vbSb9yc311L3H9k4wPPJXna9o586', 'user', '46'),
(579, '2Kv9vbSb9yc311L3H9k4wPPJXna9o586', 'user', '46'),
(580, '2Kv9vbSb9yc311L3H9k4wPPJXna9o586', 'user', '46'),
(581, '2Kv9vbSb9yc311L3H9k4wPPJXna9o586', 'user', '46'),
(582, '2Kv9vbSb9yc311L3H9k4wPPJXna9o586', 'user', '46'),
(583, '2Kv9vbSb9yc311L3H9k4wPPJXna9o586', 'user', '46'),
(584, '2Kv9vbSb9yc311L3H9k4wPPJXna9o586', 'user', '46'),
(585, '2Kv9vbSb9yc311L3H9k4wPPJXna9o586', 'user', '46'),
(586, '2Kv9vbSb9yc311L3H9k4wPPJXna9o586', 'user', '46'),
(587, '2Kv9vbSb9yc311L3H9k4wPPJXna9o586', 'user', '46'),
(588, '2Kv9vbSb9yc311L3H9k4wPPJXna9o586', 'user', '46'),
(589, '2Kv9vbSb9yc311L3H9k4wPPJXna9o586', 'user', '46'),
(594, '2Kv9vbSb9yc311L3H9k4wPPJXna9o586', 'user', '46'),
(595, '2Kv9vbSb9yc311L3H9k4wPPJXna9o586', 'user', '46'),
(596, '2Kv9vbSb9yc311L3H9k4wPPJXna9o586', 'user', '46'),
(597, '2Kv9vbSb9yc311L3H9k4wPPJXna9o586', 'user', '46'),
(603, '2Kv9vbSb9yc311L3H9k4wPPJXna9o586', 'user', '46'),
(604, '2Kv9vbSb9yc311L3H9k4wPPJXna9o586', 'user', '46'),
(615, '2Kv9vbSb9yc311L3H9k4wPPJXna9o586', 'user', '46'),
(616, '2Kv9vbSb9yc311L3H9k4wPPJXna9o586', 'user', '46'),
(617, '2Kv9vbSb9yc311L3H9k4wPPJXna9o586', 'user', '46'),
(618, '2Kv9vbSb9yc311L3H9k4wPPJXna9o586', 'user', '46'),
(619, '2Kv9vbSb9yc311L3H9k4wPPJXna9o586', 'user', '46'),
(620, '2Kv9vbSb9yc311L3H9k4wPPJXna9o586', 'user', '46'),
(642, '2Kv9vbSb9yc311L3H9k4wPPJXna9o586', 'user', '46'),
(643, '2Kv9vbSb9yc311L3H9k4wPPJXna9o586', 'user', '46'),
(662, '2Kv9vbSb9yc311L3H9k4wPPJXna9o586', 'user', '46'),
(663, '2Kv9vbSb9yc311L3H9k4wPPJXna9o586', 'user', '46'),
(664, '2Kv9vbSb9yc311L3H9k4wPPJXna9o586', 'user', '46'),
(665, '2Kv9vbSb9yc311L3H9k4wPPJXna9o586', 'user', '46'),
(666, '2Kv9vbSb9yc311L3H9k4wPPJXna9o586', 'user', '46'),
(667, '2Kv9vbSb9yc311L3H9k4wPPJXna9o586', 'user', '46'),
(668, '2Kv9vbSb9yc311L3H9k4wPPJXna9o586', 'user', '46'),
(669, '2Kv9vbSb9yc311L3H9k4wPPJXna9o586', 'user', '46'),
(672, '2Kv9vbSb9yc311L3H9k4wPPJXna9o586', 'user', '46'),
(673, '2Kv9vbSb9yc311L3H9k4wPPJXna9o586', 'user', '46'),
(694, '2Kv9vbSb9yc311L3H9k4wPPJXna9o586', 'user', '46'),
(695, '2Kv9vbSb9yc311L3H9k4wPPJXna9o586', 'user', '46'),
(698, '2Kv9vbSb9yc311L3H9k4wPPJXna9o586', 'user', '46'),
(699, '2Kv9vbSb9yc311L3H9k4wPPJXna9o586', 'user', '46'),
(704, '2Kv9vbSb9yc311L3H9k4wPPJXna9o586', 'user', '46'),
(705, '2Kv9vbSb9yc311L3H9k4wPPJXna9o586', 'user', '46'),
(726, '2Kv9vbSb9yc311L3H9k4wPPJXna9o586', 'user', '46'),
(727, '2Kv9vbSb9yc311L3H9k4wPPJXna9o586', 'user', '46'),
(754, '2Kv9vbSb9yc311L3H9k4wPPJXna9o586', 'user', '46'),
(755, '2Kv9vbSb9yc311L3H9k4wPPJXna9o586', 'user', '46'),
(762, '2Kv9vbSb9yc311L3H9k4wPPJXna9o586', 'user', '46'),
(763, '2Kv9vbSb9yc311L3H9k4wPPJXna9o586', 'user', '46'),
(772, '2Kv9vbSb9yc311L3H9k4wPPJXna9o586', 'user', '46'),
(773, '2Kv9vbSb9yc311L3H9k4wPPJXna9o586', 'user', '46'),
(792, '2Kv9vbSb9yc311L3H9k4wPPJXna9o586', 'user', '46'),
(793, '2Kv9vbSb9yc311L3H9k4wPPJXna9o586', 'user', '46'),
(808, '2Kv9vbSb9yc311L3H9k4wPPJXna9o586', 'user', '46'),
(809, '2Kv9vbSb9yc311L3H9k4wPPJXna9o586', 'user', '46'),
(810, '2Kv9vbSb9yc311L3H9k4wPPJXna9o586', 'user', '46'),
(811, '2Kv9vbSb9yc311L3H9k4wPPJXna9o586', 'user', '46'),
(812, '2Kv9vbSb9yc311L3H9k4wPPJXna9o586', 'user', '46'),
(813, '2Kv9vbSb9yc311L3H9k4wPPJXna9o586', 'user', '46'),
(814, '2Kv9vbSb9yc311L3H9k4wPPJXna9o586', 'user', '46'),
(815, '2Kv9vbSb9yc311L3H9k4wPPJXna9o586', 'user', '46'),
(824, '2Kv9vbSb9yc311L3H9k4wPPJXna9o586', 'user', '46'),
(825, '2Kv9vbSb9yc311L3H9k4wPPJXna9o586', 'user', '46'),
(832, '2Kv9vbSb9yc311L3H9k4wPPJXna9o586', 'user', '46'),
(833, '2Kv9vbSb9yc311L3H9k4wPPJXna9o586', 'user', '46'),
(834, '2Kv9vbSb9yc311L3H9k4wPPJXna9o586', 'user', '46'),
(835, '2Kv9vbSb9yc311L3H9k4wPPJXna9o586', 'user', '46'),
(836, '2Kv9vbSb9yc311L3H9k4wPPJXna9o586', 'user', '46'),
(837, '2Kv9vbSb9yc311L3H9k4wPPJXna9o586', 'user', '46'),
(840, '2Kv9vbSb9yc311L3H9k4wPPJXna9o586', 'user', '46'),
(841, '2Kv9vbSb9yc311L3H9k4wPPJXna9o586', 'user', '46'),
(844, '2Kv9vbSb9yc311L3H9k4wPPJXna9o586', 'user', '46'),
(845, '2Kv9vbSb9yc311L3H9k4wPPJXna9o586', 'user', '46'),
(846, '2Kv9vbSb9yc311L3H9k4wPPJXna9o586', 'user', '46'),
(847, '2Kv9vbSb9yc311L3H9k4wPPJXna9o586', 'user', '46'),
(848, '2Kv9vbSb9yc311L3H9k4wPPJXna9o586', 'user', '46'),
(849, '2Kv9vbSb9yc311L3H9k4wPPJXna9o586', 'user', '46'),
(850, '2Kv9vbSb9yc311L3H9k4wPPJXna9o586', 'user', '46'),
(851, '2Kv9vbSb9yc311L3H9k4wPPJXna9o586', 'user', '46'),
(852, '2Kv9vbSb9yc311L3H9k4wPPJXna9o586', 'user', '46'),
(853, '2Kv9vbSb9yc311L3H9k4wPPJXna9o586', 'user', '46'),
(854, '2Kv9vbSb9yc311L3H9k4wPPJXna9o586', 'user', '46'),
(855, '2Kv9vbSb9yc311L3H9k4wPPJXna9o586', 'user', '46'),
(856, '2Kv9vbSb9yc311L3H9k4wPPJXna9o586', 'user', '46'),
(857, '2Kv9vbSb9yc311L3H9k4wPPJXna9o586', 'user', '46'),
(858, '2Kv9vbSb9yc311L3H9k4wPPJXna9o586', 'user', '46'),
(859, '2Kv9vbSb9yc311L3H9k4wPPJXna9o586', 'user', '46'),
(860, '2Kv9vbSb9yc311L3H9k4wPPJXna9o586', 'user', '46'),
(861, '2Kv9vbSb9yc311L3H9k4wPPJXna9o586', 'user', '46'),
(862, '2Kv9vbSb9yc311L3H9k4wPPJXna9o586', 'user', '46'),
(863, '2Kv9vbSb9yc311L3H9k4wPPJXna9o586', 'user', '46'),
(864, '2Kv9vbSb9yc311L3H9k4wPPJXna9o586', 'user', '46'),
(865, '2Kv9vbSb9yc311L3H9k4wPPJXna9o586', 'user', '46'),
(866, '2Kv9vbSb9yc311L3H9k4wPPJXna9o586', 'user', '46'),
(867, '2Kv9vbSb9yc311L3H9k4wPPJXna9o586', 'user', '46'),
(868, '2Kv9vbSb9yc311L3H9k4wPPJXna9o586', 'user', '46'),
(869, '2Kv9vbSb9yc311L3H9k4wPPJXna9o586', 'user', '46'),
(870, '2Kv9vbSb9yc311L3H9k4wPPJXna9o586', 'user', '46'),
(871, '2Kv9vbSb9yc311L3H9k4wPPJXna9o586', 'user', '46'),
(872, '2Kv9vbSb9yc311L3H9k4wPPJXna9o586', 'user', '46'),
(873, '2Kv9vbSb9yc311L3H9k4wPPJXna9o586', 'user', '46'),
(874, '2Kv9vbSb9yc311L3H9k4wPPJXna9o586', 'user', '46'),
(875, '2Kv9vbSb9yc311L3H9k4wPPJXna9o586', 'user', '46'),
(876, '2Kv9vbSb9yc311L3H9k4wPPJXna9o586', 'user', '46'),
(877, '2Kv9vbSb9yc311L3H9k4wPPJXna9o586', 'user', '46'),
(878, '2Kv9vbSb9yc311L3H9k4wPPJXna9o586', 'user', '46'),
(879, '2Kv9vbSb9yc311L3H9k4wPPJXna9o586', 'user', '46'),
(880, '2Kv9vbSb9yc311L3H9k4wPPJXna9o586', 'user', '46'),
(881, '2Kv9vbSb9yc311L3H9k4wPPJXna9o586', 'user', '46'),
(882, '2Kv9vbSb9yc311L3H9k4wPPJXna9o586', 'user', '46'),
(883, '2Kv9vbSb9yc311L3H9k4wPPJXna9o586', 'user', '46'),
(884, '2Kv9vbSb9yc311L3H9k4wPPJXna9o586', 'user', '46'),
(885, '2Kv9vbSb9yc311L3H9k4wPPJXna9o586', 'user', '46'),
(886, '2Kv9vbSb9yc311L3H9k4wPPJXna9o586', 'user', '46'),
(887, '2Kv9vbSb9yc311L3H9k4wPPJXna9o586', 'user', '46'),
(888, '2Kv9vbSb9yc311L3H9k4wPPJXna9o586', 'user', '46'),
(889, '2Kv9vbSb9yc311L3H9k4wPPJXna9o586', 'user', '46'),
(890, '2Kv9vbSb9yc311L3H9k4wPPJXna9o586', 'user', '46'),
(891, '2Kv9vbSb9yc311L3H9k4wPPJXna9o586', 'user', '46'),
(892, '2Kv9vbSb9yc311L3H9k4wPPJXna9o586', 'user', '46'),
(893, '2Kv9vbSb9yc311L3H9k4wPPJXna9o586', 'user', '46'),
(894, '2Kv9vbSb9yc311L3H9k4wPPJXna9o586', 'user', '46'),
(895, '2Kv9vbSb9yc311L3H9k4wPPJXna9o586', 'user', '46'),
(896, '2Kv9vbSb9yc311L3H9k4wPPJXna9o586', 'user', '46'),
(897, '2Kv9vbSb9yc311L3H9k4wPPJXna9o586', 'user', '46'),
(898, '2Kv9vbSb9yc311L3H9k4wPPJXna9o586', 'user', '46'),
(899, '2Kv9vbSb9yc311L3H9k4wPPJXna9o586', 'user', '46'),
(900, '2Kv9vbSb9yc311L3H9k4wPPJXna9o586', 'user', '46'),
(901, '2Kv9vbSb9yc311L3H9k4wPPJXna9o586', 'user', '46'),
(902, '2Kv9vbSb9yc311L3H9k4wPPJXna9o586', 'user', '46'),
(903, '2Kv9vbSb9yc311L3H9k4wPPJXna9o586', 'user', '46'),
(904, '2Kv9vbSb9yc311L3H9k4wPPJXna9o586', 'user', '46'),
(905, '2Kv9vbSb9yc311L3H9k4wPPJXna9o586', 'user', '46'),
(906, '2Kv9vbSb9yc311L3H9k4wPPJXna9o586', 'user', '46'),
(907, '2Kv9vbSb9yc311L3H9k4wPPJXna9o586', 'user', '46'),
(908, '2Kv9vbSb9yc311L3H9k4wPPJXna9o586', 'user', '46'),
(909, '2Kv9vbSb9yc311L3H9k4wPPJXna9o586', 'user', '46'),
(910, '2Kv9vbSb9yc311L3H9k4wPPJXna9o586', 'user', '46'),
(911, '2Kv9vbSb9yc311L3H9k4wPPJXna9o586', 'user', '46'),
(912, '2Kv9vbSb9yc311L3H9k4wPPJXna9o586', 'user', '46'),
(913, '2Kv9vbSb9yc311L3H9k4wPPJXna9o586', 'user', '46'),
(914, '2Kv9vbSb9yc311L3H9k4wPPJXna9o586', 'user', '46'),
(915, '2Kv9vbSb9yc311L3H9k4wPPJXna9o586', 'user', '46'),
(916, '2Kv9vbSb9yc311L3H9k4wPPJXna9o586', 'user', '46'),
(917, '2Kv9vbSb9yc311L3H9k4wPPJXna9o586', 'user', '46'),
(918, '2Kv9vbSb9yc311L3H9k4wPPJXna9o586', 'user', '46'),
(919, '2Kv9vbSb9yc311L3H9k4wPPJXna9o586', 'user', '46'),
(920, '2Kv9vbSb9yc311L3H9k4wPPJXna9o586', 'user', '46'),
(921, '2Kv9vbSb9yc311L3H9k4wPPJXna9o586', 'user', '46'),
(922, '2Kv9vbSb9yc311L3H9k4wPPJXna9o586', 'user', '46'),
(923, '2Kv9vbSb9yc311L3H9k4wPPJXna9o586', 'user', '46'),
(924, '2Kv9vbSb9yc311L3H9k4wPPJXna9o586', 'user', '46'),
(925, '2Kv9vbSb9yc311L3H9k4wPPJXna9o586', 'user', '46'),
(926, '2Kv9vbSb9yc311L3H9k4wPPJXna9o586', 'user', '46'),
(927, '2Kv9vbSb9yc311L3H9k4wPPJXna9o586', 'user', '46'),
(928, '2Kv9vbSb9yc311L3H9k4wPPJXna9o586', 'user', '46'),
(929, '2Kv9vbSb9yc311L3H9k4wPPJXna9o586', 'user', '46'),
(930, '2Kv9vbSb9yc311L3H9k4wPPJXna9o586', 'user', '46'),
(931, '2Kv9vbSb9yc311L3H9k4wPPJXna9o586', 'user', '46'),
(932, '2Kv9vbSb9yc311L3H9k4wPPJXna9o586', 'user', '46'),
(933, '2Kv9vbSb9yc311L3H9k4wPPJXna9o586', 'user', '46'),
(934, '2Kv9vbSb9yc311L3H9k4wPPJXna9o586', 'user', '46'),
(935, '2Kv9vbSb9yc311L3H9k4wPPJXna9o586', 'user', '46'),
(936, '2Kv9vbSb9yc311L3H9k4wPPJXna9o586', 'user', '46'),
(937, '2Kv9vbSb9yc311L3H9k4wPPJXna9o586', 'user', '46'),
(938, '2Kv9vbSb9yc311L3H9k4wPPJXna9o586', 'user', '46'),
(939, '2Kv9vbSb9yc311L3H9k4wPPJXna9o586', 'user', '46'),
(940, '2Kv9vbSb9yc311L3H9k4wPPJXna9o586', 'user', '46'),
(941, '2Kv9vbSb9yc311L3H9k4wPPJXna9o586', 'user', '46'),
(942, '2Kv9vbSb9yc311L3H9k4wPPJXna9o586', 'user', '46'),
(943, '2Kv9vbSb9yc311L3H9k4wPPJXna9o586', 'user', '46'),
(944, '2Kv9vbSb9yc311L3H9k4wPPJXna9o586', 'user', '46'),
(945, '2Kv9vbSb9yc311L3H9k4wPPJXna9o586', 'user', '46'),
(946, '2Kv9vbSb9yc311L3H9k4wPPJXna9o586', 'user', '46'),
(947, '2Kv9vbSb9yc311L3H9k4wPPJXna9o586', 'user', '46'),
(948, '2Kv9vbSb9yc311L3H9k4wPPJXna9o586', 'user', '46'),
(949, '2Kv9vbSb9yc311L3H9k4wPPJXna9o586', 'user', '46'),
(950, '2Kv9vbSb9yc311L3H9k4wPPJXna9o586', 'user', '46'),
(951, '2Kv9vbSb9yc311L3H9k4wPPJXna9o586', 'user', '46'),
(952, '2Kv9vbSb9yc311L3H9k4wPPJXna9o586', 'user', '46'),
(953, '2Kv9vbSb9yc311L3H9k4wPPJXna9o586', 'user', '46'),
(954, '2Kv9vbSb9yc311L3H9k4wPPJXna9o586', 'user', '46'),
(955, '2Kv9vbSb9yc311L3H9k4wPPJXna9o586', 'user', '46'),
(956, '2Kv9vbSb9yc311L3H9k4wPPJXna9o586', 'user', '46'),
(957, '2Kv9vbSb9yc311L3H9k4wPPJXna9o586', 'user', '46'),
(958, '2Kv9vbSb9yc311L3H9k4wPPJXna9o586', 'user', '46'),
(959, '2Kv9vbSb9yc311L3H9k4wPPJXna9o586', 'user', '46'),
(960, '2Kv9vbSb9yc311L3H9k4wPPJXna9o586', 'user', '46'),
(961, '2Kv9vbSb9yc311L3H9k4wPPJXna9o586', 'user', '46'),
(962, '2Kv9vbSb9yc311L3H9k4wPPJXna9o586', 'user', '46'),
(963, '2Kv9vbSb9yc311L3H9k4wPPJXna9o586', 'user', '46'),
(964, '2Kv9vbSb9yc311L3H9k4wPPJXna9o586', 'user', '46'),
(965, '2Kv9vbSb9yc311L3H9k4wPPJXna9o586', 'user', '46'),
(966, '2Kv9vbSb9yc311L3H9k4wPPJXna9o586', 'user', '46'),
(967, '2Kv9vbSb9yc311L3H9k4wPPJXna9o586', 'user', '46'),
(968, '2Kv9vbSb9yc311L3H9k4wPPJXna9o586', 'user', '46'),
(969, '2Kv9vbSb9yc311L3H9k4wPPJXna9o586', 'user', '46'),
(970, '2Kv9vbSb9yc311L3H9k4wPPJXna9o586', 'user', '46'),
(971, '2Kv9vbSb9yc311L3H9k4wPPJXna9o586', 'user', '46'),
(972, '2Kv9vbSb9yc311L3H9k4wPPJXna9o586', 'user', '46'),
(973, '2Kv9vbSb9yc311L3H9k4wPPJXna9o586', 'user', '46'),
(974, '2Kv9vbSb9yc311L3H9k4wPPJXna9o586', 'user', '46'),
(975, '2Kv9vbSb9yc311L3H9k4wPPJXna9o586', 'user', '46'),
(976, '2Kv9vbSb9yc311L3H9k4wPPJXna9o586', 'user', '46'),
(977, '2Kv9vbSb9yc311L3H9k4wPPJXna9o586', 'user', '46'),
(978, '2Kv9vbSb9yc311L3H9k4wPPJXna9o586', 'user', '46'),
(979, '2Kv9vbSb9yc311L3H9k4wPPJXna9o586', 'user', '46'),
(980, '2Kv9vbSb9yc311L3H9k4wPPJXna9o586', 'user', '46'),
(981, '2Kv9vbSb9yc311L3H9k4wPPJXna9o586', 'user', '46'),
(982, '2Kv9vbSb9yc311L3H9k4wPPJXna9o586', 'user', '46'),
(983, '2Kv9vbSb9yc311L3H9k4wPPJXna9o586', 'user', '46'),
(984, '2Kv9vbSb9yc311L3H9k4wPPJXna9o586', 'user', '46'),
(985, '2Kv9vbSb9yc311L3H9k4wPPJXna9o586', 'user', '46'),
(986, '2Kv9vbSb9yc311L3H9k4wPPJXna9o586', 'user', '46'),
(987, '2Kv9vbSb9yc311L3H9k4wPPJXna9o586', 'user', '46'),
(988, '2Kv9vbSb9yc311L3H9k4wPPJXna9o586', 'user', '46'),
(989, '2Kv9vbSb9yc311L3H9k4wPPJXna9o586', 'user', '46'),
(990, '2Kv9vbSb9yc311L3H9k4wPPJXna9o586', 'user', '46'),
(991, '2Kv9vbSb9yc311L3H9k4wPPJXna9o586', 'user', '46'),
(992, '2Kv9vbSb9yc311L3H9k4wPPJXna9o586', 'user', '46'),
(993, '2Kv9vbSb9yc311L3H9k4wPPJXna9o586', 'user', '46'),
(994, '2Kv9vbSb9yc311L3H9k4wPPJXna9o586', 'user', '46'),
(995, '2Kv9vbSb9yc311L3H9k4wPPJXna9o586', 'user', '46'),
(996, '2Kv9vbSb9yc311L3H9k4wPPJXna9o586', 'user', '46'),
(997, '2Kv9vbSb9yc311L3H9k4wPPJXna9o586', 'user', '46'),
(998, '2Kv9vbSb9yc311L3H9k4wPPJXna9o586', 'user', '46'),
(999, '2Kv9vbSb9yc311L3H9k4wPPJXna9o586', 'user', '46'),
(1000, '2Kv9vbSb9yc311L3H9k4wPPJXna9o586', 'user', '46'),
(1001, '2Kv9vbSb9yc311L3H9k4wPPJXna9o586', 'user', '46'),
(1002, '2Kv9vbSb9yc311L3H9k4wPPJXna9o586', 'user', '46'),
(1003, '2Kv9vbSb9yc311L3H9k4wPPJXna9o586', 'user', '46'),
(1004, '2Kv9vbSb9yc311L3H9k4wPPJXna9o586', 'user', '46'),
(1005, '2Kv9vbSb9yc311L3H9k4wPPJXna9o586', 'user', '46'),
(1006, '2Kv9vbSb9yc311L3H9k4wPPJXna9o586', 'user', '46'),
(1007, '2Kv9vbSb9yc311L3H9k4wPPJXna9o586', 'user', '46'),
(1008, '2Kv9vbSb9yc311L3H9k4wPPJXna9o586', 'user', '46'),
(1009, '2Kv9vbSb9yc311L3H9k4wPPJXna9o586', 'user', '46'),
(1010, '2Kv9vbSb9yc311L3H9k4wPPJXna9o586', 'user', '46'),
(1011, '2Kv9vbSb9yc311L3H9k4wPPJXna9o586', 'user', '46'),
(1012, '2Kv9vbSb9yc311L3H9k4wPPJXna9o586', 'user', '46'),
(1013, '2Kv9vbSb9yc311L3H9k4wPPJXna9o586', 'user', '46'),
(1014, '2Kv9vbSb9yc311L3H9k4wPPJXna9o586', 'user', '46'),
(1015, '2Kv9vbSb9yc311L3H9k4wPPJXna9o586', 'user', '46'),
(1016, '2Kv9vbSb9yc311L3H9k4wPPJXna9o586', 'user', '46'),
(1017, '2Kv9vbSb9yc311L3H9k4wPPJXna9o586', 'user', '46'),
(1018, '2Kv9vbSb9yc311L3H9k4wPPJXna9o586', 'user', '46'),
(1019, '2Kv9vbSb9yc311L3H9k4wPPJXna9o586', 'user', '46'),
(1020, '2Kv9vbSb9yc311L3H9k4wPPJXna9o586', 'user', '46'),
(1021, '2Kv9vbSb9yc311L3H9k4wPPJXna9o586', 'user', '46'),
(1022, '2Kv9vbSb9yc311L3H9k4wPPJXna9o586', 'user', '46'),
(1023, '2Kv9vbSb9yc311L3H9k4wPPJXna9o586', 'user', '46'),
(1024, '2Kv9vbSb9yc311L3H9k4wPPJXna9o586', 'user', '46'),
(1025, '2Kv9vbSb9yc311L3H9k4wPPJXna9o586', 'user', '46'),
(1026, '2Kv9vbSb9yc311L3H9k4wPPJXna9o586', 'user', '46'),
(1027, '2Kv9vbSb9yc311L3H9k4wPPJXna9o586', 'user', '46'),
(1028, '2Kv9vbSb9yc311L3H9k4wPPJXna9o586', 'user', '46'),
(1029, '2Kv9vbSb9yc311L3H9k4wPPJXna9o586', 'user', '46'),
(1030, '2Kv9vbSb9yc311L3H9k4wPPJXna9o586', 'user', '46'),
(1031, '2Kv9vbSb9yc311L3H9k4wPPJXna9o586', 'user', '46'),
(1032, '2Kv9vbSb9yc311L3H9k4wPPJXna9o586', 'user', '46'),
(1033, '2Kv9vbSb9yc311L3H9k4wPPJXna9o586', 'user', '46'),
(1034, '2Kv9vbSb9yc311L3H9k4wPPJXna9o586', 'user', '46'),
(1035, '2Kv9vbSb9yc311L3H9k4wPPJXna9o586', 'user', '46'),
(1036, '2Kv9vbSb9yc311L3H9k4wPPJXna9o586', 'user', '46'),
(1037, '2Kv9vbSb9yc311L3H9k4wPPJXna9o586', 'user', '46'),
(1038, '2Kv9vbSb9yc311L3H9k4wPPJXna9o586', 'user', '46'),
(1039, '2Kv9vbSb9yc311L3H9k4wPPJXna9o586', 'user', '46'),
(1040, '2Kv9vbSb9yc311L3H9k4wPPJXna9o586', 'user', '46'),
(1041, '2Kv9vbSb9yc311L3H9k4wPPJXna9o586', 'user', '46'),
(1042, '2Kv9vbSb9yc311L3H9k4wPPJXna9o586', 'user', '46'),
(1043, '2Kv9vbSb9yc311L3H9k4wPPJXna9o586', 'user', '46'),
(1044, '2Kv9vbSb9yc311L3H9k4wPPJXna9o586', 'user', '46'),
(1045, '2Kv9vbSb9yc311L3H9k4wPPJXna9o586', 'user', '46'),
(1046, '2Kv9vbSb9yc311L3H9k4wPPJXna9o586', 'user', '46'),
(1047, '2Kv9vbSb9yc311L3H9k4wPPJXna9o586', 'user', '46'),
(1048, '2Kv9vbSb9yc311L3H9k4wPPJXna9o586', 'user', '46'),
(1049, '2Kv9vbSb9yc311L3H9k4wPPJXna9o586', 'user', '46'),
(1050, '2Kv9vbSb9yc311L3H9k4wPPJXna9o586', 'user', '46'),
(1051, '2Kv9vbSb9yc311L3H9k4wPPJXna9o586', 'user', '46'),
(1052, '2Kv9vbSb9yc311L3H9k4wPPJXna9o586', 'user', '46'),
(1053, '2Kv9vbSb9yc311L3H9k4wPPJXna9o586', 'user', '46'),
(1054, '2Kv9vbSb9yc311L3H9k4wPPJXna9o586', 'user', '46'),
(1055, '2Kv9vbSb9yc311L3H9k4wPPJXna9o586', 'user', '46'),
(1056, '2Kv9vbSb9yc311L3H9k4wPPJXna9o586', 'user', '46'),
(1057, '2Kv9vbSb9yc311L3H9k4wPPJXna9o586', 'user', '46'),
(1058, '2Kv9vbSb9yc311L3H9k4wPPJXna9o586', 'user', '46'),
(1059, '2Kv9vbSb9yc311L3H9k4wPPJXna9o586', 'user', '46'),
(1060, '2Kv9vbSb9yc311L3H9k4wPPJXna9o586', 'user', '46'),
(1061, '2Kv9vbSb9yc311L3H9k4wPPJXna9o586', 'user', '46'),
(1062, '2Kv9vbSb9yc311L3H9k4wPPJXna9o586', 'user', '46'),
(1063, '2Kv9vbSb9yc311L3H9k4wPPJXna9o586', 'user', '46'),
(1064, '2Kv9vbSb9yc311L3H9k4wPPJXna9o586', 'user', '46'),
(1065, '2Kv9vbSb9yc311L3H9k4wPPJXna9o586', 'user', '46'),
(1066, '2Kv9vbSb9yc311L3H9k4wPPJXna9o586', 'user', '46'),
(1067, '2Kv9vbSb9yc311L3H9k4wPPJXna9o586', 'user', '46'),
(1068, '2Kv9vbSb9yc311L3H9k4wPPJXna9o586', 'user', '46'),
(1069, '2Kv9vbSb9yc311L3H9k4wPPJXna9o586', 'user', '46'),
(1070, '2Kv9vbSb9yc311L3H9k4wPPJXna9o586', 'user', '46'),
(1071, '2Kv9vbSb9yc311L3H9k4wPPJXna9o586', 'user', '46'),
(1072, '2Kv9vbSb9yc311L3H9k4wPPJXna9o586', 'user', '46'),
(1073, '2Kv9vbSb9yc311L3H9k4wPPJXna9o586', 'user', '46'),
(1074, '2Kv9vbSb9yc311L3H9k4wPPJXna9o586', 'user', '46'),
(1075, '2Kv9vbSb9yc311L3H9k4wPPJXna9o586', 'user', '46'),
(1076, '2Kv9vbSb9yc311L3H9k4wPPJXna9o586', 'user', '46'),
(1077, '2Kv9vbSb9yc311L3H9k4wPPJXna9o586', 'user', '46'),
(1078, '2Kv9vbSb9yc311L3H9k4wPPJXna9o586', 'user', '46'),
(1079, '2Kv9vbSb9yc311L3H9k4wPPJXna9o586', 'user', '46'),
(1080, '2Kv9vbSb9yc311L3H9k4wPPJXna9o586', 'user', '46'),
(1081, '2Kv9vbSb9yc311L3H9k4wPPJXna9o586', 'user', '46'),
(1082, '2Kv9vbSb9yc311L3H9k4wPPJXna9o586', 'user', '46'),
(1083, '2Kv9vbSb9yc311L3H9k4wPPJXna9o586', 'user', '46'),
(1084, '2Kv9vbSb9yc311L3H9k4wPPJXna9o586', 'user', '46'),
(1085, '2Kv9vbSb9yc311L3H9k4wPPJXna9o586', 'user', '46'),
(1086, '2Kv9vbSb9yc311L3H9k4wPPJXna9o586', 'user', '46'),
(255, '2Kv9vbSb9yc311L3H9k4wPPJXna9o586', 'user', '51'),
(256, '2Kv9vbSb9yc311L3H9k4wPPJXna9o586', 'user', '51'),
(260, '2Kv9vbSb9yc311L3H9k4wPPJXna9o586', 'user', '51'),
(280, '2Kv9vbSb9yc311L3H9k4wPPJXna9o586', 'user', '51'),
(288, '2Kv9vbSb9yc311L3H9k4wPPJXna9o586', 'user', '51'),
(297, '2Kv9vbSb9yc311L3H9k4wPPJXna9o586', 'user', '51'),
(298, '2Kv9vbSb9yc311L3H9k4wPPJXna9o586', 'user', '51'),
(305, '2Kv9vbSb9yc311L3H9k4wPPJXna9o586', 'user', '51'),
(307, '2Kv9vbSb9yc311L3H9k4wPPJXna9o586', 'user', '51'),
(308, '2Kv9vbSb9yc311L3H9k4wPPJXna9o586', 'user', '51'),
(321, '2Kv9vbSb9yc311L3H9k4wPPJXna9o586', 'user', '51'),
(342, '2Kv9vbSb9yc311L3H9k4wPPJXna9o586', 'user', '51'),
(375, '2Kv9vbSb9yc311L3H9k4wPPJXna9o586', 'user', '51'),
(376, '2Kv9vbSb9yc311L3H9k4wPPJXna9o586', 'user', '51'),
(391, '2Kv9vbSb9yc311L3H9k4wPPJXna9o586', 'user', '51'),
(467, '2Kv9vbSb9yc311L3H9k4wPPJXna9o586', 'user', '51'),
(500, '2Kv9vbSb9yc311L3H9k4wPPJXna9o586', 'user', '51'),
(532, '2Kv9vbSb9yc311L3H9k4wPPJXna9o586', 'user', '51'),
(537, '2Kv9vbSb9yc311L3H9k4wPPJXna9o586', 'user', '51'),
(538, '2Kv9vbSb9yc311L3H9k4wPPJXna9o586', 'user', '51'),
(555, '2Kv9vbSb9yc311L3H9k4wPPJXna9o586', 'user', '51'),
(556, '2Kv9vbSb9yc311L3H9k4wPPJXna9o586', 'user', '51'),
(567, '2Kv9vbSb9yc311L3H9k4wPPJXna9o586', 'user', '51'),
(601, '2Kv9vbSb9yc311L3H9k4wPPJXna9o586', 'user', '51'),
(602, '2Kv9vbSb9yc311L3H9k4wPPJXna9o586', 'user', '51'),
(605, '2Kv9vbSb9yc311L3H9k4wPPJXna9o586', 'user', '51'),
(606, '2Kv9vbSb9yc311L3H9k4wPPJXna9o586', 'user', '51'),
(607, '2Kv9vbSb9yc311L3H9k4wPPJXna9o586', 'user', '51'),
(608, '2Kv9vbSb9yc311L3H9k4wPPJXna9o586', 'user', '51'),
(609, '2Kv9vbSb9yc311L3H9k4wPPJXna9o586', 'user', '51'),
(610, '2Kv9vbSb9yc311L3H9k4wPPJXna9o586', 'user', '51'),
(611, '2Kv9vbSb9yc311L3H9k4wPPJXna9o586', 'user', '51'),
(612, '2Kv9vbSb9yc311L3H9k4wPPJXna9o586', 'user', '51'),
(624, '2Kv9vbSb9yc311L3H9k4wPPJXna9o586', 'user', '51'),
(625, '2Kv9vbSb9yc311L3H9k4wPPJXna9o586', 'user', '51'),
(644, '2Kv9vbSb9yc311L3H9k4wPPJXna9o586', 'user', '51'),
(645, '2Kv9vbSb9yc311L3H9k4wPPJXna9o586', 'user', '51'),
(656, '2Kv9vbSb9yc311L3H9k4wPPJXna9o586', 'user', '51'),
(657, '2Kv9vbSb9yc311L3H9k4wPPJXna9o586', 'user', '51'),
(702, '2Kv9vbSb9yc311L3H9k4wPPJXna9o586', 'user', '51'),
(703, '2Kv9vbSb9yc311L3H9k4wPPJXna9o586', 'user', '51'),
(770, '2Kv9vbSb9yc311L3H9k4wPPJXna9o586', 'user', '51'),
(771, '2Kv9vbSb9yc311L3H9k4wPPJXna9o586', 'user', '51'),
(804, '2Kv9vbSb9yc311L3H9k4wPPJXna9o586', 'user', '51'),
(805, '2Kv9vbSb9yc311L3H9k4wPPJXna9o586', 'user', '51'),
(806, '2Kv9vbSb9yc311L3H9k4wPPJXna9o586', 'user', '51'),
(807, '2Kv9vbSb9yc311L3H9k4wPPJXna9o586', 'user', '51'),
(257, '2Kv9vbSb9yc311L3H9k4wPPJXna9o586', 'user', '52'),
(259, '2Kv9vbSb9yc311L3H9k4wPPJXna9o586', 'user', '52'),
(262, '2Kv9vbSb9yc311L3H9k4wPPJXna9o586', 'user', '52'),
(265, '2Kv9vbSb9yc311L3H9k4wPPJXna9o586', 'user', '52'),
(268, '2Kv9vbSb9yc311L3H9k4wPPJXna9o586', 'user', '52'),
(270, '2Kv9vbSb9yc311L3H9k4wPPJXna9o586', 'user', '52'),
(277, '2Kv9vbSb9yc311L3H9k4wPPJXna9o586', 'user', '52'),
(287, '2Kv9vbSb9yc311L3H9k4wPPJXna9o586', 'user', '52'),
(293, '2Kv9vbSb9yc311L3H9k4wPPJXna9o586', 'user', '52'),
(299, '2Kv9vbSb9yc311L3H9k4wPPJXna9o586', 'user', '52'),
(302, '2Kv9vbSb9yc311L3H9k4wPPJXna9o586', 'user', '52'),
(303, '2Kv9vbSb9yc311L3H9k4wPPJXna9o586', 'user', '52'),
(304, '2Kv9vbSb9yc311L3H9k4wPPJXna9o586', 'user', '52'),
(317, '2Kv9vbSb9yc311L3H9k4wPPJXna9o586', 'user', '52'),
(324, '2Kv9vbSb9yc311L3H9k4wPPJXna9o586', 'user', '52'),
(325, '2Kv9vbSb9yc311L3H9k4wPPJXna9o586', 'user', '52'),
(327, '2Kv9vbSb9yc311L3H9k4wPPJXna9o586', 'user', '52'),
(328, '2Kv9vbSb9yc311L3H9k4wPPJXna9o586', 'user', '52'),
(329, '2Kv9vbSb9yc311L3H9k4wPPJXna9o586', 'user', '52'),
(331, '2Kv9vbSb9yc311L3H9k4wPPJXna9o586', 'user', '52'),
(334, '2Kv9vbSb9yc311L3H9k4wPPJXna9o586', 'user', '52'),
(335, '2Kv9vbSb9yc311L3H9k4wPPJXna9o586', 'user', '52'),
(336, '2Kv9vbSb9yc311L3H9k4wPPJXna9o586', 'user', '52'),
(337, '2Kv9vbSb9yc311L3H9k4wPPJXna9o586', 'user', '52'),
(341, '2Kv9vbSb9yc311L3H9k4wPPJXna9o586', 'user', '52'),
(346, '2Kv9vbSb9yc311L3H9k4wPPJXna9o586', 'user', '52'),
(348, '2Kv9vbSb9yc311L3H9k4wPPJXna9o586', 'user', '52'),
(351, '2Kv9vbSb9yc311L3H9k4wPPJXna9o586', 'user', '52'),
(352, '2Kv9vbSb9yc311L3H9k4wPPJXna9o586', 'user', '52'),
(354, '2Kv9vbSb9yc311L3H9k4wPPJXna9o586', 'user', '52'),
(356, '2Kv9vbSb9yc311L3H9k4wPPJXna9o586', 'user', '52'),
(357, '2Kv9vbSb9yc311L3H9k4wPPJXna9o586', 'user', '52'),
(359, '2Kv9vbSb9yc311L3H9k4wPPJXna9o586', 'user', '52'),
(360, '2Kv9vbSb9yc311L3H9k4wPPJXna9o586', 'user', '52'),
(361, '2Kv9vbSb9yc311L3H9k4wPPJXna9o586', 'user', '52'),
(367, '2Kv9vbSb9yc311L3H9k4wPPJXna9o586', 'user', '52'),
(370, '2Kv9vbSb9yc311L3H9k4wPPJXna9o586', 'user', '52'),
(372, '2Kv9vbSb9yc311L3H9k4wPPJXna9o586', 'user', '52'),
(373, '2Kv9vbSb9yc311L3H9k4wPPJXna9o586', 'user', '52'),
(380, '2Kv9vbSb9yc311L3H9k4wPPJXna9o586', 'user', '52'),
(383, '2Kv9vbSb9yc311L3H9k4wPPJXna9o586', 'user', '52'),
(387, '2Kv9vbSb9yc311L3H9k4wPPJXna9o586', 'user', '52'),
(388, '2Kv9vbSb9yc311L3H9k4wPPJXna9o586', 'user', '52'),
(390, '2Kv9vbSb9yc311L3H9k4wPPJXna9o586', 'user', '52'),
(395, '2Kv9vbSb9yc311L3H9k4wPPJXna9o586', 'user', '52'),
(397, '2Kv9vbSb9yc311L3H9k4wPPJXna9o586', 'user', '52'),
(400, '2Kv9vbSb9yc311L3H9k4wPPJXna9o586', 'user', '52'),
(402, '2Kv9vbSb9yc311L3H9k4wPPJXna9o586', 'user', '52'),
(404, '2Kv9vbSb9yc311L3H9k4wPPJXna9o586', 'user', '52'),
(409, '2Kv9vbSb9yc311L3H9k4wPPJXna9o586', 'user', '52'),
(414, '2Kv9vbSb9yc311L3H9k4wPPJXna9o586', 'user', '52'),
(415, '2Kv9vbSb9yc311L3H9k4wPPJXna9o586', 'user', '52'),
(417, '2Kv9vbSb9yc311L3H9k4wPPJXna9o586', 'user', '52'),
(418, '2Kv9vbSb9yc311L3H9k4wPPJXna9o586', 'user', '52'),
(422, '2Kv9vbSb9yc311L3H9k4wPPJXna9o586', 'user', '52'),
(424, '2Kv9vbSb9yc311L3H9k4wPPJXna9o586', 'user', '52'),
(425, '2Kv9vbSb9yc311L3H9k4wPPJXna9o586', 'user', '52'),
(427, '2Kv9vbSb9yc311L3H9k4wPPJXna9o586', 'user', '52'),
(431, '2Kv9vbSb9yc311L3H9k4wPPJXna9o586', 'user', '52'),
(433, '2Kv9vbSb9yc311L3H9k4wPPJXna9o586', 'user', '52'),
(437, '2Kv9vbSb9yc311L3H9k4wPPJXna9o586', 'user', '52'),
(438, '2Kv9vbSb9yc311L3H9k4wPPJXna9o586', 'user', '52'),
(445, '2Kv9vbSb9yc311L3H9k4wPPJXna9o586', 'user', '52'),
(447, '2Kv9vbSb9yc311L3H9k4wPPJXna9o586', 'user', '52'),
(450, '2Kv9vbSb9yc311L3H9k4wPPJXna9o586', 'user', '52'),
(451, '2Kv9vbSb9yc311L3H9k4wPPJXna9o586', 'user', '52'),
(452, '2Kv9vbSb9yc311L3H9k4wPPJXna9o586', 'user', '52'),
(453, '2Kv9vbSb9yc311L3H9k4wPPJXna9o586', 'user', '52'),
(455, '2Kv9vbSb9yc311L3H9k4wPPJXna9o586', 'user', '52'),
(457, '2Kv9vbSb9yc311L3H9k4wPPJXna9o586', 'user', '52'),
(459, '2Kv9vbSb9yc311L3H9k4wPPJXna9o586', 'user', '52'),
(464, '2Kv9vbSb9yc311L3H9k4wPPJXna9o586', 'user', '52'),
(465, '2Kv9vbSb9yc311L3H9k4wPPJXna9o586', 'user', '52'),
(468, '2Kv9vbSb9yc311L3H9k4wPPJXna9o586', 'user', '52'),
(470, '2Kv9vbSb9yc311L3H9k4wPPJXna9o586', 'user', '52'),
(472, '2Kv9vbSb9yc311L3H9k4wPPJXna9o586', 'user', '52'),
(473, '2Kv9vbSb9yc311L3H9k4wPPJXna9o586', 'user', '52'),
(475, '2Kv9vbSb9yc311L3H9k4wPPJXna9o586', 'user', '52'),
(479, '2Kv9vbSb9yc311L3H9k4wPPJXna9o586', 'user', '52'),
(480, '2Kv9vbSb9yc311L3H9k4wPPJXna9o586', 'user', '52'),
(481, '2Kv9vbSb9yc311L3H9k4wPPJXna9o586', 'user', '52'),
(483, '2Kv9vbSb9yc311L3H9k4wPPJXna9o586', 'user', '52'),
(485, '2Kv9vbSb9yc311L3H9k4wPPJXna9o586', 'user', '52'),
(487, '2Kv9vbSb9yc311L3H9k4wPPJXna9o586', 'user', '52'),
(492, '2Kv9vbSb9yc311L3H9k4wPPJXna9o586', 'user', '52'),
(493, '2Kv9vbSb9yc311L3H9k4wPPJXna9o586', 'user', '52'),
(494, '2Kv9vbSb9yc311L3H9k4wPPJXna9o586', 'user', '52'),
(495, '2Kv9vbSb9yc311L3H9k4wPPJXna9o586', 'user', '52'),
(496, '2Kv9vbSb9yc311L3H9k4wPPJXna9o586', 'user', '52'),
(501, '2Kv9vbSb9yc311L3H9k4wPPJXna9o586', 'user', '52'),
(503, '2Kv9vbSb9yc311L3H9k4wPPJXna9o586', 'user', '52'),
(507, '2Kv9vbSb9yc311L3H9k4wPPJXna9o586', 'user', '52'),
(508, '2Kv9vbSb9yc311L3H9k4wPPJXna9o586', 'user', '52'),
(515, '2Kv9vbSb9yc311L3H9k4wPPJXna9o586', 'user', '52'),
(516, '2Kv9vbSb9yc311L3H9k4wPPJXna9o586', 'user', '52'),
(517, '2Kv9vbSb9yc311L3H9k4wPPJXna9o586', 'user', '52'),
(521, '2Kv9vbSb9yc311L3H9k4wPPJXna9o586', 'user', '52'),
(523, '2Kv9vbSb9yc311L3H9k4wPPJXna9o586', 'user', '52'),
(526, '2Kv9vbSb9yc311L3H9k4wPPJXna9o586', 'user', '52'),
(527, '2Kv9vbSb9yc311L3H9k4wPPJXna9o586', 'user', '52'),
(531, '2Kv9vbSb9yc311L3H9k4wPPJXna9o586', 'user', '52'),
(535, '2Kv9vbSb9yc311L3H9k4wPPJXna9o586', 'user', '52'),
(541, '2Kv9vbSb9yc311L3H9k4wPPJXna9o586', 'user', '52'),
(543, '2Kv9vbSb9yc311L3H9k4wPPJXna9o586', 'user', '52'),
(544, '2Kv9vbSb9yc311L3H9k4wPPJXna9o586', 'user', '52'),
(553, '2Kv9vbSb9yc311L3H9k4wPPJXna9o586', 'user', '52'),
(554, '2Kv9vbSb9yc311L3H9k4wPPJXna9o586', 'user', '52'),
(558, '2Kv9vbSb9yc311L3H9k4wPPJXna9o586', 'user', '52'),
(559, '2Kv9vbSb9yc311L3H9k4wPPJXna9o586', 'user', '52'),
(560, '2Kv9vbSb9yc311L3H9k4wPPJXna9o586', 'user', '52'),
(565, '2Kv9vbSb9yc311L3H9k4wPPJXna9o586', 'user', '52'),
(569, '2Kv9vbSb9yc311L3H9k4wPPJXna9o586', 'user', '52'),
(570, '2Kv9vbSb9yc311L3H9k4wPPJXna9o586', 'user', '52'),
(571, '2Kv9vbSb9yc311L3H9k4wPPJXna9o586', 'user', '52'),
(590, '2Kv9vbSb9yc311L3H9k4wPPJXna9o586', 'user', '52'),
(591, '2Kv9vbSb9yc311L3H9k4wPPJXna9o586', 'user', '52'),
(592, '2Kv9vbSb9yc311L3H9k4wPPJXna9o586', 'user', '52'),
(613, '2Kv9vbSb9yc311L3H9k4wPPJXna9o586', 'user', '52'),
(614, '2Kv9vbSb9yc311L3H9k4wPPJXna9o586', 'user', '52'),
(626, '2Kv9vbSb9yc311L3H9k4wPPJXna9o586', 'user', '52'),
(627, '2Kv9vbSb9yc311L3H9k4wPPJXna9o586', 'user', '52'),
(634, '2Kv9vbSb9yc311L3H9k4wPPJXna9o586', 'user', '52'),
(635, '2Kv9vbSb9yc311L3H9k4wPPJXna9o586', 'user', '52'),
(638, '2Kv9vbSb9yc311L3H9k4wPPJXna9o586', 'user', '52'),
(639, '2Kv9vbSb9yc311L3H9k4wPPJXna9o586', 'user', '52'),
(648, '2Kv9vbSb9yc311L3H9k4wPPJXna9o586', 'user', '52'),
(649, '2Kv9vbSb9yc311L3H9k4wPPJXna9o586', 'user', '52'),
(650, '2Kv9vbSb9yc311L3H9k4wPPJXna9o586', 'user', '52'),
(651, '2Kv9vbSb9yc311L3H9k4wPPJXna9o586', 'user', '52'),
(654, '2Kv9vbSb9yc311L3H9k4wPPJXna9o586', 'user', '52'),
(655, '2Kv9vbSb9yc311L3H9k4wPPJXna9o586', 'user', '52'),
(674, '2Kv9vbSb9yc311L3H9k4wPPJXna9o586', 'user', '52'),
(675, '2Kv9vbSb9yc311L3H9k4wPPJXna9o586', 'user', '52'),
(680, '2Kv9vbSb9yc311L3H9k4wPPJXna9o586', 'user', '52'),
(681, '2Kv9vbSb9yc311L3H9k4wPPJXna9o586', 'user', '52'),
(684, '2Kv9vbSb9yc311L3H9k4wPPJXna9o586', 'user', '52'),
(685, '2Kv9vbSb9yc311L3H9k4wPPJXna9o586', 'user', '52'),
(686, '2Kv9vbSb9yc311L3H9k4wPPJXna9o586', 'user', '52'),
(687, '2Kv9vbSb9yc311L3H9k4wPPJXna9o586', 'user', '52'),
(688, '2Kv9vbSb9yc311L3H9k4wPPJXna9o586', 'user', '52'),
(689, '2Kv9vbSb9yc311L3H9k4wPPJXna9o586', 'user', '52'),
(700, '2Kv9vbSb9yc311L3H9k4wPPJXna9o586', 'user', '52'),
(701, '2Kv9vbSb9yc311L3H9k4wPPJXna9o586', 'user', '52'),
(708, '2Kv9vbSb9yc311L3H9k4wPPJXna9o586', 'user', '52'),
(709, '2Kv9vbSb9yc311L3H9k4wPPJXna9o586', 'user', '52');
INSERT INTO `oauth_sessions` (`id`, `client_id`, `owner_type`, `owner_id`) VALUES
(714, '2Kv9vbSb9yc311L3H9k4wPPJXna9o586', 'user', '52'),
(715, '2Kv9vbSb9yc311L3H9k4wPPJXna9o586', 'user', '52'),
(718, '2Kv9vbSb9yc311L3H9k4wPPJXna9o586', 'user', '52'),
(719, '2Kv9vbSb9yc311L3H9k4wPPJXna9o586', 'user', '52'),
(720, '2Kv9vbSb9yc311L3H9k4wPPJXna9o586', 'user', '52'),
(721, '2Kv9vbSb9yc311L3H9k4wPPJXna9o586', 'user', '52'),
(734, '2Kv9vbSb9yc311L3H9k4wPPJXna9o586', 'user', '52'),
(735, '2Kv9vbSb9yc311L3H9k4wPPJXna9o586', 'user', '52'),
(742, '2Kv9vbSb9yc311L3H9k4wPPJXna9o586', 'user', '52'),
(743, '2Kv9vbSb9yc311L3H9k4wPPJXna9o586', 'user', '52'),
(744, '2Kv9vbSb9yc311L3H9k4wPPJXna9o586', 'user', '52'),
(745, '2Kv9vbSb9yc311L3H9k4wPPJXna9o586', 'user', '52'),
(746, '2Kv9vbSb9yc311L3H9k4wPPJXna9o586', 'user', '52'),
(747, '2Kv9vbSb9yc311L3H9k4wPPJXna9o586', 'user', '52'),
(750, '2Kv9vbSb9yc311L3H9k4wPPJXna9o586', 'user', '52'),
(751, '2Kv9vbSb9yc311L3H9k4wPPJXna9o586', 'user', '52'),
(752, '2Kv9vbSb9yc311L3H9k4wPPJXna9o586', 'user', '52'),
(753, '2Kv9vbSb9yc311L3H9k4wPPJXna9o586', 'user', '52'),
(758, '2Kv9vbSb9yc311L3H9k4wPPJXna9o586', 'user', '52'),
(759, '2Kv9vbSb9yc311L3H9k4wPPJXna9o586', 'user', '52'),
(760, '2Kv9vbSb9yc311L3H9k4wPPJXna9o586', 'user', '52'),
(761, '2Kv9vbSb9yc311L3H9k4wPPJXna9o586', 'user', '52'),
(778, '2Kv9vbSb9yc311L3H9k4wPPJXna9o586', 'user', '52'),
(779, '2Kv9vbSb9yc311L3H9k4wPPJXna9o586', 'user', '52'),
(796, '2Kv9vbSb9yc311L3H9k4wPPJXna9o586', 'user', '52'),
(797, '2Kv9vbSb9yc311L3H9k4wPPJXna9o586', 'user', '52'),
(798, '2Kv9vbSb9yc311L3H9k4wPPJXna9o586', 'user', '52'),
(799, '2Kv9vbSb9yc311L3H9k4wPPJXna9o586', 'user', '52'),
(800, '2Kv9vbSb9yc311L3H9k4wPPJXna9o586', 'user', '52'),
(801, '2Kv9vbSb9yc311L3H9k4wPPJXna9o586', 'user', '52'),
(816, '2Kv9vbSb9yc311L3H9k4wPPJXna9o586', 'user', '52'),
(817, '2Kv9vbSb9yc311L3H9k4wPPJXna9o586', 'user', '52'),
(820, '2Kv9vbSb9yc311L3H9k4wPPJXna9o586', 'user', '52'),
(821, '2Kv9vbSb9yc311L3H9k4wPPJXna9o586', 'user', '52'),
(822, '2Kv9vbSb9yc311L3H9k4wPPJXna9o586', 'user', '52'),
(823, '2Kv9vbSb9yc311L3H9k4wPPJXna9o586', 'user', '52'),
(826, '2Kv9vbSb9yc311L3H9k4wPPJXna9o586', 'user', '52'),
(827, '2Kv9vbSb9yc311L3H9k4wPPJXna9o586', 'user', '52'),
(828, '2Kv9vbSb9yc311L3H9k4wPPJXna9o586', 'user', '52'),
(829, '2Kv9vbSb9yc311L3H9k4wPPJXna9o586', 'user', '52'),
(830, '2Kv9vbSb9yc311L3H9k4wPPJXna9o586', 'user', '52'),
(831, '2Kv9vbSb9yc311L3H9k4wPPJXna9o586', 'user', '52'),
(838, '2Kv9vbSb9yc311L3H9k4wPPJXna9o586', 'user', '52'),
(839, '2Kv9vbSb9yc311L3H9k4wPPJXna9o586', 'user', '52'),
(842, '2Kv9vbSb9yc311L3H9k4wPPJXna9o586', 'user', '52'),
(843, '2Kv9vbSb9yc311L3H9k4wPPJXna9o586', 'user', '52'),
(267, '2Kv9vbSb9yc311L3H9k4wPPJXna9o586', 'user', '53'),
(271, '2Kv9vbSb9yc311L3H9k4wPPJXna9o586', 'user', '53'),
(282, '2Kv9vbSb9yc311L3H9k4wPPJXna9o586', 'user', '53'),
(339, '2Kv9vbSb9yc311L3H9k4wPPJXna9o586', 'user', '54'),
(389, '2Kv9vbSb9yc311L3H9k4wPPJXna9o586', 'user', '54'),
(393, '2Kv9vbSb9yc311L3H9k4wPPJXna9o586', 'user', '54'),
(401, '2Kv9vbSb9yc311L3H9k4wPPJXna9o586', 'user', '54'),
(403, '2Kv9vbSb9yc311L3H9k4wPPJXna9o586', 'user', '54'),
(423, '2Kv9vbSb9yc311L3H9k4wPPJXna9o586', 'user', '54'),
(434, '2Kv9vbSb9yc311L3H9k4wPPJXna9o586', 'user', '54'),
(435, '2Kv9vbSb9yc311L3H9k4wPPJXna9o586', 'user', '54'),
(449, '2Kv9vbSb9yc311L3H9k4wPPJXna9o586', 'user', '54'),
(454, '2Kv9vbSb9yc311L3H9k4wPPJXna9o586', 'user', '54'),
(456, '2Kv9vbSb9yc311L3H9k4wPPJXna9o586', 'user', '54'),
(458, '2Kv9vbSb9yc311L3H9k4wPPJXna9o586', 'user', '54'),
(460, '2Kv9vbSb9yc311L3H9k4wPPJXna9o586', 'user', '54'),
(462, '2Kv9vbSb9yc311L3H9k4wPPJXna9o586', 'user', '54'),
(463, '2Kv9vbSb9yc311L3H9k4wPPJXna9o586', 'user', '54'),
(484, '2Kv9vbSb9yc311L3H9k4wPPJXna9o586', 'user', '54'),
(488, '2Kv9vbSb9yc311L3H9k4wPPJXna9o586', 'user', '54'),
(502, '2Kv9vbSb9yc311L3H9k4wPPJXna9o586', 'user', '54'),
(506, '2Kv9vbSb9yc311L3H9k4wPPJXna9o586', 'user', '54'),
(514, '2Kv9vbSb9yc311L3H9k4wPPJXna9o586', 'user', '54'),
(522, '2Kv9vbSb9yc311L3H9k4wPPJXna9o586', 'user', '54'),
(524, '2Kv9vbSb9yc311L3H9k4wPPJXna9o586', 'user', '54'),
(528, '2Kv9vbSb9yc311L3H9k4wPPJXna9o586', 'user', '54'),
(534, '2Kv9vbSb9yc311L3H9k4wPPJXna9o586', 'user', '54'),
(539, '2Kv9vbSb9yc311L3H9k4wPPJXna9o586', 'user', '54'),
(540, '2Kv9vbSb9yc311L3H9k4wPPJXna9o586', 'user', '54'),
(542, '2Kv9vbSb9yc311L3H9k4wPPJXna9o586', 'user', '54'),
(547, '2Kv9vbSb9yc311L3H9k4wPPJXna9o586', 'user', '54'),
(552, '2Kv9vbSb9yc311L3H9k4wPPJXna9o586', 'user', '54'),
(557, '2Kv9vbSb9yc311L3H9k4wPPJXna9o586', 'user', '54'),
(563, '2Kv9vbSb9yc311L3H9k4wPPJXna9o586', 'user', '54'),
(566, '2Kv9vbSb9yc311L3H9k4wPPJXna9o586', 'user', '54'),
(593, '2Kv9vbSb9yc311L3H9k4wPPJXna9o586', 'user', '54'),
(598, '2Kv9vbSb9yc311L3H9k4wPPJXna9o586', 'user', '54'),
(599, '2Kv9vbSb9yc311L3H9k4wPPJXna9o586', 'user', '54'),
(600, '2Kv9vbSb9yc311L3H9k4wPPJXna9o586', 'user', '54'),
(621, '2Kv9vbSb9yc311L3H9k4wPPJXna9o586', 'user', '54'),
(622, '2Kv9vbSb9yc311L3H9k4wPPJXna9o586', 'user', '54'),
(623, '2Kv9vbSb9yc311L3H9k4wPPJXna9o586', 'user', '54'),
(628, '2Kv9vbSb9yc311L3H9k4wPPJXna9o586', 'user', '54'),
(629, '2Kv9vbSb9yc311L3H9k4wPPJXna9o586', 'user', '54'),
(630, '2Kv9vbSb9yc311L3H9k4wPPJXna9o586', 'user', '54'),
(631, '2Kv9vbSb9yc311L3H9k4wPPJXna9o586', 'user', '54'),
(632, '2Kv9vbSb9yc311L3H9k4wPPJXna9o586', 'user', '54'),
(633, '2Kv9vbSb9yc311L3H9k4wPPJXna9o586', 'user', '54'),
(636, '2Kv9vbSb9yc311L3H9k4wPPJXna9o586', 'user', '54'),
(637, '2Kv9vbSb9yc311L3H9k4wPPJXna9o586', 'user', '54'),
(640, '2Kv9vbSb9yc311L3H9k4wPPJXna9o586', 'user', '54'),
(641, '2Kv9vbSb9yc311L3H9k4wPPJXna9o586', 'user', '54'),
(646, '2Kv9vbSb9yc311L3H9k4wPPJXna9o586', 'user', '54'),
(647, '2Kv9vbSb9yc311L3H9k4wPPJXna9o586', 'user', '54'),
(652, '2Kv9vbSb9yc311L3H9k4wPPJXna9o586', 'user', '54'),
(653, '2Kv9vbSb9yc311L3H9k4wPPJXna9o586', 'user', '54'),
(658, '2Kv9vbSb9yc311L3H9k4wPPJXna9o586', 'user', '54'),
(659, '2Kv9vbSb9yc311L3H9k4wPPJXna9o586', 'user', '54'),
(660, '2Kv9vbSb9yc311L3H9k4wPPJXna9o586', 'user', '54'),
(661, '2Kv9vbSb9yc311L3H9k4wPPJXna9o586', 'user', '54'),
(670, '2Kv9vbSb9yc311L3H9k4wPPJXna9o586', 'user', '54'),
(671, '2Kv9vbSb9yc311L3H9k4wPPJXna9o586', 'user', '54'),
(676, '2Kv9vbSb9yc311L3H9k4wPPJXna9o586', 'user', '54'),
(677, '2Kv9vbSb9yc311L3H9k4wPPJXna9o586', 'user', '54'),
(682, '2Kv9vbSb9yc311L3H9k4wPPJXna9o586', 'user', '54'),
(683, '2Kv9vbSb9yc311L3H9k4wPPJXna9o586', 'user', '54'),
(518, '2Kv9vbSb9yc311L3H9k4wPPJXna9o586', 'user', '55'),
(678, '2Kv9vbSb9yc311L3H9k4wPPJXna9o586', 'user', '56'),
(679, '2Kv9vbSb9yc311L3H9k4wPPJXna9o586', 'user', '56'),
(690, '2Kv9vbSb9yc311L3H9k4wPPJXna9o586', 'user', '59'),
(691, '2Kv9vbSb9yc311L3H9k4wPPJXna9o586', 'user', '59'),
(692, '2Kv9vbSb9yc311L3H9k4wPPJXna9o586', 'user', '59'),
(693, '2Kv9vbSb9yc311L3H9k4wPPJXna9o586', 'user', '59'),
(696, '2Kv9vbSb9yc311L3H9k4wPPJXna9o586', 'user', '59'),
(697, '2Kv9vbSb9yc311L3H9k4wPPJXna9o586', 'user', '59'),
(706, '2Kv9vbSb9yc311L3H9k4wPPJXna9o586', 'user', '59'),
(707, '2Kv9vbSb9yc311L3H9k4wPPJXna9o586', 'user', '59'),
(710, '2Kv9vbSb9yc311L3H9k4wPPJXna9o586', 'user', '59'),
(711, '2Kv9vbSb9yc311L3H9k4wPPJXna9o586', 'user', '59'),
(712, '2Kv9vbSb9yc311L3H9k4wPPJXna9o586', 'user', '59'),
(713, '2Kv9vbSb9yc311L3H9k4wPPJXna9o586', 'user', '59'),
(716, '2Kv9vbSb9yc311L3H9k4wPPJXna9o586', 'user', '59'),
(717, '2Kv9vbSb9yc311L3H9k4wPPJXna9o586', 'user', '59'),
(722, '2Kv9vbSb9yc311L3H9k4wPPJXna9o586', 'user', '59'),
(723, '2Kv9vbSb9yc311L3H9k4wPPJXna9o586', 'user', '59'),
(724, '2Kv9vbSb9yc311L3H9k4wPPJXna9o586', 'user', '59'),
(725, '2Kv9vbSb9yc311L3H9k4wPPJXna9o586', 'user', '59'),
(728, '2Kv9vbSb9yc311L3H9k4wPPJXna9o586', 'user', '59'),
(729, '2Kv9vbSb9yc311L3H9k4wPPJXna9o586', 'user', '59'),
(730, '2Kv9vbSb9yc311L3H9k4wPPJXna9o586', 'user', '59'),
(731, '2Kv9vbSb9yc311L3H9k4wPPJXna9o586', 'user', '59'),
(732, '2Kv9vbSb9yc311L3H9k4wPPJXna9o586', 'user', '59'),
(733, '2Kv9vbSb9yc311L3H9k4wPPJXna9o586', 'user', '59'),
(736, '2Kv9vbSb9yc311L3H9k4wPPJXna9o586', 'user', '59'),
(737, '2Kv9vbSb9yc311L3H9k4wPPJXna9o586', 'user', '59'),
(738, '2Kv9vbSb9yc311L3H9k4wPPJXna9o586', 'user', '59'),
(739, '2Kv9vbSb9yc311L3H9k4wPPJXna9o586', 'user', '59'),
(740, '2Kv9vbSb9yc311L3H9k4wPPJXna9o586', 'user', '59'),
(741, '2Kv9vbSb9yc311L3H9k4wPPJXna9o586', 'user', '59'),
(748, '2Kv9vbSb9yc311L3H9k4wPPJXna9o586', 'user', '59'),
(749, '2Kv9vbSb9yc311L3H9k4wPPJXna9o586', 'user', '59'),
(756, '2Kv9vbSb9yc311L3H9k4wPPJXna9o586', 'user', '59'),
(757, '2Kv9vbSb9yc311L3H9k4wPPJXna9o586', 'user', '59'),
(764, '2Kv9vbSb9yc311L3H9k4wPPJXna9o586', 'user', '59'),
(765, '2Kv9vbSb9yc311L3H9k4wPPJXna9o586', 'user', '59'),
(766, '2Kv9vbSb9yc311L3H9k4wPPJXna9o586', 'user', '59'),
(767, '2Kv9vbSb9yc311L3H9k4wPPJXna9o586', 'user', '59'),
(768, '2Kv9vbSb9yc311L3H9k4wPPJXna9o586', 'user', '59'),
(769, '2Kv9vbSb9yc311L3H9k4wPPJXna9o586', 'user', '59'),
(774, '2Kv9vbSb9yc311L3H9k4wPPJXna9o586', 'user', '59'),
(775, '2Kv9vbSb9yc311L3H9k4wPPJXna9o586', 'user', '59'),
(776, '2Kv9vbSb9yc311L3H9k4wPPJXna9o586', 'user', '59'),
(777, '2Kv9vbSb9yc311L3H9k4wPPJXna9o586', 'user', '59'),
(780, '2Kv9vbSb9yc311L3H9k4wPPJXna9o586', 'user', '59'),
(781, '2Kv9vbSb9yc311L3H9k4wPPJXna9o586', 'user', '59'),
(782, '2Kv9vbSb9yc311L3H9k4wPPJXna9o586', 'user', '59'),
(783, '2Kv9vbSb9yc311L3H9k4wPPJXna9o586', 'user', '59'),
(784, '2Kv9vbSb9yc311L3H9k4wPPJXna9o586', 'user', '59'),
(785, '2Kv9vbSb9yc311L3H9k4wPPJXna9o586', 'user', '59'),
(786, '2Kv9vbSb9yc311L3H9k4wPPJXna9o586', 'user', '59'),
(787, '2Kv9vbSb9yc311L3H9k4wPPJXna9o586', 'user', '59'),
(788, '2Kv9vbSb9yc311L3H9k4wPPJXna9o586', 'user', '59'),
(789, '2Kv9vbSb9yc311L3H9k4wPPJXna9o586', 'user', '59'),
(790, '2Kv9vbSb9yc311L3H9k4wPPJXna9o586', 'user', '59'),
(791, '2Kv9vbSb9yc311L3H9k4wPPJXna9o586', 'user', '59'),
(794, '2Kv9vbSb9yc311L3H9k4wPPJXna9o586', 'user', '59'),
(795, '2Kv9vbSb9yc311L3H9k4wPPJXna9o586', 'user', '59'),
(802, '2Kv9vbSb9yc311L3H9k4wPPJXna9o586', 'user', '59'),
(803, '2Kv9vbSb9yc311L3H9k4wPPJXna9o586', 'user', '59'),
(818, '2Kv9vbSb9yc311L3H9k4wPPJXna9o586', 'user', '59'),
(819, '2Kv9vbSb9yc311L3H9k4wPPJXna9o586', 'user', '59');

-- --------------------------------------------------------

--
-- Estructura de tabla para la tabla `oauth_session_access_tokens`
--

CREATE TABLE IF NOT EXISTS `oauth_session_access_tokens` (
  `id` int(10) unsigned NOT NULL AUTO_INCREMENT,
  `session_id` int(10) unsigned NOT NULL,
  `access_token` char(40) NOT NULL,
  `access_token_expires` int(10) unsigned NOT NULL,
  PRIMARY KEY (`id`),
  UNIQUE KEY `u_oaseacto_acto_seid` (`access_token`,`session_id`),
  KEY `f_oaseto_seid` (`session_id`)
) ENGINE=InnoDB  DEFAULT CHARSET=utf8 AUTO_INCREMENT=1086 ;

--
-- Volcado de datos para la tabla `oauth_session_access_tokens`
--

INSERT INTO `oauth_session_access_tokens` (`id`, `session_id`, `access_token`, `access_token_expires`) VALUES
(1, 2, '8NIYC6mndmdG4yAe1ryXT816wFfrkgU3PmuKQskX', 1370823819),
(2, 3, '2BGSiIfR1AmUJl5qQPnGeu1008Xhyr4LlnNn2WOO', 1370824201),
(3, 4, 'O9U4QuTgCBbahPTmlloILEKvBDwbpwxTdsr3Uar4', 1370824350),
(4, 5, 'E8soVcDBSRFga1nhllnHrrM0bPyc4kDFMGwHrgGr', 1370824351),
(5, 6, '4oSehRabSeJ0E68dJi046W2sRXu8dbTCiJMa2ITB', 1370824352),
(6, 7, 'Oo5bXpAxFuCed3OpdtGLY3KyIPdqcBkjTKQ13A6W', 1370824352),
(7, 8, 'TwhZdtC1gCTDrEnvrTn5W5R6FQiRTWpKDMZ9lGTJ', 1370824352),
(8, 9, 'hGI7TujnpoqHgh84UbpjXVzCY9oPaHd6CqX9wyU6', 1370824353),
(9, 10, 'LxjMS4Mlvr9onKX0E0d42TtvlDyVMkyywSl1fvyP', 1370824353),
(10, 11, 'B1fZTA9FYZ5tjXiRp40xSCO978agzYAXGFpB7bhD', 1370824427),
(11, 12, '5HcFkfOL9gC380RO95Qp1GECzJYQDZ9YMdwEjp5T', 1370824682),
(12, 13, 'SVqv2OhwSYwCrmlq9Dn1QlUTadmdEKhShf7zCEKE', 1370824774),
(13, 14, 'DE90ihMrP8WrIHH9qkvWr2Itxg7t01qEOqUZ1uOi', 1370825004),
(14, 15, 'ScYES4qKBorab3ia4neAi8FIdOkmdCLZFxuUrPHQ', 1370825171),
(15, 16, 'SESnTrv4IcmlN9WHMF9GYLxgN0aP3l5oUVmgEUQ9', 1370845776),
(16, 17, 'phD3b1CXtm4TRfeu3e3r5w04mVsBKTvKTfqHW9P8', 1370846508),
(17, 18, 'smtc3T4vitn3X1SpS0aq1HLXYyuKHhk6CFwSV7d5', 1370846588),
(18, 19, 'rECYZQ8hgDd3yi1j8K4dtHair9WnrT0O2t2o4njL', 1370846725),
(19, 20, 'GZIZYGNmWyKN4J2ZgsnGoL6j7gPCt4WIdbb4vWF9', 1370846743),
(20, 21, 'UKpagrX8BSxPVXQnP6HxDA5Pps7lwkZIWi2gNuY3', 1370846761),
(21, 22, 'OJCMBUqWtThfU4xghdPfOEyut4Xfig1fWOjjYblm', 1370901266),
(22, 23, '0T3FpFkqbdFBGutKZIhf3DeTrB6PBKdw6XReKMpH', 1370902012),
(23, 24, 'CLOxd0I0M3knHT2tb5bwMqdKHkHDpCaX2WZveTW5', 1370905279),
(24, 25, 'A3Y7pehOWP3JbXSaX3RF6AQClTowxeVj4SyRpoF2', 1370905463),
(25, 26, 'geXNs6eSs9Bh0vQUyMERHjj5VObdbD35XT7WMuoe', 1370905531),
(26, 27, '4512mKJOjQfZlBvvfg2TEv7iQthQiSEoSUoUBouQ', 1370905571),
(27, 28, 'G22oiv8MMHVlCkqd0kwBKpBBeHqYAAKOfyW3UJ3A', 1370919029),
(28, 29, 'q0Lo6NMPgeqMVNxJcBpMyIGoshiMg3eI3Z4mxo92', 1370923780),
(29, 30, 'fbRHgL7Fcs9IshQ7aIsMezmP6VUjQvBtQ23AbNum', 1370929027),
(30, 31, 'SLpOFSxZKzT4TURCSsx8PjJm0kn5X0kZhooUuh5t', 1370999615),
(31, 32, 'q5YIVnNjHUpF7sSAw7dOJ4v7rjRFIGdxkokvQno2', 1371005008),
(32, 33, 'FrnvAY4FhnQ3gAkJvBjLCBpjYVy3TsocsLvboCPo', 1371008632),
(33, 34, 'jwQ4XUXjoguEwjsYLn08Q71ydKibPQz6DpGmRQDx', 1371014284),
(34, 35, 'NE71LaJDSoPtFH0ljv7X88c7sNlVA12dSdfzXmwM', 1371019897),
(35, 36, '8X5DJ4VFCa0bF04IG4pMUj7tZpcGsQ9ILtE7ZHIR', 1371103167),
(36, 37, 'F18WThIyG4V7cYJdqf2b0lMKeRPhsDRuQF4mtgZZ', 1371103262),
(37, 38, 'j2kF3q3sFbNfZGYLRwHuleRO1xJjpYCdNtn1R5Wl', 1371103274),
(38, 39, 'bnXLq1J04qCH0uUlqPdsXdGMmQGlgMiw6YueWiZF', 1371103393),
(39, 40, 'qzVU5XGEDGg6NAiA9d420HwW0TmrjcatifanmFsq', 1371103451),
(40, 41, 'Uq2dsx7vj1AYhYMcLBN2EnbEzuD1m8VH2O61Iza3', 1371103513),
(41, 42, 'ZUbUnQSKf7S4dgMkRo26JWxTaQGZM8z8w70xZIzk', 1371108399),
(42, 43, 'FuenaxaU7iLQzFcbiMqQChZwEMHSyyujtD2E5udU', 1371175799),
(43, 44, 'IQO4SXCshypa0iObC3F0s7bz2tqfOk2SpiBMWcDa', 1371179416),
(44, 45, 'TaSdjCvihQLLREmsBglSTCEP3EStTSOQpYfNWR4I', 1371191037),
(45, 46, 'f2KVINkgNaMaE6y7P4xf5x0opLajHKp3PKjwkblN', 1371196779),
(46, 47, 'DvaNYJ7zcBIhsmacKZHFMiLqZHFnxXORXQOuuC9L', 1371342618),
(47, 48, 'DjYTlKo1U8AZM1M8qwRUrO2WwceUzEBDbLM1OcMV', 1371346084),
(48, 49, 'KoMwuyHizszJ2zX11qxbEBqRMnppkSM1ta0AUQFO', 1371347137),
(49, 50, '1wLnW2B3IeEKPDYAIoVdZT2pLazoIsKTMoi1TgZa', 1371364569),
(50, 51, '0mlgRkW3b0xeNH48I8OuuIPoPN7Giqpxx92oTwN2', 1371413447),
(51, 52, 'vxkHGu4yVyfmle4BZbhR9QjG0oXFoELEX8EINJmh', 1371429455),
(52, 53, 'ubiqj7U2oW45WnvZuckgYI7JPM8V8r4MkYm1084K', 1371517527),
(53, 54, 'QfrkKBU9tScHiMqkGXbXzFNAhX6MAvUfCaaavvaN', 1371520547),
(54, 55, 'XFEsGDEoFc284cSjHyh8eddOe74WFzup6jckxm8G', 1371531798),
(55, 56, 'tdMBF8ZB7wr35z1uAIPsbFhzVABZ1BzgQtKADHCo', 1371618374),
(56, 57, '0EK7m2iwxWY70xUjdYwMLw27IAHSzuv7WAby4Es9', 1371624030),
(57, 58, 'qyBlXKL865AhPw7oMayK4yq9RviXS2TbCWz3R2lk', 1371672144),
(58, 59, 'aDtV7Re7N1oEWzvxOip82JJ10yOosqrUIzvUXK98', 1371673921),
(59, 60, 'BhYNb44CsHjqJEQk7HMs4wx59iyuhuTYJ9VExx6y', 1371690498),
(60, 61, 'ESMTdQFPJ3N8Lz4YrRziXERfJ6TrYxbUrJmsQoMN', 1371695590),
(61, 62, 'Yxz4vUwix4hIbzTMWELVGLNRvcpgwKlqcou2P5CO', 1371699348),
(62, 63, 'UBYUobyoVPbDJrWnoAyxwuvf0xPqmzpwdC5M2I5W', 1371705189),
(63, 64, 'U2Kk1vO9dF7Lehet4wbZurCqtAmxIe3gpqpHgUVV', 1371711105),
(64, 65, '2kBkHpCE3LHsg6zqnjVFMYMwtdE90ieAp7wwE0UD', 1371771453),
(65, 66, 'B22IEBIeef2p39muHDphRkzSlAgkjUUj4G2gxZPQ', 1371776574),
(66, 67, 'BtzodEhzU8foLt9qMprxlWObbgrnVeHw8ssDHk3m', 1371782784),
(67, 68, 'pRn3bgpLNaTIe2m2snhe8IotqxYh7Vre2wELdHKj', 1371786533),
(68, 69, 'cZcGSeTFCe8juSRSIKOFdu0kzbBShHqfhb2CiPRn', 1371829553),
(69, 70, 'c5HqUY4tEZejRRNMx3qabFwMreFVuI7CUAu0nX6z', 1371831276),
(70, 71, 'fbj0xdMRlCQstAkGApjdtGelttuivn13gpboXKYq', 1371831823),
(71, 72, 'sLcRZK9VG5c0MMk9nqDAogEXtyYuwZsbe9zgecEt', 1371832037),
(72, 73, 'iL3WEBys0LP79WluEiylFHHv9M7S4UIh4HiaHnaq', 1371832486),
(73, 74, 'gcxWIFvSKcx8efPV9YDuY9COSLq7Wma6pBH6dRiy', 1371832872),
(74, 75, 'T8v2RrUCojWItZTvX7bJc2Pd6cvKQ9IbfKAEq1K1', 1371832885),
(75, 76, 'pFsfMSeKy6M6PxYhTKJWK49rL6M6tzyGNr3mwOOi', 1371832903),
(76, 77, 'twJsLslQwxO8xY9RoDU8VftJkWhGXBc2KJVtzsFi', 1371832941),
(77, 78, 'qfudPDkJJsY3fRwoBfoFLvzyPaf8HMArG89XVcCI', 1371833703),
(78, 79, 'ILADEKfYsjEOzrm1Kv6jPoSwEm4NeBVz3DVrnQOy', 1371837940),
(79, 80, 'dgg6cbnVxajYLoPLAGoePld9ADDj8XfBSIQut23h', 1371847986),
(80, 81, 'SHTikNB118dhP21n1pa0K1VkocvNVEnnGWaNRWHE', 1371918233),
(81, 82, 'sqx9wCboU5XcsgO9cQsulZFuUzzDfuQfm1HL0ulH', 1371922437),
(82, 83, 'uZ03kWdTJzm2O152AXXEKwYEN0EcULOl4fQgGdvm', 1371937131),
(83, 84, '9nCdB0kGjVpsT1ncUqBrvU3ay0iPSjpoF5VDPMMA', 1371941636),
(84, 85, 'xNI172tdCUCAEDWBrcohfN2xQZ4SQZV0EatM5H4h', 1371946323),
(85, 86, 'fyNnRNWu2qGf03gLhoStjNoasHNDcEXwwGMWp3PW', 1372038352),
(86, 87, 'f9IUnWKdcl6p7svmmRdYSkUYDKJvZ1adBiRfMdqN', 1372042036),
(87, 88, 'RlpArSzFX4Svs2o6TBSMy872CAeas1VvfiCMNLYG', 1372092827),
(88, 89, 'oi0vikTy5VmEQBst57d2K4FSvHQN9tYTmx18iMMv', 1372096900),
(89, 90, 'hvyVrOrowfbaVzqiQml5n0N83GqgnFfxCtNCJsYa', 1372101621),
(90, 91, 'X2QUdWWvFvo5yjTg7U2g2QihtPUKkfx5goNdEtHo', 1372104024),
(91, 92, 'jPssbbtq1vhOe2UA9ICnKFX5oFDFpupr7un4lnYK', 1372366795),
(92, 93, '09APWsUUiKzO8G4dZT7C9RIZr3QsKafzQxeQNpo5', 1372440848),
(93, 94, 'yWUBnI3C0js027bELDBXH0FiX1E20hu9SLh85iH7', 1372441944),
(94, 95, '7CswpBOrgLkKlnrRdTRJPftRjQ5oP22JQNJFPBhm', 1372445759),
(95, 96, 'ensxSBuf3JhtWjGHovv1FeP8JSrqIy76pSJXt4Dy', 1372449875),
(96, 97, 'ZoHVNFOwjamob0SYmIbwjXioseewNiAG4sFVRp30', 1372469892),
(97, 98, 'QYBBXJ5Dyv99MaO0VQIopCoF3W51rwQNzba8XegJ', 1372473754),
(98, 99, '6FumQii1Yh9YEqXuccJO3s55sfXr7P3SR9FX9RwA', 1372526865),
(99, 100, 'qTHlxTLTjTtVbHhP9ePwFt82yk0iwgtW1xucZpNk', 1372530663),
(100, 101, '9nvzN4As79mKbfBSzUoVk8ofjY5rw8JpmVmrwPnz', 1372534342),
(101, 102, 'GkxA0Teg2x5f60ij6JNZAvjCXC6mKDlIdcIR2zpA', 1372550106),
(102, 103, 'ItL6rtuYfmTzffVdy3SqEPjOPNwyhV0uTz3HCJtJ', 1372614506),
(103, 104, 'YcQswKgILLRR6w2qUb7F7qWuUYC3VlsjvWpy58Ku', 1372618139),
(104, 105, 'DLrPEWzgXHsWqQJjy2Ky0Zi8YIel0Hl7naFeXPC9', 1372621782),
(105, 106, 'sp4LWW3O0dtdIzDh4bavjbbuNWj0ypRtja0Ry1tZ', 1372627618),
(106, 107, 'NIgG1uuwbAY4TLFaMGwQqQyvcUYFMF3CVSY7Xtwd', 1372717893),
(107, 108, 'PZYBWln4KSKm4skKOWgxdFI7xlJ0luB4pQI3KRaD', 1372733735),
(108, 109, 'bUEDBnRcZLxYUudx8DjWw2qVLefL5wOJdraDT872', 1372833594),
(109, 110, 'TVsrMziyDXfUtjOxFv5P9KVmdhh6xov0lphMfSPQ', 1372902908),
(110, 111, 'iAeEMYrgRFKimYR9ydQbiylYTFGZkLJiaA60zord', 1372985327),
(111, 112, 'SRS2yThxf8xxjlKmYi08lLCqVIzrpguYkl3Ej6p0', 1372994136),
(112, 113, 'UlNLyIXkSpYqQJHfHxLab6Asz1Ta9b31vvkrkZBU', 1373063393),
(113, 114, 'qBSxWlTas1IqyQoofKyOncHdKcNPxZvZnu9lnN5P', 1373079357),
(114, 115, 'P8qHvBARnZxYUa24DzqlfsnJZuS3BjBbk21i8Aj9', 1373083118),
(115, 116, 'gTA54oCIAOa8rNdkdx2myXuiX9SYlZ8tQZDuodtU', 1373098337),
(116, 117, 'KWX2DBNt5q8H9xNGB10vuWQbFeMQcrFwa9cNCKay', 1373133470),
(117, 118, 'ASC8CdkW5ACoFrYbCz8XVE2Q3nZ1CJe44wnYq11o', 1373136716),
(118, 119, 'EMIeAqvYrUjEs72AIglyt0wKoQnMQ3DahFrEW07f', 1373137307),
(119, 120, 'eX1qZQUWtWb2r1UjrUjHi9zH0JrelO2vy5MxWYRD', 1373154744),
(120, 121, '4JZO4h9jv2JaP9GH61rfnwXJENvoo1zf8IxQ16wO', 1373158810),
(121, 122, 'VT0MpHiZ0w9CFX4NGItMibTradBzb2cYu5zwOXmS', 1373162517),
(122, 123, 'shWRr0FQrPbCTl176sRBDewCKb01OjyjNbChLXQC', 1373166212),
(123, 124, 'FqsC7KAHICFDgT4k6JqxEwD7oPoEWgTHSJe2vEUN', 1373171764),
(124, 125, 'BZJQ4555RvalZhJAQBvJckCQyaxnnfkUTxF7fVO8', 1373232128),
(125, 126, 'xF26zRisIGWLeNijsFfj7SjBcs5qtypNKKwISrJP', 1373432589),
(126, 127, '9A6Cq8GlCVHovkUNuozDWtQgE0ltGs7CGWsXaXDd', 1373440516),
(127, 128, 'o40KvqFa81RjxOYnidwmzljYvkMuFKCDQi8mE9iL', 1373519296),
(128, 129, 'xTt6reFFoMWK7GkxGKbunDM2bUQ5HGH1MgXxxIoE', 1373597754),
(129, 130, 'u940KcTjbiaEHJubPcW7dv5pbj5cHPPfGCoxrUo0', 1373751562),
(130, 131, 'W2jFyh2i4PxGBTtAVY5B9gSlCNBzixIgiYR2Yavr', 1373755239),
(131, 132, 'UuEtqSevIddBgJcbnX8jFuu9nk8dtGuFGOW48pyN', 1373758896),
(132, 133, '0uVwyOef02GzveRfLMlEGJ7mpYJc7vyoX2mFo8pi', 1373762613),
(133, 134, 'ciBAiKs0o5VjUmRp37tJcx2PaUyNTaGBbZ7IMAnL', 1373768281),
(134, 135, 'hS2iqqvpN4VVgvMlo48tiTdTFZdfpfJEAmBs8cLv', 1373943581),
(135, 136, 'HZy0EBjTEZnn9wDPW3KbFUNzbmRsf2NpKkVqxlsn', 1373947250),
(136, 137, '7Tzay2ErUz9NcPuoH1Ic6zApPFqij4fYI1QRW7uC', 1373960254),
(137, 138, 'h6uYVXBZhSjhE35KdCBpmNCvcxHk9BKnRMYe8ixH', 1374009926),
(138, 139, 'G82MhEF1XJskAyUcQFiufmkxH0ZI7qd5JSqZFyYI', 1374013539),
(139, 140, 'xjAacLlqMP6gv9gNPbj12938JXI6tdHJVNHXrBCx', 1374019987),
(140, 141, 'tw6XSAB3SNMLvaG2kMQ2q8scVIszcLswn2l97fNY', 1374029856),
(141, 142, 'Ue7qXvIlRlKyWCWLtwQBM2zLcjKB2J69XwwvcF6P', 1374127885),
(142, 143, 'i6wus5KRqhkhnDVPbMopxt10wZwPKOmNyRTaY8Cu', 1374131553),
(143, 144, 'qxjPEMEc3qSxcsipQntrB1ZyLIPq6BnKNjypXVnh', 1374180426),
(144, 145, 'am0EI4Mi00ThbtJ1GVdGm2KwXZOASgL8wxRGjPXy', 1374289373),
(145, 146, 'e8qT4solPApcdJW5lJ82QJt7Sh4ft6YXpjvAzlEa', 1374309250),
(146, 147, 'jIA71REv3wBKSkJI4877gpUOtTze0931duHecOED', 1374342671),
(147, 148, 'AwxvtgJSpoIJAK4iSe6bK6fHsDEkLWaBjZAO3u7r', 1374347886),
(148, 149, 'RL3KRYjVuqfimdpGq0zU9vWp7lTYcANwCVhc6q1j', 1374371600),
(149, 150, 'ZfAUWE3IFm7w5gVO6piZCKTi5UOIaERWMYKRCmdP', 1374376193),
(150, 151, 'UJt3NmOLdKJG2PgZPP5BNAjh8wfWjbzkCv6CjIHF', 1374379867),
(151, 152, '7X04W1NPsxZ6UduRxgnlwpvByeIV736UXn9DVVHy', 1374440901),
(152, 153, '28lE9bIQhKPusjIU7AnlNQ9CyyRn5qfRZJtyvCXB', 1374444851),
(153, 154, 'Mkl9SxWB4AfQj5sXrwnaDdHwbCDvQZVq3cLpP7ig', 1374457472),
(154, 155, 'Y2euOMICwupNv9hhYcmQewnkiTBUU5mA7Gg6VvML', 1374547408),
(155, 156, 'kwOFqFfsvxKWMAYIMl0TRgr3cQvuAvaQdUbnrHZX', 1374556190),
(156, 157, 'NbOGVtx4ZtE2rSpfuSCfiASZLogy8xtxV7wLuUDy', 1374559918),
(157, 158, 'RZyvsucrCUnKSI4AeegAql6QhfgzCvDP3KcbvtUL', 1374563630),
(158, 159, 'T5IIuSyWyj6zRkBSWPW6iUDBbEcTi1d7iOrmezRH', 1374633817),
(159, 160, '1wCZ59WMZCTfBmfKgURqEtyvHTb0h7opoOHkRlJ9', 1374641972),
(160, 161, 'eO3pT7Odz1tdQJVDcwvdjn7skbmbLQ3WQgCo9Kxe', 1374644654),
(161, 162, 'sxNrsbqhdcuQjz67INiXYhKdF4j2sGnFjngCOzkH', 1374647003),
(162, 163, 'MCHIWPKGLs9ovaiIifM4PieCee0OAGwvo1tJFJ4A', 1374653163),
(163, 164, 'oQIxlhBKu6BHk4ovWogcVcowvqSbMlVpWdUJfM6e', 1374970477),
(164, 165, 'ob2pbET6QOgWWl0CDPrHNQd16SyXjTSfReRByicn', 1374974293),
(165, 166, 'p3ZZYsh3lXmcYCOWgJps0kUtEFqUInrpfIp2p08o', 1374993024),
(166, 167, 'pv18cb1KHynuez0G0KqWThNJLhcW37fO969XgivL', 1375000635),
(167, 168, 'QPxETJ02IKgPU4zsB47rnNjiJYCOJmdPrFasA0zg', 1375041956),
(168, 169, 'MwOefl3saWtAiUwtErd3d5PbD6d8uOfN6B9Vgoj1', 1375045599),
(169, 170, 'mE79CKa8nDAu9zFr56jhOfxsPPXnSRclg8BvPeZc', 1375073271),
(170, 171, 'ryOJGCU8eP4bRhOo88dOpJCNC4PZArKPiYCeocfU', 1375080790),
(171, 172, 'HpryON0h3kVUYU0lHHROrwQLOziO0lfUY2QPCdNN', 1375152147),
(172, 173, '2bv9uUH98qdhRfED16rTq9VzDokET19FFrqJsHLM', 1375156093),
(173, 174, '7pUhxTqT1chZyDbQSzSgAwrCqOCvtC2lLlcG11gY', 1375159747),
(174, 175, 'AjHygiDJR3wSKtVgOyUg2FtsEm2WIwr3lTYg3mbW', 1375220976),
(175, 176, 'aqfvaSKw109IySuOQ6BwDZkA04mU5hiR7jzXdvl7', 1375240864),
(176, 177, 'jh2xqw86IuhrB0Cfg9ioyUrM8p8xs2BJmhvP8Ucq', 1375247455),
(177, 178, 'm4x3pa9OtTYcW2wOOeveBkFnGH2e3YTdimKOAKvv', 1375251133),
(178, 179, 'eqNqEe296dkJoKsUnwQBXQA4sYZTPWBJzb1S7evW', 1375257850),
(179, 180, 'G5TBzz6dHBI96Ech2oVeLMQB0TVYmtMG5Y3HSiQF', 1375337643),
(180, 181, 'kvz81mNfk2in5Lo7D4qp6f4c51iuVK5tkaTjzhRs', 1375341422),
(181, 182, 'foW1YbIhZ4oAo77uDMMiVy1e0hzz2yGNiBc3DsV2', 1375413913),
(182, 183, '6tPjtYSNbSmubGyMOaiDo2tk5U3fUunskn7e2Ymt', 1375419894),
(183, 184, 'NIE2sl0k0VxBVgsVhD6gG68tmjHcBJCjkvH5JMQn', 1375423751),
(184, 185, 'fra0jBe7yebIZqXAcudAvY9r4zD8PjSVzYM9JReB', 1375427542),
(185, 186, 'WdfMB83524BtCRtRaTEd2ieF8lWbOgtUH9pykVZY', 1375482358),
(186, 187, 'OeosqQUIUpRyfS7MsEKTn0LfkXAgvpagYINqAj87', 1375486026),
(187, 188, '63IW6oNk7giJfAwWDezekTzcPkKYNmVC5sDGZRGh', 1375498319),
(188, 189, 'vnatP5kCQccLNIMIwNPpWTOUeLNIfqauJUONS1NJ', 1375501949),
(189, 190, 'rUfVtZG6UT0nvx5np38xqlVCCJqYnJHYzGY3RtJk', 1375506242),
(190, 191, 'lFlyqptxBmUBzkBPPD7LIgg99dz0K8m0bKicReZR', 1375558452),
(191, 192, 'sD2UM064PzGB3ff9x6MG7ZiFcfCyaZXmypr8Qprx', 1375566124),
(192, 193, '7Ed8efn2Dqekna3jYq0RVQitNtrAvz3x4sNO8Xjx', 1375578186),
(193, 194, 'a5YsjNoQ0EpZJmsFZqXX7jm8WWBFNR9YSgHlAQvj', 1375582018),
(194, 195, 'M6V7dpfgl320fc9lbijWdR2i0qoSc3hZLSIW7VXV', 1375586174),
(195, 196, 'Em6RiooarKbzGnYMNXy7wa55vnX1rZNxx6b6LjXW', 1375634592),
(196, 197, 'EyvPKL4Sk8bLvAOmQnsmQTPJwzrnv7UchCCou2Ao', 1375638962),
(197, 198, 'v2TBvGkYN91cC87nMg9ZxxIxuVdM8wFQj37OyJjS', 1375758394),
(198, 199, 'fXRWNXryArrNTowtAIlCvceFwkVEmxIdgonytQZz', 1375766016),
(199, 200, 'bPr0RGUxhuwULahFDH62grhNJGptAU4fZDgMGNOF', 1375847108),
(200, 201, 'vWhou2f4BwlFqwhoA3yOBxzlJt7tVO67nfgiTpxN', 1375854860),
(201, 202, 'rYw3RQAalABaMLvRqYIuI4DT9tOprcU7TaXShyjd', 1375860336),
(202, 203, 'uoseZ1T8mSFrHBy33VCvuxsXxZUPyxqj0ncOYGzf', 1375941368),
(203, 204, 'IbmwrL72xalcltfCAWOW1YSWhnt0PwA3guvN8h9q', 1375998729),
(204, 205, '4z7jjvWwl9NRzryeq5AIN0mf5TxuK5gQBdSVzkG1', 1376105710),
(205, 206, 'lBBF1jtPKEAZfgXQcuMgYWB2zSiMdJnPXswt4k6P', 1376154978),
(206, 207, 'pePj8FHwkoLhjKA0FiBjtoa2BjzMS1oX4fEGvDJM', 1376158600),
(207, 208, 'Pv0pGbbcBPyH7tYq2DUU7fzdyVvsGF1jhjvRKCA6', 1376165901),
(208, 209, 'x6JgT17R9wdFxITfoAUIVNREn82Pswf3bnvVv4jT', 1376170241),
(209, 210, 'mk6gokID7NNaHJDuAHdv8vYZbkBcDs4jFt6PmQsS', 1376178277),
(210, 211, '2SbZAEhabVYxGUMhK2Oly0GSnANzSiRni3zGJTDe', 1376182128),
(211, 212, 'Af5p2XLfSF4xPLPWnL1CRPapMqSz71oP6inGxmNM', 1376186230),
(212, 213, 'PUtntYNhQCC2vULRfHEGRhySUDNfhJjC66zJ6kZg', 1376243580),
(213, 214, 'OTGG5EYAnohBzIHum1blXwikJEdbjKf1WNb7MiWW', 1376247448),
(214, 215, 'kAr6kLP9cf70LxFJVYvirmg95OSwbnJoz6wPge3G', 1376251569),
(215, 216, 'ttxRjjfLft0WapNrFHiRvxrZKMWbs6KUxWBgw3du', 1376255927),
(216, 217, 'B3aYe0GbnPG4Ec67Tk6FHgRIc4VLXzUY2RSypYQA', 1376261564),
(217, 218, 'Lk9SvzNCcTTOOxLMhVGtewallWDR1tSi1SRli58Y', 1376367271),
(218, 219, 'KH202XiatNmgOKBZT8z4ktNYYOlssyIbmCXDN9bi', 1376373093),
(219, 220, 'dlRehSH5GWwUroSQCVRNYpsGSFBqSGj8rZf7OhBf', 1376376872),
(220, 221, 'To9BFGQjDb3jZYf12aDWjrlfhHI0yIDVxg3KVh3f', 1376450568),
(221, 222, 'YaCYiH1ykAixq8oq1wWKVCOQdfqLVZp9n9eCj1pj', 1376536307),
(222, 223, 'a6vA4q4I0XhQLSCZHcoLFhTMydaxFm6gDHYC7xKa', 1376620984),
(223, 224, 'SRE6o9TpPpVgdZgGpk3GszEExtGnMNd0XKfS4Dal', 1376692805),
(224, 225, 'EYrGx8eEzL40QfrgDKTOBTDld77XmU8JPu2KAVMT', 1376707468),
(225, 226, 'Z8RZF0oUyGIVz9mT6DmQO25gHbmAVnzCpHB5s4mN', 1376711221),
(226, 227, '3qd26WEHJaw2DzP3Y4y0rdaMQ5su1r1FvNXmx4Gl', 1376715135),
(227, 228, '7fCmUaWi09v7jOKEQcKFaMrmdaOen6UKg5nAsvjt', 1376762923),
(228, 229, '1xAKeVazEUihXvIT0zhfoygrzKG9LgEhvrkdgiI6', 1376775256),
(229, 230, 'XHKDfgW8UCBTdplePK0VQm9MWxa15tv0iVfqu2OT', 1376780587),
(230, 231, 'rFRfsUs6wzHuDmlUG4TylQBNxH3RfWxo2f3y1x9w', 1376784289),
(231, 232, 'vGvKTka8v2WD2ue1ItP5f46QVvXb38eAo3pPEO8V', 1376788458),
(232, 233, '3BvrhHeF5TZexmlXnoIpvxjwQ8RecPXlSmBJSjgO', 1376795352),
(233, 234, '3AZNHzPrKTgGTpKBPpEJYrRsVtswJKdISEUjuDVG', 1376799146),
(234, 235, 'vigaqFYtyjA1M9GpwsgvBMV8q0EZNCUmZKd6RYtM', 1376847130),
(235, 236, 'Zt9fOOEpROlkcTQOzxQLKkZzVySWjiAhLCSArfgM', 1376850763),
(236, 237, 'MRmde7tfcFeQeEVPow3KjPoXj8l2I0GEPkVTJNZt', 1376979143),
(237, 238, '8yMtBeHfj07shxMdpJ6B1ntlaKaX5E0EdKoj7nHR', 1376984188),
(238, 239, '2LyGOOMxIdjWMiT3klzQgjNDIc6hwreg8d7zSV03', 1377062878),
(239, 240, 'CcaFeGgJsOdgjzRjIZaO1Pb7NdySrz481olvT1Kr', 1377063727),
(240, 241, '368lovODODmPpGjwJBb8y0ULB4z3td2CgX24tvnL', 1377070576),
(241, 242, 'oPtBNOWLMXe6hRqsh3NKqQYPezfeBoRWwmMY8m7u', 1377139818),
(242, 243, 'CDipr0aHxJIcuPqXUOvoo58kSFKBvEB9JirXRCNB', 1377153226),
(243, 244, '67AR6tUhFPfhU960dEaaBhEgDbLUoQrPe2awCw73', 1377187682),
(244, 245, 'niaR9WLA48WFobBZ4doNTGvvArPUahKXl6rTm4jd', 1377230742),
(245, 246, 'DM0SgriFMzzXC9BXdyjhrbJeZ2Oi0sDP7ERW5T02', 1377237047),
(246, 247, 'oVYzXLQCH6sk0S6HBd6Kdh1pJHfA57yXXsDidESe', 1377243837),
(247, 248, 'QxvQzpjUUKwYYj56t4Q4dHocxW5jcv0L1yXLwU3p', 1377285873),
(248, 249, 'sms8jiGD0xWLccJAFR2lzWvVjjBZPIGd5LU5rlsF', 1377292748),
(249, 250, 'i5pohbUdtQstzsY3nNPHcED2eBVqEsVBY3Pw4foV', 1377296510),
(250, 251, 'xf6s3pOS5jf1hFHQcx6s5eslUmQ5E23XG5YsKa8A', 1377312273),
(251, 252, 'phItTKZPZE6O6jEdXuwUmN8fZgLtJYQHXqX8qk28', 1377325539),
(252, 253, 'DpNlJ6HBxjepZVnv6MPZbM3VcieSEiB5JeUPt99O', 1377543809),
(253, 254, 'fWCmcNP1fRKaWI2hDnTPkAH3bz5QJs8151VHMW43', 1377553586),
(254, 255, 'I8kVpeMOoHhMhwqJtpxFH7pjRVIlyXH7ymK0OgFJ', 1377554726),
(255, 256, '0HuSV7YdF46j6b2nQXzPRxFqJ5opZP8flpGmLQ7j', 1377555446),
(256, 257, 'h8Kv3DJP8cpRoJ7ELjU8TmI6Q8rywjwRaYgVeus8', 1377555694),
(257, 258, 'pmTRLIPxbQPMjVg77ZYHFd103rM5IbwVLvGpR0pX', 1377559269),
(258, 259, 'oBZLIov4XiRd7VnZTmW0XzQVDvogjANyvyyqyfqk', 1377566780),
(259, 260, 'FV2jqwy7xdXlcUQjzvrzCdsmzo4k3GsTa6tHsoiD', 1377566826),
(260, 261, 'IiwtrfdwoiGX7yEFJeehFii59L2T9XaMAPariGP0', 1377567826),
(261, 262, 'hIUGLUFNKaVlSbchudMbZbndxqhcKt65KU8lf0zw', 1377582478),
(262, 263, 'OP37DfuxD3bIQ6HUOyMtrzKR5To6WZwYpwAyIqp3', 1377584126),
(263, 264, 'aqotrFZn5phiIreO7OORf3rOw6huqFxBenyUfKG4', 1377620823),
(264, 265, 'f0jbZvb4clEoo0RmRAH3lKdyx0VBTdiRabIT8x4A', 1377643277),
(265, 266, 'imVcyz1bYj1NZcR18rRORLKJuKqMwM4aRz4BvEj1', 1377646507),
(266, 267, 'TzYgPTCsN0naCJYVrkMfWueycSwyKjcXQRLb6Ht5', 1377646639),
(267, 268, 'ZLSUaD5tQFWGS3eZyx6EKLj6MpupYowF1JI7INyL', 1377650604),
(268, 269, 'etClwlG5wNdKHCRX88lfn2DlcSSRN6RpJNtshSno', 1377716289),
(269, 270, 'qKXWhLwOSioE8P9bs2INafYrX5sHkXbeaxTeLAUV', 1377731728),
(270, 271, '2EP6UGI60GWmwLM2h3gW3tpvVp1Hj9IuatjMgO73', 1377735168),
(271, 272, 'Q5Vw2l44zUMwJSDbzQolq8nlyw12Fh5Itp2tVDbD', 1377795488),
(272, 273, 'KLnj5pJm8LwKQkEPL3o8cKTC52qRWnI0lvbGobcb', 1377827020),
(273, 274, 'PpXwZBhXqAAFCC83dyynDyWEyHyX30XmLKPeuKsD', 1377894224),
(274, 275, 'Nd7lIzq4jUmiOYHS5JvbMlpPgdHMXDCFTMNJEeWJ', 1377919193),
(275, 276, 'cTVSJR8xF3S0GS5Q6U4BTjWvINpng9dZiaEEcP8l', 1377992411),
(276, 277, 'rHv5AqDtdlqw5FT189kkOTpdO81Kaxs2zxFibtea', 1378087150),
(277, 278, '2U0PZXReAyNtS9bkFrrKr8nb51oKazoASEUU614x', 1378140772),
(278, 279, 'hSkVe4aoZnK9xEbgI5zIgkgjuO2a0D5zQVlBVFMU', 1378146419),
(279, 280, '5NQBQ6uojTrK9JxM4MA1MMiGcNgH8VO10NCxq0sc', 1378153809),
(280, 281, 'lKqhLHDzA66HnmqyIIAq3i1fjR8lsJSqX2FwYK7x', 1378155798),
(281, 282, '8piNMr4fIdWeN6UpTO2mDnejLFYizNUEmWrh2unG', 1378168526),
(282, 283, 'vcMkMtdPmwf4ZhfrJoaOMAkTRJzqgfrD3UbHBqFq', 1378238145),
(283, 284, 'L7KePKlpWNsoANOLA981TJGzIKAwtFOMScKAH12H', 1378238470),
(284, 285, '3wa5jTHdAmbs4CsPiuo4CFytAsegSceNMnnpj8Oc', 1378255545),
(285, 286, 'qXKnmrYOI97GasPUpF3nDVsubpVeJHhjHANFpZcq', 1378318058),
(286, 287, 'EMSk2TEpOgpIrU6QjbzOvYuh5Oq25lHtfIHVxlIW', 1378333086),
(287, 288, 'qbrTUfRwRlHroqcnxUOKvSsCfJJcWFbF0ViSXz91', 1378345441),
(288, 289, 'fxrzO8qnUl9hoSDCEukgD3PQPYSKnCvp6S7J1xMC', 1378410424),
(289, 290, 'sP5q70kEFnhFiuInOD0WdOpl1MgrA1xZPcqmThlL', 1378603950),
(290, 291, 'ncbgaFVDtgRBzJby3XuGZGmM6cmL8EixrtPEIxVr', 1378608471),
(291, 292, 'VcGa4uiVAm9PzUNUBmvDj8g1vA7hlzeOqEWzqbtc', 1378608881),
(292, 293, 'kMqqN5a1BvyKFIakys9dKkjVIPKxO44NUFiZvTgj', 1378610902),
(293, 294, 'wcfxTCn8Q5lD9Xo6HN1MdCmMc7DpAtMo8pIqB1xj', 1378745420),
(294, 295, '9rlouDmdWWl9itT2Vjro17B2KhMskR5wVoCYeZFW', 1378757979),
(295, 296, 'Wz1R3orIBuhYawAHWcEIPWRHC1z2qx0IuULUzaAF', 1378774653),
(296, 297, 'MLdHFtVeu88vx6OKUICSWBWYbe18TuohpmhX0Si5', 1378775234),
(297, 298, '8wBCTIFsiznn7eRFuq46cU2ikF0Beg1uXNOrwQGT', 1378775511),
(298, 299, 'xRjUvk1S6sHO7EngzmJeIM7JxxJYap3BF7t8n2KL', 1378782810),
(299, 300, 'wNH4Zuv6xRJb7080paiV57X5RF5V5vHCicvHS7Si', 1378848110),
(300, 301, 'Wf8jzcAbwaMtw5QUZX9Wysg9oYINIXEQBix920Ff', 1378854571),
(301, 302, '7TQ7rQlRXgtbFwXKelwKmdL6pMZdLvUJPkftQ8ev', 1378858653),
(302, 303, 'FTPnLNeTCt9qFvOEMM2iue1xSLlOXV72FMyE3kT7', 1378914540),
(303, 304, 'DP2KQUYeaeU6JWsHFNE3uNx2edKGPIa7g9KV0ZC6', 1378935417),
(304, 305, '6Aix5UydjfA4A9TQ7PvfaMjXJne1uvHx691GMgSK', 1378938241),
(305, 306, 'PWk3ZIw9zQYMMBeBSN1vyN0CnQj5Qy0DhpUdtbrg', 1378947424),
(306, 307, 'EmarDY8FcoUix61mUP4GZWecZKxWbsJNJcZjWFvE', 1378955789),
(307, 308, '9avXec4CZEamz4NeBuKU0EYQWHgNfn2z4WxALrZw', 1378955792),
(308, 309, '9lEd7WTsruQchPVMPLJVpyp8Bo3d6zGYrHhjHCNe', 1378970199),
(309, 310, 'v3vK29nWeSNYP24HodtsoWEXvqf1eVTRJ9EIjP4V', 1379015384),
(310, 311, 'Yusw1FtaK9P01U1J3v12bXbFUQsFmjCTw03zQPvy', 1379089731),
(311, 312, 'vXCVV5C9e2AuCm5BG5OaBTQqIDc1nzGAjSe4xWMQ', 1379114928),
(312, 313, 'unxtyR5F1svUYw16BTqFIIQwncnCekeS8aemD4rW', 1379129674),
(313, 314, 'oF2hlfXXy6EmgMxsQf5guwypgAmSRiBoGAZfDxu8', 1379142257),
(314, 315, 'OZfF4Qr9FcmT5SQDO3AQbRKWMXplzUJdE9zTsbco', 1379186425),
(315, 316, 'ieQS9uJO6Gn3v23m09qvIk0Y4UlGAvfqH1Q7Y4GQ', 1379197606),
(316, 317, 'sqT5ufyxR8UzxMOziUKk5tWUYPLRahdwPfOcri1t', 1379203462),
(317, 318, '92lu16dblRSwhn6vM2xZGYNI5WYljGFkAALG9DpX', 1379204634),
(318, 319, 'jDWWXfES7hkTZBck1akq0ztno9SR1BxlvpWYtp4h', 1379288909),
(319, 320, 'glJvarO75AZoCL5yATj9oJU9gkus0DIDwM1kopnH', 1379355560),
(320, 321, 'I8fFPlsqsDKxcWnBhHgEDYX5tUhxDY51sxrH2lRB', 1379432911),
(321, 322, 'dgXKmjmYrKV00negeJOZHwaG9EmmtW5twk1wGph7', 1379436694),
(322, 323, 'FWx88pUgyFgCe6qcAdBQv0nbbVNnHUXGKNZYV4xB', 1379460122),
(323, 324, '3jhQwSkXVA0dhsPBRnwiTZ3Rzvm0yTgsDv9oMn8K', 1379471030),
(324, 325, 'aqd9TZMp9e2unMRF1iRFvQGlSCiT4cRKuhkZtpqK', 1379471041),
(325, 326, 'isyO93ywM0IenhXOZByhgjPwltcNa21hxooPGL7J', 1379485809),
(326, 327, 'K1C3x7O1Zj6SRQPdaJSIo5WWMNoAMlAhu3CgBMP6', 1379558517),
(327, 328, 'Prm7TMCboprzxnafgS9SoaUzKzny9RAaGZrHIB7E', 1379633304),
(328, 329, 'gGGiF1qlHiG5YDRHiHv5JrywUBMJO49Lt804ZbF2', 1379633381),
(329, 330, 'LpZ27qzgeQNU5hj0Koxe9YL95deNcg2kAcOhRfNv', 1379637435),
(330, 331, '3AXbya0ZEz5Z0i1pTsmgfgUE2Bg4zP1GFQeerpg5', 1379705820),
(331, 332, 'wXdxSc5k2DMvhYO2sxDLhnru4P5zy0Da60znRfTO', 1379706773),
(332, 333, 'SchONHxDJSXxlx72RI38aq82hYhE4txsuTREn8pk', 1379719168),
(333, 334, '1TIDZGktfjZbW3MmCZ5HxVHoPXq9lZQYRapJiGuo', 1379789846),
(334, 335, 'yDSFPYyt3crJrfU8inMYZqB8FRF4nl4wdWKzu3vB', 1379793134),
(335, 336, 'UgH9vrkKo9ojPBT2mkcUwjW9SSSXMlQpreDpmTS3', 1379795190),
(336, 337, 'OZaXMasWHFqltmkVTlTSPJbRTtkDN71uQaLj7137', 1379810481),
(337, 338, '0DJkDYa3fPE9bbshz6bqNqtSV1xVAkVfVwIm2WEf', 1379810613),
(338, 339, 'GuX3m8XIQ94pBaxlvH9ZuPPFri4SZ0M0MyDUsZAX', 1379810891),
(339, 340, 'HT7yg937AhYUUvz4Aa2J0F6VECncgQ85wclzC4Su', 1379966250),
(340, 341, 'MCDk8zsgn1V9G5IwPa9F6l6e12cF9r9uOwA0hIZY', 1379969193),
(341, 342, 'T58LpLjW5kecNuHhavFRkq0Bk5AjKpVBRSrhl57K', 1379969848),
(342, 343, 'c0YNzZe7acCZG1MWwG3rKYEw5MN2qkyDJXWTwWZz', 1379979190),
(343, 344, 'DJ8XItHN8CNyzdrhM0aIejrhK4vuXbSCqQSpQzd2', 1379995972),
(344, 345, '1xPdh0ZgB27OCu3JkFjLsab5O3isyevu3bYHnCNM', 1380149889),
(345, 346, 'mtKXUWNC6KPFke0J9whol7eSxSNmwkZtE8cQlEYm', 1380235749),
(346, 347, '7mj0EJFm2DKPhqcE7DE1pdu7OPTswgzE3NGO2owN', 1380236756),
(347, 348, 'Z4JUlCqifCuXe6AmAL8R4H5fyBXxEtOdkognuZXl', 1380238774),
(348, 349, 'A76kCvYpgYxVN4RDZHvtE4CVNBhVxn96E6cCpk34', 1380315503),
(349, 350, 'xALo6fZS7YRieVNg2ThItSK8J277zcDHoRg7AV4L', 1380446357),
(350, 351, 'zzYxcMnA7IRNkBPeoU26m6msSKY9rWBvmpCUOTFm', 1380559290),
(351, 352, 'nxpxJDToxapSBWEAYGUNuoytrEPRRQ3XXJDuSWoS', 1380563683),
(352, 353, 'V3mTW2ioxNTL38NCa0Cf0vLKsTv3G0G2bneA0dLM', 1380565690),
(353, 354, '2aHkRIKf7C9RhGq7O4VZVD5uu5C86fCW1FPmy0Tn', 1380565700),
(354, 355, 'FYpwkwYVU83dtdzuH203qTYAINV8q1RNDQhFs5xa', 1380585027),
(355, 356, 'JDZuVKs9XNnmFiyrKvt5nNX6nx8SYdFDKqSr8rhF', 1380592138),
(356, 357, 'deJPn5akZmzZONAq8i9TtQ3x7FhoeprCvX0L6xGG', 1380664750),
(357, 358, 'WViNxsly0Zb4Mi4bFs4eJ1q3HhaIY0thWsVOC0OX', 1380676733),
(358, 359, 'OiFtELWj2Thfzj8XxCDBUxc56U9WMA9rwVJ6K3DE', 1380734260),
(359, 360, 'mBVpFq95REDTwwk0ZuJ4BiDOqwcP2aSPj6FG2rHD', 1380743100),
(360, 361, '17D1J7BW9HIiu5jXIrpJqyUpAl00nTlj1IilsYKw', 1380762572),
(361, 362, 'hBiw1ItjK9o59xZeOxQ0XMGVSGp9jYtHaPWoc9Cc', 1380777563),
(362, 363, 'IUWNOk10RdprbFkcpA8vuek6MT17029ZW1se9EvS', 1380784152),
(363, 364, 'Mitwbkg2rP8WtWGlgInAPIzB14tqDIQVZLyeDxPc', 1380818031),
(364, 365, 'j1Z6HWPt0npSu5wGIX2ANvGE0hxDXz2w9gQl9lfo', 1380818303),
(365, 366, 'XdxRT5oNXTzFfZUkWKhqJID3YVAnHytSEjDQQEtR', 1380844973),
(366, 367, 'kzqxwyp80irrOP92LW8oR19zZgPTeS0t2LW7EWmh', 1380860121),
(367, 368, '6M3UbbRA9UcyogJrgsa9oApkbWgSewIN3ArPvNFl', 1380871518),
(368, 369, 'HWkIWpYQA4U6fYbQ58cBmNELdfQCo9b7tYT2Y904', 1380915128),
(369, 370, 'R9bHDtPMH8J0KyLy42aAjhH4gpSjcC0oMWON9Nzr', 1380917045),
(370, 371, 'MLawk3PdE1ivSrtWO1qBH49QeLq0toXV5AQFd4cB', 1380919412),
(371, 372, 'DOJjFJGE2tNFW47CnPRmGaaqd4PP5XSgO7fRYVET', 1380919543),
(372, 373, '220dptH0ekYDhPwv5lvE3E22IHaqbFWSae5JxYZ6', 1380935445),
(373, 374, 'XJvu8oLhsL1D6El22nQSpT8JVOMvzTYTsM7I2LrX', 1380960292),
(374, 375, 'U0JVJW73HGOyHwXxav4KH0A7eBCjLTyaReWysLFM', 1380994796),
(375, 376, 'r3HGrUqLq52fzqdyiNBT9X7gKUh5jBvek9R8QsQe', 1381001948),
(376, 377, 'smYU6nhnC3nPX9sOEIvaLQ2G4iL4HjJMA4O5DUzF', 1381027767),
(377, 378, 'hWLw8ABGitI3x5P7B3LJzvIaKGu1FZrjEm3SHxPn', 1381081217),
(378, 379, 'kqbY9DyAQV74KlYe6TcpmNlqzx3LvuDDIrRjkHf0', 1381213256),
(379, 380, 'yU5CXKmzQZZpyNpNhBbj9DZEIlDxM1u8XvEarvqx', 1381246273),
(380, 381, '7GOsa8Z2U6y5uI2hdXcgJ0SSM50NUMgh0NsoxLH5', 1381252063),
(381, 382, 'tEO3Oo62El0zIPvwXMm6oV7M7kACa1xSLBTAgdMr', 1381338214),
(382, 383, 'CerFEB4LIqjJGtIc7yUUrlAyccOpF6iDmp8oIA77', 1381340998),
(383, 384, 'j0RIALXTxA9rta0wgxLNKZRCpn2a6P1NkfAfmpw4', 1381344175),
(384, 385, 'PwmZgVaTghgYx4OC7IfOv4njXbZs9NZzpy0J9o05', 1381347955),
(385, 386, 'GnCmMIkmfHUN58s5yC1LPwixRIu50TmeicaFYvV1', 1381351586),
(386, 387, 'EWUrnfI8hTAB9vtgGtiTPDsa8A2apulA9cq6CnK9', 1381352457),
(387, 388, 'SM63ZEf7Bkgd1PqXkVd83ihlv0ws4hQC87Wd4mcn', 1381354518),
(388, 389, 'ZZR2sql82XPrLTdCjdjddGAy1YpPwrZLUxrs1nz7', 1381362399),
(389, 390, 'ckeyWEQDLHqFXQ9XkeHPhdSme16dFrNjwGHv4Qnx', 1381365516),
(390, 391, 'Rs3EtBoZl7yQfSNcQHMKobz9CQHXTsje0IXWoNfG', 1381367683),
(391, 392, 'sYCFjG7oBR8Aw3PtzEwrjigPxRXgf1Vyp9gJakk5', 1381378811),
(392, 393, 'qneOvePowtvivEKD0PxsLxehiEf4aQYMw29awvc4', 1381424115),
(393, 394, 'HQAV6sN3dH0zMerI3A9AC8WfcWdkvQRE1ULu0idg', 1381430699),
(394, 395, 'IFeJkySGduvklLC5UWmtekJfsSFMNj60LtwOldXS', 1381435047),
(395, 396, 'e05RVWpPfAutpJzbw4B5UzdLv5IMgNZH8LGCJEmw', 1381437813),
(396, 397, 'jn85nXDtpOC1RoDChmnhigvLGegZuDH8nRbhDMtD', 1381508135),
(397, 398, '6ApoDloUe4wqtbJA1VBa1aRBpyGFe1O3CvCIF4qx', 1381521326),
(398, 399, 'pv3ZQWjw5JB4bursCi70C918CWFuwMvz6Y98mlTs', 1381612761),
(399, 400, 't9ADvlP0NMEWOJrfQcXtbVlnkUeKxX5JWV1ELXav', 1381617618),
(400, 401, 'PvCMQez8I3IRItcTo6Xyh5MZYQbOGe0UN9UjRFmh', 1381618802),
(401, 402, 'unIQFRlmraezRUM4YhlZ5GkMoAZne7ouL1UEUeXi', 1381622821),
(402, 403, 'a2EvGM6MIBcPQReBdyDW7rzyrxsqUP3Rq2E0Y27k', 1381685269),
(403, 404, 'JqMbqHTBv3ZX5AOsC1JYPRuJTht48PAKaxmOors2', 1381689594),
(404, 405, '5sDYP8Wv7DeTpMddWfLCtjb5DSLeNkMywMj9t5zl', 1381716291),
(405, 406, 'QHxQn5ZDCUQ8e5KPluB62xhac5cFR2hgtHgogmfT', 1381808739),
(406, 407, 'u02WraKdqMf4I6f7b1Hrs6o2ZAxFy8VguZYZQ4um', 1381850395),
(407, 408, 'Xwgjbd0wNy8SwjgDJUjh9MmjQ8EY2PRXuRjmrB4R', 1381855303),
(408, 409, 'JYSmdsyGfhTVJBh4zoT5BR40h9WkL3SVQqiVsuMM', 1381857616),
(409, 410, 'KwY6jWhJyjUZIAW6bC80XRSG8mJeQStX2vRA9Lhd', 1381864220),
(410, 411, 'FgfiMPKY0lyfX0iIUyb0ItrCyDHJNMMSZaUGfd7A', 1381871860),
(411, 412, 'CdF9LFiIL6AgjbJtlfeKs4kReCZHUyJ0e7yMnvVW', 1381871893),
(412, 413, 'ATirvxjwMURdynVr18687VNTyLPCIdbkJQ4tvGzO', 1381875165),
(413, 414, 'qFLiYMLdtsAh3rSYPQbpNqJVxvgMJ6ZotQP06Y0t', 1381875249),
(414, 415, '8H17ZNc6CCwIQqHKRMWlwWIDhBVKF1IKxIroq77U', 1381883488),
(415, 416, 'ZvhvANb8LPPQGdY5fOTS0I1vTkAxR3SsUktAANMz', 1381892734),
(416, 417, 'fsA4ac0aobGiQkXrVGQPsSHAiwwSOnwHbaOXZ54T', 1381893012),
(417, 418, 'jHoj4jOG1IeDIZQI2Ui1jjvUIWhLnZZeUDGIKfHA', 1381948216),
(418, 419, 'QTVvf62Kfjrs0Uune6mzHHj5z0boen4iLy6YGY51', 1381949246),
(419, 420, 'PKw0FcIkhwTktrq7tDalF8PjWMAdjrDfwXgqzspH', 1381950902),
(420, 421, 'tQGYscg2QQ4t7olXOKg0AD1qS11O2i4JDzIWsicl', 1381954183),
(421, 422, '6jZRC3YGR1AS5lfiArIhxjXSNyZNEONbeJTVx5Ql', 1381957513),
(422, 423, '0JWgicShLz2XBDBMTipZpJpfZAU8cStPwttq2Ia1', 1381959536),
(423, 424, 'eb063FDryf7qiNeuswoOtDbLpgpDofm7dDvppMZM', 1381960899),
(424, 425, 'X0wi7MMvGEg9x77s47bz7gTpxaRWaUolF6HXphdZ', 1381965267),
(425, 426, 'ik3qfYcWhR1mO0ZU1vjy3meWQxHfb0FiIL2S8HVj', 1382033935),
(426, 427, 'XQCCwsLNfD39nmx9aqwLRC1xe2HJzsB21e2OZBRa', 1382049040),
(427, 428, 'SVhAP12RUjs0cgpUwUSv5skzHlFmUQ5cHSvwlVGH', 1382055446),
(428, 429, 'I9K2nmbei2XhOdwpfzp395rhLM9RDu7i1IFp9cw5', 1382110904),
(429, 430, '7IvmNxeDsJYhrhwyYUQQZj5hEI4SpQehHbxBFa9i', 1382132675),
(430, 431, 'DUKuqWAVTszcRz0sWcYo8wxlzPIvU4JBjUppKoGG', 1382148610),
(431, 432, 'OPSL6fLaVnFi7mwfWrlzvlmn8IO0Ku6G4V8fJyJy', 1382196202),
(432, 433, 'WfS1m0gydg5lixKJnVmnd6mTwRFwkiaRYMqXLcZk', 1382198768),
(433, 434, 'op1as8jX8xgyeu8FqWEA2urDjKNDslP5DYqb3WC7', 1382199920),
(434, 435, 'heYYV3QUH0PJE09CBrFYrY40WbILbCP9J1yZZOZ8', 1382208056),
(435, 436, '0yl2m31dyXJl0rv5z541Ou92kh1UX1vFtgAsQYhG', 1382214790),
(436, 437, 'RWHhaTXSk3QdhagBWC0zBFeakhyu5WUA4WPKYwLh', 1382291069),
(437, 438, 'vxGfyoZ7E2ZCmxRqbQWGr3EZdvEqW4BgAQla8kbT', 1382297111),
(438, 439, 'd7zEGsX27x8JCvbtyewy01KvqnQNSsgkMt6TemX0', 1382307788),
(439, 440, 'KSna10w88aLYpfWNzTYZtpXmFkgk1nyAdrNbGpbt', 1382323960),
(440, 441, 'imFxk5ZLMIY2jkJ3vibIOWxBGycCBwMBc5t3BUJS', 1382326687),
(441, 442, 'F6DThHR4FDLbFWAbtLQoNSX5cXTyr0ZWMZWXpQpj', 1382393672),
(442, 443, 'fxGuFWrSgGsqDyzsqjCyuJykcxJk0mpu7wcUeLoh', 1382414898),
(443, 444, 'TSiNjFyOYQSpRGVjviqvW5OIZCW5jjEKvyPLIti8', 1382454871),
(444, 445, '8w7cbVSpkJ8WAEPnQ0Uqe7phV1nmwJtuXxwuKZAg', 1382460249),
(445, 446, 'cnFuWDfd2ddrJSlQHHSSxJRreWcPRC5DM4C5rCCL', 1382469203),
(446, 447, 'mYI2p78XjHgTBTio5s4Gje7lhSJhyrAG8CVWZGZo', 1382479649),
(447, 448, 'p7fZhlUPep5TyRa4A8VZhQrQDfrMJ78hjn6HqxSZ', 1382548121),
(448, 449, 'QwOHEz5StnTFRYFiZOkvY16QpX7H4EtPxCiVMAMa', 1382553668),
(449, 450, 'WH9HkOETajRdywzRjW4jyTVqw22meQGRQLqDAlq9', 1382630376),
(450, 451, 'qdmKpOdvRv6JbNPLfGudlCR0n1x3za1JSkpBXMNh', 1382641675),
(451, 452, 'NWToVyPkknzUXfhYaLj1WlxSwrZzuoL8dpCkKWZd', 1382728265),
(452, 453, 'KWFab8N775JijbSp0LSlYXNp1hcchtI2OMMYK5cl', 1382733712),
(453, 454, 'S263k7hM2s0WjCFJPNrwsDxTsmi1EKh5x7YkJyCK', 1382734128),
(454, 455, 'F7xw9fYyR5lmIgbwHVdFpDngjeQQOKRQkqa7OwCi', 1382734357),
(455, 456, 'Dl1QuRm3VkF3ZVLwvx5sS4X9ANhtS8B5xA2rBObV', 1382734757),
(456, 457, 'yo4oPPtOww0J6mqbhXhkzAVn8jINjj291OnTCS9Z', 1382735141),
(457, 458, 'gmsTdWF0icvPWHUc7SmOKqO8rZNMNIAgnjEY2i9l', 1382738337),
(458, 459, '6mclWMb14mlBeF4mFRy1ybiuTBavpLKNhCQ7WGkH', 1382738406),
(459, 460, 'mXsu8TECysAOk7YrNJohGJQy61VBAmWlEbNAL0kY', 1382738448),
(460, 461, 's21Pr5uH8R2yLSxY36Z4CKsYvGVfSYNnc1i1Bzrp', 1382738695),
(461, 462, '2hYAwIbpcr6qEDoOX1oJV322l6qAimdWosAAT0JM', 1382739682),
(462, 463, 'HQsl58OtFPMhMnYsGR88uf675R4CDOHF8fgn7KOS', 1382746846),
(463, 464, 'vNzLRj4AFJp7WMzZjmRxl841ByUWQrvmP4og39NL', 1382901150),
(464, 465, 'nDh7UzyIkpdvNhl3Qf8fgkGVRso0tePI7E8oa63x', 1383068405),
(465, 466, 'TK68bmkaTMuzx8GABEA2U9CPQ9spPPS4QqP6C5k6', 1383075176),
(466, 467, 'LFTSA7amLCxvbLzhMKYVbTMLNFNikpI4uGdkFukn', 1383079565),
(467, 468, 'rqSvj2OWXgyaoFQwdkF7qiSiGuNGKsfAX4gX2ZfZ', 1383085931),
(468, 469, 'fsmZyrXNnCBzLTRVkChVKVsNXiKbmiK2zGc4Sb4N', 1383093204),
(469, 470, 'NvmIBMxzsb0sxx8xNsyRpdisQ7obxtucqrAxSaJj', 1383101246),
(470, 471, 'rMi1zES8sIfTb14Ov9jnagFqUqKwiMKs8lpq7yHc', 1383103383),
(471, 472, 'flyxeZN3lZzBTkNg4OBq2grhojnhF8WlqcGUvvZd', 1383152041),
(472, 473, 'wCwu2noePNUXiF7vBmXEAH5a4cixRkxg2jVDJhYf', 1383160863),
(473, 474, 'h9lRcD4G45dTrqZdXLsU6snQar5DYc1mK1dPitCg', 1383161594),
(474, 475, 'nFFzUhNDM8LUMeMvseVvQO1fHLay6jfNNJlkvWza', 1383166704),
(475, 476, '36Md1bKEttXhcpn7vNHOhbjDJOOr5iDSgehLpCwa', 1383172615),
(476, 477, 'DWke7O0NkWwvl9q5byX1JpjXqzs4b1BSH47xaNO0', 1383235151),
(477, 478, 'E9jwBBfho8aURTWPcFinBIImhw67VhzMMZr5Zoly', 1383264125),
(478, 479, 'pxZ6O12oBgp87fAI4HJZweqYPwVQVxtj8NV0NBmA', 1383274661),
(479, 480, 'ln0SP0K6ynpJAX8Nsm1Nh7PBlqqyO2Rz6yp2eGGw', 1383342625),
(480, 481, 'FCiEALIqZhxgPyaz2TAmqs7Auwb15vYQ0PX7pEUl', 1383346756),
(481, 482, 'DDClwsfC9PIzajPL2GSXQPM39xBBgvVu8Iulix2q', 1383413993),
(482, 483, 'SsgHYRJcckT1Q7T3RVa9ivP9QMv3mJCndXCcW9cn', 1383417489),
(483, 484, '7UXEuv0XvFzIaB27tpmtD3Rz015AoZunTzA4veON', 1383419111),
(484, 485, 'pOPKVC1i83uAHGhmLDGU6Sis6MABCYUBuXTQiF93', 1383436737),
(485, 486, 'MilnHqQZ4XzemDWlr3dX9y6KGuxBilmbwRRje1Ht', 1383438414),
(486, 487, 'qdIXVaBxz1mbzQdh9nVrEGMjiPNhmhcvZJAwMsVm', 1383442313),
(487, 488, '4E0CCBLSScBVqM7J9BTd1i7c92NDDyUYX3Gm0nX1', 1383595178),
(488, 489, 'l0wmonY4YFzvj14lsFUaS8FJG1QXauSemYZut7qu', 1383636227),
(489, 490, 'c736h4eu9qSy7VAcH98ECoGrsS7NeTqX0vj5XZjX', 1383668168),
(490, 491, 'k5AYUt5TbchDlCrYyidVJLKrtxZJwt8DG2JMnX4P', 1383669012),
(491, 492, 'FLaTDMxmFmBo1l2JAHAQkPcWzPA6vM3q6An5QwgH', 1383669059),
(492, 493, '5esSRjbl5pxTYaeoRtXy2G2QA4KdpS0L4nqKpeVs', 1383671453),
(493, 494, 'BEUYJ9lPTP8bfa95q1WGtScMHIYaAeWa4YX0M1nP', 1383676391),
(494, 495, 'mEHOLv1aTfEbvJG4s22mxBDWASwLwDYAI0ErnBnD', 1383680130),
(495, 496, 'r9uOIsWsXLZnC0mnHV8YbOyO8i6SrzkqwlyGdZPE', 1383693239),
(496, 497, 'dL6uLNNhx8Xcs1QZ3B3uBSXlkxsLlZpeJcXc92Bp', 1383697787),
(497, 498, 'ZpMQenHa5T4apFeA2CU07DBbM3qdT8zDwF9pacg3', 1383752451),
(498, 499, 'uVQJYm1oqQQu0zDo2vsuNYGHQB4WYjRwHYf1yjI1', 1383760122),
(499, 500, 'jDItRVTR77BAblaVPhP437KxYoHj80i7u5ih9lkJ', 1383766345),
(500, 501, 'yS1wl9hCeCBiZJiYOsr6VF2rZTKIW4z6T4juxDym', 1383783495),
(501, 502, 'LzXyvYfBE12pVw1Te9QuRtYvOWXuJKLUXi7f3dot', 1383783603),
(502, 503, 'BWIOOuIMpZO7yBeBSt0ZIdaeM2O9ATE2K7gCVSsk', 1383794353),
(503, 504, 'AlmM2mpHruVGh3hfyauHov74JD5vClEUJ5UgVYIl', 1383805625),
(504, 505, '1JgIxuAexw04kOKexcOO9CcsGQ5bh1NfaHKnwyPk', 1383837678),
(505, 506, 'Tmt6UPYi0jYVthXjC3NGMURjehjfMB7ZdSUblnIq', 1383843633),
(506, 507, 'SlY3iZobw6rdX4hOxF0pOCmWyLoNAQRdKSOOO6DJ', 1383851632),
(507, 508, 'vjFobTao6ftlQ5v5FPAAiV029YSuZepaHCCc5BwH', 1383863168),
(508, 509, 'Dk36FYTMdCbnFvHfvEDiBQvNmZvLx9zvRkgXl7RN', 1383866489),
(509, 510, 'fBU1z5Gw3A93pjCWFW9pRDWbVzsPJjHWtQiKeIWk', 1383884879),
(510, 511, 'swroomfObVAF2SQ8WWLdNTD0vBLWfA1o9PhHbkBm', 1383893535),
(511, 512, '7bYeHtqQpY5hzeuacon1BKJVwqUawhukwe55adRa', 1383894053),
(512, 513, 'WZko7H4UqHjPdoQuCwBaRJmFplJqGT7GMpfIAlnC', 1383928467),
(513, 514, 'ESwLegsRHaTHxIeNpCpIKqZd99Cw8Mp1Zn6Exyce', 1383938690),
(514, 515, 'yynL3AptLu5N7QMb6kEKABlPm38tsrOro27CCODH', 1383951298),
(515, 516, '1tJocoMNOVD1FT3z5NoOoHADwRces36eoyYONCDv', 1383965387),
(516, 517, 'f5OjI8VHU7pQf9qswcJfL4YtHhzAitPgCT1QaArZ', 1383965579),
(517, 518, 'R1LmHtxnaUS54yP1sKSihJ9Co2lROC06NA7kEVZF', 1383965782),
(518, 519, 'MOoHy8byTjmnWhAtkG6MCW0qrQZ40XxHqd5edRdC', 1383979219),
(519, 520, 'UGs3NyxmYN5ilXdomf1gUCZnKzrDKdp5F7mt3HEm', 1384016231),
(520, 521, 'fxAxOtRBqAHwr7hDwU8Xu5K77oPD7ESwa9AscEbd', 1384033327),
(521, 522, '94OfK3Ztbt5nXXCqXxTA1bOjRQgu3A2dILquMR7K', 1384039984),
(522, 523, 'QHhvzn5g7AIVdGQ06LBdhCAmsvosP5eypYzhORlP', 1384102268),
(523, 524, 'UIT454MGV4J15kxSFNO1tgXGVFz4W1xvPrEIlsId', 1384112262),
(524, 525, 'HIdD5O4FDvcIgKN7XBxbzjZqB0w4PQlRgE9tUiee', 1384126900),
(525, 526, 'acz6Vif5HZM8hDdoTQSYZAzHuUWbpoj6LFksCFyx', 1384129861),
(526, 527, '0BgNW2oHtBPVli9Rggw2x8OsmklThpvDc5hlmcGK', 1384191523),
(527, 528, 'phxrM7N9f1piJci8B23hJ57aSSLeuWScaqNuro1j', 1384207557),
(528, 529, 'i3n1uUpCY6QqYTIWnJ4qvIjXG7FlGoDqkDUPPD3N', 1384218099),
(529, 530, '2KRm0e9x3Y82BOELksHBFjDFGNNP5NNxzNm1FTkB', 1384281440),
(530, 531, 'SNIkF8QRs2bdqBFkbFGnZbJg29nIgXKVmSQQhSe7', 1384287030),
(531, 532, '7DHNOtmjYHkAyTwh7tw8tqbiIcZviuagukTfmLyx', 1384291342),
(532, 533, 'jYUy2pGqvbkTAYKO2I3WUggTLU4oWVhpyUeCRRqc', 1384295691),
(533, 534, 'mEcY7DnHiY6uzxpVt7YObk0y1Pdc0enIqmnvyOVj', 1384298133),
(534, 535, 'OSWAGpr2nQMqBXQ3YSibAn3MoMgO13e4yNUJ29IQ', 1384305347),
(535, 536, 'qHSujsElyPrKHZOjKZFaCTFjikg56IcfEewt9909', 1384355556),
(536, 537, 'Lip60AAQLg5Bdc9YyAHGOLF3S41ObShSna2jbJjW', 1384359549),
(537, 538, 'TMqKfzvw4UHn1XQq5yMk61zT4g06TDoRvf8kV1yB', 1384374259),
(538, 539, 'sstS6vdzidEwNz1YxNg3pVcuF8V9kRaLc04otyUC', 1384450637),
(539, 540, 'nGlnqfrSmroY7rz130EOpxLH8zrD1GtAvzyz8crj', 1384459837),
(540, 541, 'y6iVhHur3GjUdRDYATR2pr7hXNGROgJfioo1dJYB', 1384462630),
(541, 542, 'KHEHc7YZKtFvwmRYva8mZ4NEdToU9JSSb2NsJaJS', 1384467870),
(542, 543, '7ysvF8ylGI3bKQ4LaJbIwzCU1kFwAktLBZv8G2Cb', 1384469758),
(543, 544, 'v9JIUEj4g6fz5e8dvgq1PeuI1mYjlCG8R5YVNseo', 1384471287),
(544, 545, 'KwTHkAIIItXcEPydn4IRzmPWWbHDPzjnTWZQ9zhn', 1384475976),
(545, 546, 'H3zutH5TOwxmeP0Kd0dPtQAe2BzY4jIeBIKLIVbq', 1384534792),
(546, 547, 'E5S0TFkhs9NpcOSeG1lJWVFUyyqOtx4XSx3eFSrJ', 1384537641),
(547, 548, 'XoYfimWZHaqc3l5rxVFoiSBuh5axqmj8JDw0ZzAl', 1384539173),
(548, 549, 'ehPoJKhn3YkgtlSUCuV4rP1NsAYCSV8owtfIHuSn', 1384541029),
(549, 550, 'W2xQMTRkdFlRVdq2RQHE1t7yK9TyRoVqguGkewUw', 1384550028),
(550, 551, '1g8aPUelU86HIlvssGfxPnYcjynE1fg6miAp3ihD', 1384576687),
(551, 552, 'FF41eyM6MhEFCPIddiVLqeKLIU9Zb2tmxmSuzic4', 1384635267),
(552, 553, 'pZhxCNEgp7C5JZo0eZjYx1mkw0iTwGkF042V3d92', 1384643444),
(553, 554, 'fi04VWrJc0DpVKBeuTYNEZ8SCK26FL1AnjG1oMDW', 1384650075),
(554, 555, 'meUP79krEl51HVUVkw8gsXdatb9QHui468VSNnye', 1384658342),
(555, 556, 'xqxBSC6ZtezfJ7NYRC5dp4TWpTNny2KFXVNganD9', 1384659377),
(556, 557, 'fEeupOIW0GK0w9GIPG2e9NUqqzwew0s0dFf5YzBs', 1384707987),
(557, 558, 'uDq5ZdqKFPwbFUgV53gR1izkkTwFiJOqx1hQsx2Q', 1384711460),
(558, 559, 'dvT1Lze82JZlOOBeAiGLnvuBqN1BAh6vSiylnRNT', 1384721082),
(559, 560, 'cjGCxMNTDLkVH1rrlrx9lm4wbR6tIf8FANnpSE1C', 1384726011),
(560, 561, 'YHj9PGFsUWTXtbNPmfohFAhw8lhV9JY7jgm8Cvb7', 1384799116),
(561, 562, 'KUCVXNRQuy8eTpjUgiUbtNn2v3XDp20RB2N2R8a7', 1384807361),
(562, 563, '1YcRAosZlFsNlyQOuN7mW2lq1QSMz1P76lOItsSk', 1384808697),
(563, 564, 'KIJ5PxnrV6mV6K97XVLDrM2RfCvt3U3xVetZYnPp', 1384881724),
(564, 565, 'pg2RydGjGLBeQu1HlyzHNXVm7O7UTyOAaubD5kwb', 1384891476),
(565, 566, 'KqPWIzFosTWq2I79Yd7s1IvigVRjq7pHSv1jiTZw', 1384966068),
(566, 567, 'xCWTtbLQmKwm77e7u25p7ccmLb6RGjuwAMzslpno', 1384971645),
(567, 568, 'u65Iuw2aNxDE8srwjX6LjlZJ3nUFL1ESctwjUQls', 1384974825),
(568, 569, 'op96JXvp6Cj6HbMcxvbr0o4xcufTV56ZyxlHzEGe', 1384978304),
(569, 570, 'iiPIgAgaCLhXE20jJOE6r3ELKifvLB3kKNmPqBlX', 1384978524),
(570, 571, 'dZ5Ixw8DEJNGmeJtIXTfva2ZpJjQmBB75OF3yErm', 1384989650),
(571, 572, 'RJPuFa0OHH8DoGCsjgvhKYJlEkadTfsB546Hb92K', 1385008842),
(572, 573, 'wGWdZ93RYkGUo6fWmHtnaUZ6kzbTy2IDbZJCYP0l', 1385008842),
(573, 574, 'XsDReqkOkrJrFnO4qahQ0FB6VRmfcoDVUufuUWxL', 1385009322),
(574, 575, 'Sk3bVWpyykHGSXz4uTzPNH2aDqqcxotQrNZ3BZln', 1385009323),
(575, 576, '0jtWOuI3G5pkeG3J3MZWqIUDXOag255o2bFLPbxx', 1385009923),
(576, 577, 'owG7g4WUP9HXHbys1b9DHncoBNroMvPznLD6vHFp', 1385009923),
(577, 578, '0KaZUtxlYuz08vcP1DqaBES9SyCHDLNnzwFFEDly', 1385014069),
(578, 579, 'LXPX9FuGNzSm7eFRzH847RCW15s8h16F4CYUUNLp', 1385014069),
(579, 580, 'DLH9wZ0M0632ypk3vixtAAyfiCjdENg1u4cxxklz', 1385046836),
(580, 581, 'I2w0U7XQtXTbaf2qxUK48LRWGftO9XMyY2sVPePk', 1385046836),
(581, 582, 'mMMddGtitl4Zc2FiZhXnhYD02JP1G01FcGJekd9r', 1385047300),
(582, 583, 'YzcpmNmnu0x7BcS9iZkqqGorRtOEXiOFmEsQiDoD', 1385047300),
(583, 584, '6pL0DamGWXWAWSV6XdR9nXqmIITXfX1fgVOLc8AV', 1385048756),
(584, 585, 'SMnKWFamACDA8z3wVWgtBmPplRoFXr09jE0NC6yH', 1385048756),
(585, 586, 'j9LmPAZvo5zYkxSCOd8p69YZBqXfkg3soxoB2jrW', 1385048796),
(586, 587, 'rn9TtiJhALqMOSr7kMtZifKoRGYBvINQ5lJxuKUu', 1385048796),
(587, 588, 'NqkH2vqoP6kOZ5sBcUz91PRiPcT6ctgECsjNAkHr', 1385048975),
(588, 589, 'OdQZLO2DrI3z3TYJvDRhkZX0IMuimsU3TVObmO3W', 1385048975),
(589, 590, '0pN97uulzN8nHJGd8qKPdYB8jRyUG035EcIUmRec', 1385050897),
(590, 591, '7PwXTVfhTnE0sjPc2gsznC9RR16QDUuUZiMw7CzA', 1385051011),
(591, 592, 'bDC79fRjTqaCZaDLWcrpCHg4mVCgTXBsepEbEVTS', 1385051011),
(592, 593, 'Nqg6QZtfse3r2pA901HMH0k1LFeoPLBd6NFNS9DT', 1385052924),
(593, 594, '8QJez5Q03p1boIjmh3ogspwUgF6CgjrU7DzDSn87', 1385071888),
(594, 595, 'vRou4MagYStk3jXMMOQ6zjIoHwUHzLa1F6tL8pPj', 1385071888),
(595, 596, 'kguEXjJC10s8P3lhBe4bSSYztPprEcghUThrGdXR', 1385135953),
(596, 597, 'xfjFvcLKguwdMNIA5tu5vZtFF2jq3L0plN01FiKF', 1385135953),
(597, 598, 'OtozG06Pm3S9HCVNAbhYuTeqUdCBes2yaYwBwD29', 1385145245),
(598, 599, 'LnnYT3QKscsZYRIUwijFEBk0xUpnMqM8sySyPLuS', 1385152610),
(599, 600, 'DoqiV6utpUV4WrplajjRFFUcepuLWUGkA7vPNnuF', 1385153683),
(600, 601, 'I83T0lJdh8Gb3UVzBbZR3IDpHT2ElvY6G1fiqXS1', 1385156313),
(601, 602, 'YrojGebHUbjlDdBnDs3rZWUtul3jfxFRdnxkH0jy', 1385156313),
(602, 603, '4mFZb26sxwzcd4EgcD8jIJoqQlrHSR7Me0SkKI1i', 1385156621),
(603, 604, 'CPrkxfbMpRs9NAHy7BD06R3jBGsLKNh3gtgreTqI', 1385156621),
(604, 605, 'iA8fX39Sf3MI0dGRvBKB1RJNVcc3dXilBBLtsg1r', 1385156866),
(605, 606, 'PseETtMgVHwEWahpr2ZK32VSdJUDDFC5veJF1H1O', 1385156866),
(606, 607, 'bZews0I2VFrpNyoI4gV6nQK1AztUvyP0cziWqmsr', 1385157325),
(607, 608, 'QuexwXOnjfFVuv9GxD4JqpXhZPhN2sxQeOrPVwYz', 1385157326),
(608, 609, 'YXqdFOyFmWHFuFse9DGKNRmU9xEZzV0iaF0mGRDc', 1385157448),
(609, 610, '3iDklqyMibL2MjGp7dzu2rFJsSjlhH7UgMhCqasl', 1385157448),
(610, 611, '1Cq1pUG6lCi9by6ielZE7qm0W4iZerDciUhUyuLq', 1385157509),
(611, 612, 'hbjpFX7aqMKi2In1fOK9ZpmXIBJybD4nvvvmNtuh', 1385157510),
(612, 613, 'naGcOnqCq5oqbnFPBZRYrCH49VKySCEdvam68oQn', 1385176393),
(613, 614, 'mHqaDa6CSMDdked0NVXnMncpoQq9nSza82V2wIL1', 1385176617),
(614, 615, 'aMRWogbJrr2wzoTb3QlLH4z9uvPHXoSBJBiPctaX', 1385182643),
(615, 616, 'YwJQ29uiz4m1N4whJt10zQQsXV9BZyeHtzSJIMOk', 1385182643),
(616, 617, 'teXdngjZOz98yfPtf10X11eAX0Doz53qWb7rBI5e', 1385186775),
(617, 618, 'RC6QVw1lSeSkH72Fc9liGx4zyNGMOk8vHoStRcd1', 1385186775),
(618, 619, 'ZLIR9sPyqaUiEp01vvlA8WtDeMAO2ow3pVuIYLaS', 1385225507),
(619, 620, 'gXsP2g83Duz7eDsOvMzZemsG2mmICVY2ubU5AVen', 1385225507),
(620, 621, 'nojcQjZUHUq6PPZ0yns6l5bmafVL6CIvNxD2EMsd', 1385229451),
(621, 622, 'G4yBUyrMnVT0SmXFGM7VoHYX6SeMKi02dZH4xTKG', 1385229674),
(622, 623, 'c6ljpZLZttgkkhKtjBptmBfWFdo6MobS1ISBRTrB', 1385229675),
(623, 624, 'kg2cDXHd8U40f7O3QPpHqvAPxuTOIgPnUwtOHYlf', 1385233459),
(624, 625, 'KM1Ww89sWy8ZN2ugIALeGwqryrui7mPKlEjxA4Cb', 1385233460),
(625, 626, 'eu7LIsLPlaZ52TgVF5dljPqhGlyI9QeNMhy4An86', 1385248601),
(626, 627, 'zwAzue1Sz0jmGgJt3mZsXXr2Ud1JtqN8srhOHF7G', 1385248601),
(627, 628, 'GR53c6VyJSpEiOd93OhYO5ur6vE88PyG0l73W8AE', 1385248725),
(628, 629, 'cjqU4a6Do9WVfKxxzl5OSzDDkjEjrmF5A7CFCPqW', 1385248725),
(629, 630, 'GcKpfdCg7psxUAEBUlW76HhEvfWUId05QNqTxj7B', 1385315701),
(630, 631, 'E9PVYhQkVolzvNVS0X5CBHZV13SRbW7AOnCGahJs', 1385315702),
(631, 632, 'wygVIc5oDgrB5PE3sTGgX7Nle59NIm939pjtNmdv', 1385321102),
(632, 633, 'rYgeDVBTJvPXDE8fQwkFqpnzv7nYwdTsKAQzXOYE', 1385321102),
(633, 634, '0SVOFD8ta7eqn8GLwU9yrPxwridiFd9wXjd4vju0', 1385333389),
(634, 635, 'nQ2Zp0WhMCUrzMjFsFKxqasbzrqNFRMrw4rOQ6rS', 1385333389),
(635, 636, 'KiOLhTFNgsxHGpUU7NE2NBQMNAq8fpOlw4j39RQZ', 1385402179),
(636, 637, 'WOyaGAHjkcygzBH02O0Q7b6bdMAEdw8EpnRhy8pk', 1385402179),
(637, 638, 'ULhunVuxWG2jUv22APVWOMPYt17N5qrpFxoVtCnX', 1385418553),
(638, 639, '3YHGTdqtabPt0ROTsGBVjwnmf2iYR8bTk966dd3v', 1385418554),
(639, 640, 'FyDQBXdXsHcia2BKpeSkAe1uUcaJ1i1z1Vsmi0Pb', 1385436104),
(640, 641, 'bJ2dHviMZ59Yr1lr13vlEGuXJ5PifWP1XC433AYy', 1385436104),
(641, 642, 'U2cXpROl4EPxbvwqzfUm6hkP4bz9nKcGZICiFQBz', 1385480837),
(642, 643, 'HnCzYZELeIyIEp6kJDZXJLdAEqqiUG7i7fLreUit', 1385480837),
(643, 644, 'UG85kDPF3kJ97nhM26CweFZ9XFA78aPWwOMQL2er', 1385488732),
(644, 645, 'BoamOnAMX81sfyNTCVN8NqfX1tCUlZ7EGEQU7k8O', 1385488733),
(645, 646, 'GAEW7wzY5pNVRY2s1CcatCg5dyM7iRip751k6Itw', 1385489456),
(646, 647, '0MG054qNctb4qhhGlgvY14YrGL2BeklVNWBi2sSF', 1385489456),
(647, 648, 'VZB3QDi8xGoKT5nNsEUKL3i2LpWYZUCosXY1Gy8C', 1385505639),
(648, 649, 'IKiXSvzmvX3fbSZBzMTLakrAPm17jBNxPpjWYTOx', 1385505639),
(649, 650, '0stbSsNbgcwbSp5auxUJCsTJinsVojmj3Hfj7CMp', 1385518228),
(650, 651, 'LFvn7aHleD1l3wAAyCskwFhjMs2WYZtMGKcyKNtc', 1385518228),
(651, 652, 'drj4LuRGSfjs4TYBQny7uXJutmhpbdaawRmmw1xx', 1385578419),
(652, 653, 'GXtE7FM57mWansl9LCxbl8XpbcKWmqzsJ0JDlWgG', 1385578419),
(653, 654, 'uKWwzs4jttDBkDAmBnl218YGtIZk1ZHRtZhxGNwF', 1385581702),
(654, 655, 'MNrg6rXz1QrXRunABpqg3aqGRXRZOdYxHHTNCnUR', 1385581702),
(655, 656, 'OP5Ro6CFLQC227zIwMNtGzU3RpsVN8LM2Knimdzv', 1385586231),
(656, 657, 'lMndIjrMqFNHP9ultwPEymIq9TDWjd9b7soFP0TK', 1385586231),
(657, 658, 'iWPIPPCNKvGAC8eEoYyK1GApeCAiiSjrl3hHO184', 1385661343),
(658, 659, '5Sxwq4MGLTN3hUFtSqjA0LMwBFAxp9RbCjDUUP56', 1385661344),
(659, 660, 'F3CgwlXhfSCneylj7BueuAyXM3wgg6EFKPUUZCN4', 1385663697),
(660, 661, 'SbA0R25G2Yj5MZvLUMW3ykxKyqyxYQvAxtXc6ger', 1385663698),
(661, 662, 'xSrgPyFwrJ6JIVYonXuJi4mt66wzGDYYbJ4qskqn', 1385697819),
(662, 663, 'Varnefvg28Q7tRifSF253Z8vfOtkYCDuLh4FrTjy', 1385697819),
(663, 664, 'uDKcBJKQDQtUBrikjHby2IhqRS2BaAaYv2mHISGC', 1385706456),
(664, 665, 'rOoQVHtEHFNGwte2rcVyqq9e7W9n6CF2395AsiNJ', 1385706456),
(665, 666, 'SnW2SBZezfbF6ahFK41wA5HoLzbhV1eETJPTHGe0', 1385707197),
(666, 667, 'AqCGyWlbmG7vCPvqrlBdaVf3LItzIg4hKgcO4JOa', 1385707197),
(667, 668, 'LxBW0V5SdgXLI6ctU2qBd27ssKCoF0HkBSkHX4zM', 1385707197),
(668, 669, 'n9xi21RlPeTgktHX3BhLRYKRWcdtk4rmtDQZF9tu', 1385707198),
(669, 670, '1A09KcXV8LmBgsBpkjjJcMXvoAQcAxMmikNSFbTP', 1385747704),
(670, 671, 'ovFDJ6HXrJRyQk294bFzv2M7ezed2N2dGljf00Qv', 1385747704),
(671, 672, 'gCOpMueA2TFskxTMLFZcisv0pv6WeOIcLXoPTluK', 1385767868),
(672, 673, 'Wdf78MDN3pcAZFnzE26gGvqCxn35oRt6WumWiiHZ', 1385767868),
(673, 674, 'MTPcEtYHw9kTjtx3doQXjuVASHRT5CFgEN3AgGcG', 1385778922),
(674, 675, '5Jb21CMNfsmxNtCcpOHSjUG69r4ReZVBuNbu1mVD', 1385778922),
(675, 676, 'ItLon19dYz9dOve3Nor6EpchMxUeKFo5PnHKtFHx', 1385778944),
(676, 677, 'SbR6bzUz0xAg7IsyrIR6VsDdqnwCUgeg7x5Vb37X', 1385778945),
(677, 678, '3N7FH8Rtmpd7LBr2ZKncY1mPwtU2Bj7Lxwqvdh1k', 1385780011),
(678, 679, 'LJABGIOeE54Tan9CBAk1UitzsadJ1hs3Hf559dhb', 1385780011),
(679, 680, 'wLr8p53269IR7GsrbVhSX4YTDkKd6Mo7butT9V6h', 1385780088),
(680, 681, 'YF9lYCWw0rOJtzKZFXY1KPhSqsb0PxPWjpDdMNEx', 1385780088),
(681, 682, 'XnIn9PArr3L7kv1whyavUGngoh9u9tohJBSxKVuW', 1385780188),
(682, 683, 'PMnR9htqTFWKaMVNzzFxyoOiC4TMiPMmDyoxWrJa', 1385780188),
(683, 684, 'tb39RL4f0axsGbqmnDujxeKoqOX8oi27cTLpU8da', 1385780554),
(684, 685, 'c9kca3ksQkODCBNdCMN7jCla7KLkvLa0cS6D4x38', 1385780555),
(685, 686, '7mn2lywfBJu7Il9xHqMJQ5dQuGZToD655vAmZVhf', 1385832242),
(686, 687, 'HZ5AQaxJOhvBceOLh3RAnh86z5iqOKJBxJgXJ0cX', 1385832242),
(687, 688, 'nQMCbwSynfdODms6EBD9qRbyvNzqxOVROWLLk9GK', 1385832370),
(688, 689, 'D32fZeOssfY98A8kol1zpqUjRpWkf3XEgxHnhRxj', 1385832370),
(689, 690, 'jjiCIJ8tZzdH1IxdHIKlfTtw7K2aQAoGnGLFYJTJ', 1385832413),
(690, 691, 'GcHEt4FsrIIlcWvPicTyeozYNJrdMWgckoTvfBcS', 1385832413),
(691, 692, 'KzFszfrR96IiO9NhcY67LlhV1CzxABrnqbY1zKLC', 1385918353),
(692, 693, '6woSdYkkFXtqfj7YWVQPiIdS4pym3QTcZ9IPBiYL', 1385918353),
(693, 694, 'hk9oJSG6nGwDcWszqO8txlVohqytw8UWzsPpdP7Y', 1385936968),
(694, 695, '4Fizjg8Ps9omv8ljYEWc5GEtYW047bQYOzUgZHia', 1385936969),
(695, 696, 'tD2rlmBO7xfMBkNgrjjrpd0W18WuHDVA09lm4PzJ', 1386008579),
(696, 697, 'n7GeLi1UYcLv4LK0Puzv7iYMuEbV3y97J8sKQsk4', 1386008580),
(697, 698, 'n0w5sUIOCcGSNSikFBlusxMYg1tsKqbq8IF6hvBZ', 1386096072),
(698, 699, 'dVw7Y0nP3YAhu0qHJC6QPgYfkBaF1pQdLUlYcfS7', 1386096072),
(699, 700, 'qc9VM2ZI8XMmaB6peW4GQZ0wQWcckRsfl5ifDKhr', 1386119111),
(700, 701, 'ppRID7XKHWAhtOvtfwQAMKm3eUiAsbrM6jwRi9dp', 1386119111),
(701, 702, 'UT0kdbcmPUXQfa0GdoOqVonM69tAL0iN8l2rK5gC', 1386126329),
(702, 703, 'wF8pYF9mmOpqzzoPdjkrYQSwEgDtsfUNC3VeV30M', 1386126329),
(703, 704, 'iKxFD54C3v37dSRoTKGwl6RPhx95IWcLCmaOi6cK', 1386169749),
(704, 705, 'BER0q0xLiPS2LT22IsJOkR6PpIMRlnJxLsXJAW75', 1386169750),
(705, 706, 'ksdwrA6JOK4U4yTeNqIK0zbiQDZHlnDBMhMCpmOs', 1386179068),
(706, 707, 'HKcFQe4sQTRUjiXETh9uM57GX8GsGkxUasYqHEvf', 1386179069),
(707, 708, 'Ln9f7e30OK41uSjnDyGn8LmoNk6SgboAw7fHJSwM', 1386270387),
(708, 709, 'vbj1IZQNhtjKm7r8KjyO40c3gVBRZhzy76NFw8io', 1386270387),
(709, 710, 'muxuKgoP3DPJZuqMXlegICjFvyR621dojXjIjdSp', 1386272554),
(710, 711, 'W5bjSS2wxVzfWxsF2BpQdEFergwvYvSQarkxYjV6', 1386272554),
(711, 712, 'EDFzNueqCHlfX0O7e6ve2oaS9NXZvjkgro7DR9kQ', 1386352538),
(712, 713, 'Fl3N7gUNo986Lu5kjswhfi0tdUAyyPXWDRswn8NB', 1386352538),
(713, 714, '9dRVfcOHhwLnA5ynRGoMYOQfgOfL0uoBjCndW88w', 1386369964),
(714, 715, 'uIqEaBSlim5YOv46IlQ0G7RikVdVuyGqXQTclDuj', 1386369964),
(715, 716, 'ttVBbTCOv03ogAXxkbFJ6eDG2PFBUQvtDLcego9P', 1386440598),
(716, 717, '89jwV9WPl4ZhqEblw580HiMWQtAxMzL7HicZ3MO6', 1386440598),
(717, 718, 'iDL59qNOyDTzEg1VBGQPHOj1ypxwQCelriXz3NR8', 1386455309),
(718, 719, '8W0fYpRfhY1XdHnVsRAAlSHNYj6Wo8XtjutBzpRF', 1386455310),
(719, 720, 'Lh5Xp2DesL3fEO87q5Bm7cBFuqy5LixbZGrbYHT2', 1386523190),
(720, 721, 'CVIkQAbCx11VPJHVgNvlDL1OGO6YIJVdSfHwcrcb', 1386523190),
(721, 722, '2JUcik4JpiogV7sXAd028gDPeUQQ8ssW1SOXUP4z', 1386524926),
(722, 723, 'cmIvFigxcTuTMA1gpQETK9rH3IsGx5FeIh1oifv3', 1386524926),
(723, 724, 'WRhcDPfxn2v0vftmMCEcKqcKJF0kU9Hxuo6xF9bh', 1386610441),
(724, 725, 'gYXJdIbA6nR1JeiEHbvr52H19lD2BJcfJuckGcyH', 1386610441),
(725, 726, 'BNuKGwqw1QikkRomHhv3NJ7kVqiXLJhpIRkaG4xB', 1386705111),
(726, 727, '4rzoCUmFnEfxfUzKTo9DQFcsvg5zdp6cc7k9P9PA', 1386705111),
(727, 728, 'xuajZEN6EJnDdmK1Jkt3KwlVRrdvk4ZBpm5UtL0x', 1386784576),
(728, 729, 'AtmcBr07huU0UlTs2dBmu5A86GGB5EnMZqshBL9K', 1386784576),
(729, 730, 'nhlLQVRkaH6sHKnpqcWmGe02x1qYvL8JytpHGIGb', 1386869518),
(730, 731, 'rK7UT3sa6iVyMSiy5EmsOEeUzbGX66CAIZeuatfT', 1386869518),
(731, 732, '7ELyiGpfNIFBKbPtrxviuZL54yWWIYVnLoOdEnwO', 1386957716),
(732, 733, 'yW4rIgH37arZ7PGLZNUBupc4Cys15G2q2OHzvSuW', 1386957722),
(733, 734, 'nTOulawgLOoQowJ9xE1TVRrDyU1tUizNRuJZx4cx', 1386971847),
(734, 735, 'djr4Cx07lvH2l0QyxFx94gAOyKGdmbiHU5KsBVwa', 1386971847),
(735, 736, 'qmOyWUbMfj36a1APFlp0V8rFft45aJekKNdMhfzK', 1387042814),
(736, 737, 'wJqdGrDX5ZWpOV8NxtY8pdlaiMLp88nYPz2UWCK7', 1387042815),
(737, 738, 'dWwfmhI4ofeIOgcdC7ZJTTSsBH6QXD7zkPSVCYVD', 1387049556),
(738, 739, 'v0U2QCU1108YK2jBJsrpuFavQ4397zTufUMF66Vx', 1387049555),
(739, 740, 'yL04TGROhWvrNqRtatSC6cSyWla20MNYfU9tI4Rm', 1387129326),
(740, 741, 'GmnDhhkw0Adr1j613Bil54Y0AdY6IDoe04LJI7m1', 1387129326),
(741, 742, '70wJkPZio5Dio2w1SIO7bRU8CLb4KmRMJXZTfC4T', 1387301290),
(742, 743, '4ncknKrDvuqZEpYsIuapIAQPVRBS2z2XIEkLxBM6', 1387301290),
(743, 744, 'zUaXsWgeQsK4bbz5VOPIDaSQZSNKlu3OXEbejBTH', 1387314719),
(744, 745, 'eVhIklzkIL9HMWsnqSRGVLVTRO7oqmPGbu0m1Grk', 1387314719),
(745, 746, 'DFEzKtXWzXXxjCuJqvjUC0oyO0XNoIFNrZOnOkgk', 1387328832),
(746, 747, 'vLWnw2W7ZUIoZHxPThqVtMETrEGN61Mq45BiHaDT', 1387328832),
(747, 748, 'CGye2GAi8XG0wJpVWLkyWlXHs1C5nhvMV3N3FlkQ', 1387389748),
(748, 749, 'AnHdLYpw2urPrR5zU9J4JuFvmj5lcuhcc5dFo2sE', 1387389748),
(749, 750, '8tWyt1jULYKj1YPfqopzxVQskZB8oj24cYpIEIL5', 1387397043),
(750, 751, '3jNOReXxTZCTPj4zThs28h1g0GW8U3yS7wKuVeMo', 1387397043),
(751, 752, 'GOUtrw5AlVzrfLQeO8utJl7He0K5TWZEVRfvlBkq', 1387408556),
(752, 753, 'bAX8LB8nX1GagJSyRjCs4FkMDUvQtR5i6nsFp8Sl', 1387408556),
(753, 754, 'F0qEvoHGHLm4PISx3DcvN1w8ofKMRgmEBkJEZPXC', 1387412484),
(754, 755, 'unTk7ajns2DiBGBPiBQJpEzbpdeTDLe2CuHXobKg', 1387412485),
(755, 756, 'OCvcI4hzi1KRZiYYKIyyHKfuBn2IMdhgnhMRZSeg', 1387475172),
(756, 757, 'PpMuGEMrbAihab4aqYus6k2EXcklIflLcj9pxs5k', 1387475172),
(757, 758, '6Oro2aHbWTQYtqWviJrZfrzYMAlyvLTPVLw00H1v', 1387494649),
(758, 759, '94hqRVZzNp8cuCg9Cwgs57GUXxcAJOWo47tMzMDq', 1387494649),
(759, 760, 'Z2eju0nmywpECwGSp5mnYYRSuZgPV4hbUAHYf5ru', 1387504487);
INSERT INTO `oauth_session_access_tokens` (`id`, `session_id`, `access_token`, `access_token_expires`) VALUES
(760, 761, 'jxkxD8IjAIDr6JH2XRwrLnPijDzCo6rPwxeLhnbe', 1387504487),
(761, 762, 'KSMZk6tbnv7AAYNd9jH0TNRtaARnik93dnabLUEh', 1387524571),
(762, 763, 'hJBUbZn9llksxIUqvNFwXB4djSpTWuDKpV1tdA0C', 1387524571),
(763, 764, '5JZDWUnyEfghr8cfNybi1KvLkHC5IN0lVX4pyDwU', 1387564288),
(764, 765, '1JgIRc73tCN4OgSnTQP2LFr8Y9kOyi0mebCNWuF8', 1387564288),
(765, 766, 'BzoU45fLchOfuUjXmXsOeCLYbQbeiyMKpMpuTXvh', 1387647881),
(766, 767, 'KtVN635FgoJbKvXyf5374Zm9AH9NVcrHR8gHzdtc', 1387647881),
(767, 768, '3i22PuGI4Fn2R2vHpgqaqPsM0DNdNdQSBzlTCbs1', 1387661485),
(768, 769, 'cai1hT4pwpqBoriUZpN7wUYJinoGi4go6jZosK9I', 1387661485),
(769, 770, 'zEsFHI2eOlQ3ilZnPIWcJ7t0Ire9uMCa0x0PRVxF', 1387661681),
(770, 771, 'zEHBoo02qpUd4im9YVmgbvq0Ye0qgWGb5YYG8vyG', 1387661681),
(771, 772, 'IBtah1HYPy6v6ejM9HM1yfzJV8Gsvdhx4O5gIjBv', 1387674696),
(772, 773, '5uWmZDfWtPDh2QQMom4k39i4gO2nl2HNQ5Ty16rO', 1387674697),
(773, 774, 'MbhBvmTv6W7UvDChhBJqQHqYRR78HBiew9MmnMmX', 1387733237),
(774, 775, 'zYzZFOPXqbYaCpoIz1tsbiBppUIzYSKnRyt2Ndzs', 1387733238),
(775, 776, 'w6vcoGfbFznMx9DBbAqWMcveWE1KkESXt0EVfqLD', 1387827642),
(776, 777, 'lzY1Ou85JvWvG4NxCoNBa7ZVUHuwhrJllUoxHP3I', 1387827642),
(777, 778, 'VTjXqfwei9mAE68mVucyXpPMhkyG6BI7VQ2kgSiL', 1387924721),
(778, 779, 'VzBSmzuuIHEDvuzWZ3iHYuvIqPiYJpDyBQ4sHfke', 1387924721),
(779, 780, 'OCJ5JDhqIMDlpv6nPZFk690L2hbRoexl9ll2rAcc', 1387993574),
(780, 781, 'N8tXnKJeDpv5m82fI5l0c2ZBHxhYG0ZpX4wwjuX6', 1387993575),
(781, 782, 'SVeamBdanzoihMriwVyXSLLshLV3V5etBFX5ZVkC', 1388168496),
(782, 783, 'KXObXsA7XiGxl1iSbwgiOzn1MkD6KGjV1hW1w88e', 1388168496),
(783, 784, 'MzwheB1HrlKZAlHD1KWk9DCgQqj08gihzuvlwSy1', 1388198136),
(784, 785, 'csSe8rwvYf0Pec259fuBtmuqzk5VUL45dMi7RFJq', 1388198136),
(785, 786, 'qe6FAJMVorhdKyAVRqUgAAXdPBxmho4vToBxfGHj', 1388254838),
(786, 787, 'jaBMSfiISwIjlzVM0Jdu91v5sd2j32aKg87P0NnP', 1388254838),
(787, 788, 'mDZCJUpZ2Bbq6eAPC11gIqtlDx86YINYGRcW8bPr', 1388338926),
(788, 789, 'UcEIS3iOO8TnTokmf0VgRzSP2GdjLVJ5G0wkYo9N', 1388338925),
(789, 790, 'iGr6eWTp3IhGnx9ISTwzEKnM6qjgAbqJmiTbWMdo', 1388425781),
(790, 791, 'gVlfO7H7OcjybAq3cH84d2hZ5xxloPixNAKY2TXz', 1388425782),
(791, 792, 'MUcpPK5MsWBUU3gU0WHC0JhLd4QnHKxZAKC7Xhe3', 1388456426),
(792, 793, 'bSqqDIVobVgaQgmFGfVr0D7PIagNAxcZZbpjlQW1', 1388456426),
(793, 794, 'wMy15glQutlUAkf7f83FBRjx3sJ1ShBov1UVGmIg', 1388771603),
(794, 795, 'YKzxX1OPXeCSrIcQCeIOohOGy1nOxQXw4Gb8kO1f', 1388771603),
(795, 796, 'tWfTqdbcTrkhwpAqTmbIf7TvzU6I1Lvmye7K5ilI', 1388789507),
(796, 797, 'SVFWX6lpQdKVQYYelfATj1aeB3OKBF5r1DCx33AM', 1388789508),
(797, 798, 'nR0WuiDK6EPPmc5j8cwyYufZJCn01trlhQPrK8Z8', 1388856876),
(798, 799, 'yRXhopLA0JJczzOLB0eU1vKCmBTIdmUwdR74V42W', 1388856876),
(799, 800, 'mpapYCu6KChTZ4gt1EhDq7r7p9dSq9ONP80Cngpp', 1388856877),
(800, 801, '8nLKS0iFm3T7n76ibCBDQ3UEYdzTfBUMBBw20pdf', 1388856877),
(801, 802, 'kxLasd5o2XyyOhyvk1OJZ7XuCVVwYkRDe8wGl1CH', 1388857980),
(802, 803, 'I37yrB9r6yy3k4XC5wnEYNic4Y7EZR3K3qoBOllm', 1388857981),
(803, 804, 'Zuet20CMBjnF4o5oarvf80JDPUPzYsKIigwDJljO', 1388877658),
(804, 805, 'RqxOlKJ6054ch5KDx44jDqa4QRo9KWAJHLyXCe0Z', 1388877658),
(805, 806, 'PNfzLxTwZQVcMKr3Wu8rWL02aBy8G2iSbyOb0PSK', 1388880698),
(806, 807, 'f1AH5T3dFqDTia8SO8SsEv9H2E1n6zgBl3lw9W64', 1388880699),
(807, 808, 'qHq0inGTOPdfQFlGe5xzJyUmr7peWZXd7ARiL6pW', 1388882066),
(808, 809, 'DNrknjd7QoV42eOr4OSZtY0nIzdBB0CbA6eAY6uC', 1388882066),
(809, 810, 'fDVyFsoRzIC6unwy0XmJn5cpNqP9rsne5LNm6tny', 1388886501),
(810, 811, 'ZFTIaMdroxxFMVsc5nuLhOGqBpx4P9VDXcS4sWY7', 1388886501),
(811, 812, '97uaxI3JQF0gxbuNZh1OHHnV3T3z36XGQVHvwaes', 1388886502),
(812, 813, 'LC4QnwvnKhMk3HAfDuTxawzQ6UMuGq6qQ5RC3MLB', 1388886503),
(813, 814, 'XIHEjGx7Th4RRVYoBSGnyPlCXPqxsoeDAHTqUOjz', 1388886503),
(814, 815, 'bFWZWLYiZpnT0L3FWd6VnSKkN7L9WdLGXiEfsVRL', 1388886504),
(815, 816, 'q16Ktc0HmKgBUx3N9l5mqiftcJFJtskUQ9R5T02e', 1388895066),
(816, 817, 'rJDxjA0Ho2C0dDm8kXP0OEuR2ULByQFMfYOqvYxT', 1388895066),
(817, 818, '4pHYfWLJouBafjn1KsegOYe3mKRHqMYRlexMw4PB', 1388943692),
(818, 819, 'ECSBkOHA40J7GA0IWUY2hjfNKnGAl5nYXt908wDC', 1388943692),
(819, 820, 'wp7Lb579IpPmf8kCH6wRvzAUVrzsr1QXlucUlYAV', 1388963279),
(820, 821, '6uaugJc79Kjsd5a2Rhbaw59FgJ2B4vzECN8IawsU', 1388963279),
(821, 822, 'nG8OMWMXAdFSmdxXkjSVIcjULnu6LIKJUX3FfclM', 1388975427),
(822, 823, '7qUgLqjbiNcbgvT5OATC3mZMDqGX3qcvnRe9nLSP', 1388975428),
(823, 824, 'NqOW2keQw7xWESkr0GXnku5HytIINGIJ8A3cir2V', 1389033475),
(824, 825, 'caczPvahp8UWHZICSV6l22PMObNW3cE1b808VQfE', 1389033476),
(825, 826, 'oraFkqhmiOKBOlRGN1teo5cr8dgSJ0aJ7tE4t6Zv', 1389035763),
(826, 827, 'OwZ6woPwAsRB3f7TnneomD2wqn9ptN0Kyn3TpvME', 1389035763),
(827, 828, 'pIwMUTYVbrobNPwa834FgD6lrIUdO50Op2J6xkdP', 1389046259),
(828, 829, '2JWRVSIwYMIb6wlMrq9454SkAxSW1x2dKFiV57BP', 1389046259),
(829, 830, 'Pue6E2qQW3MH25VVqaNdXUMdPL4c8m5baazSWsZD', 1389046465),
(830, 831, 'c9nQvNwGYBZ9EOPtd1z3crc8lES1l9Vc4i9OsU3K', 1389046465),
(831, 832, 'MUlCdHKm7x7neDH7vhiJDqlX7YxbZKEff26f0tDs', 1389066867),
(832, 833, 'HF6pd71vo0T0nrzCNoKLQFzHB1AfJ5M3ua81rtO9', 1389066868),
(833, 834, '1ftmbXywVkRmzxreNXoCmjOL1NGVpkLjfslruR5Y', 1389115127),
(834, 835, 'ZQyeeg7aXeF2u5s5yryLfC7RjBzMge9dOgZ8rR50', 1389115127),
(835, 836, 'f4YFli3p0RPpUNLLPLMIltwJlKXW97TJcxtTcd3G', 1389115901),
(836, 837, 'SngbCxjxeBfpqLYESZzzMjkdXGn64Uwl5JOLEzni', 1389115901),
(837, 838, '7RVp3MckElEFecjdrAvs0RmM2cfMgtIwxhooFfLK', 1389135174),
(838, 839, 'cRSUPsfhCbL7XBrsMJNZH9F4avThHtasOP1H3pzt', 1389135174),
(839, 840, 'g7gJsmZjhcB9PSk7A3D5YIEqcKzp2zr80Qu4WGI0', 1389138611),
(840, 841, 'QyuV8mTxHlViSfXC2eJwax1J6i03PvlnuH1UXHdc', 1389138611),
(841, 842, 'Xh2RJCDe4Up0DCZtKaFL6a6QlKEYoiwrDX13bz2O', 1389201013),
(842, 843, 'ZEBC8UjsiUMI0y84JHOmSeJNz1VPO8s0QdlSxftQ', 1389201014),
(843, 844, 'BnO5YctPUrUwH2NnSXgwQllxZkGduJPFXS5bIYmD', 1389203373),
(844, 845, 'iLy2U1xV0UGwClmCJY1TNiJaxweFBq3PFLNA2Mcs', 1389203373),
(845, 846, 'twROdrg1y4y003OQtBdGW2B6sPoxUFlKt7euEHea', 1389294913),
(846, 847, 'zg23JxqeE601eGRGcUPTzJKE4kIFoNEfTApMO8x5', 1389294913),
(847, 848, 'ZhaAqIeRpZRYhepDp49kXNlB1z0FOSiFqPfjD4ou', 1389399259),
(848, 849, 'CnbdlELZ5GcIvQ232IjPtR2WglR0ArrJR4s58g7A', 1389399259),
(849, 850, 'g6Oz0OPwAyuQOFuxsvKeGsEQAPvRkZ5tKimdFchy', 1389488828),
(850, 851, 'u4Ub95tjfqhE3e2jxfwgXgQd5pDXeRcwUC04bK1b', 1389488828),
(851, 852, 'ZOcC5zE3fZFec2C8znaJ0Idu3MyZgf3AgUiVLlrd', 1389716163),
(852, 853, 'uTuzm5SlwUaxEKIn0CvX5O0q5htNMO8hIpQPv8dy', 1389716163),
(853, 854, 'j9yNFmfGgx9v5q87kFLBvi9XnH9tNtgAQnm8Mv6F', 1389742945),
(854, 855, 'jg1inWK39J4LTXK6fN6yyc2VrcQyhMwm6M8ErmIF', 1389742945),
(855, 856, 'yAzPrvFVpSlGPay4ASl8zJouH5vTlekhyuGRftUY', 1389759298),
(856, 857, 'U28W6Wx3edaWfnRajvDJsvj3YptGLcl4lSec701Y', 1389759298),
(857, 858, 'uAWMZfm8i9bXVQkGwhBxiMEsFPsrBQCW83628WkD', 1389767673),
(858, 859, 'hGZaGj94l6GIb6NzhQWuxtldQHZpUNcvyRlTOxLR', 1389767673),
(859, 860, 'Eznb1lanAPn1FIBSLXOO4EFLXhyN0zK11CeEEpsD', 1389895504),
(860, 861, '2XPdOtwPKFMXgkVhNgGGQmNV3S33F75wHtnCPFQa', 1389895504),
(861, 862, 'jjpAdew8kb8hnmCkYM9bIvBYSEF97WVSppB5nghp', 1389982154),
(862, 863, 'vXdaEsr59cllOfTep0Tj59la6VW4tUJl9jI1gxbq', 1389982154),
(863, 864, 'IDsiTXKcaPiwtyI4BgNUfVmqOfRpWXpFH9UVrvGN', 1390004540),
(864, 865, '7t0cd71PIJgQffhZWXAYxXQzvnUDFqUy6k0WNFEd', 1390004540),
(865, 866, 'MQpdAGFiQ6Raf8yXa737RAVcrSin4mKnp20l14EZ', 1390081305),
(866, 867, '92KtltelaCCHyj446OSf820Wg7DduPa9aeeNr8kh', 1390081305),
(867, 868, 'ZfE51bzOnxFgO7mPRsDANHeYfy8Tt5BFCqMrEJmE', 1390143851),
(868, 869, 'rfGiROIcUvR2i53e91c9e2hlqGHcHlNmwsIY0cLZ', 1390143851),
(869, 871, 'zHhuSV6CoUcUi7xtMkaviuvZ4PJxpo7ArpwkN8RW', 1390329259),
(870, 870, 'HQyhau0ZlfVnwgogOGVuEcyqo60QbfsKSVzJE9Qn', 1390329259),
(871, 872, 'jBKcDpSG2cYCLTmt7IH64CRbqXpWAwc0jW6UfcEU', 1390450990),
(872, 873, 'geWsqqKwVltorqfvLxNLDtaeFDjuUMmP5VQTVHYh', 1390450990),
(873, 874, 'Ex399NwRPbSSXo3u83eWedQJmmHcLsC4dSmTEY55', 1390546215),
(874, 875, 'XvwM73Xu1AQU3moqaRXUptIJc2nkt1iH6lls79lH', 1390546215),
(875, 876, '57oX8m4957iQOa11rlqqFq4xfXjRuCr24HvOuYZx', 1390627105),
(876, 877, 'TCukQoCLXaQFpvekkDt8L2PzKgPQN6vniZrnhwpD', 1390627105),
(877, 878, 'ZX2v7g4hwdOM9eSc1tXCaMZsceICJuPlTnxGu3g6', 1390628646),
(878, 879, 'o6brMT7oGAz1X8MKgIsuVHx2YLqZmeWIiFzR4ZmC', 1390628646),
(879, 880, 'iGeYT0C3rNxHayqRy5nHvG3eQhL6Q4f54Ky1EaqM', 1390655337),
(880, 881, 'WeTTvA75m7s5unY662le9VQWAzpwP4e1Sj277xpg', 1390655337),
(881, 882, '6KbikyLDAG25hs7oF8dEQNGKlzOtLGbu7h1j5qdo', 1390656038),
(882, 883, 'mTBR7mXOQFyjrmddp23NsWN5QarJJ4H4EHs0gyu3', 1390656038),
(883, 884, 'pPvYyrY0c3QO6fmZBXqA1oXDICclR7q1ISX1g146', 1390774197),
(884, 885, 'eoPdA2wMs231Dd4SMuxJrrPhgbX0SLHd96CG6Pp7', 1390774197),
(885, 886, 'F1kQK0T2rAXvhmeF17CdInqNkE2WyGNGoWnSOMGE', 1390777455),
(886, 887, '9WH6QmhIh01qksIPLzKOpTUvASgSCIrGa6lF8qzV', 1390777455),
(887, 888, 'm2rYKD9AyNBFmlXlbTUl54yTaZBEOO7P2yoYMdQ9', 1390781246),
(888, 889, 'vj9cDCW7ktbsFwiokp3Lyr44uGyEfIfWWPDDEI1D', 1390781246),
(889, 890, 'bd3wqIGFx7I0Wai0S0ZYUjzXlqH4Bn7dHWWemXCC', 1390854993),
(890, 891, 'pt1lWxhO6mSDU2gbndJ0DcQVFEHEkEi26K7kubTT', 1390854993),
(891, 893, 'Jug1ug8B3RGWdyWLPqrwXjMdfZ86Wcz0XW1uGAl8', 1390978822),
(892, 892, 'DuqiHGNevgBaxjiZNa1rQjcQR2imvWU6N1OCzkRQ', 1390978822),
(893, 894, 'Vv7XcbOSW53rhQOpMye8jJGJw1RRLTFbdgbFuG9p', 1391067450),
(894, 895, '4ff7p7zm7jmit7tvUhzsEHt91lzX7QcYmmx1b4vC', 1391067450),
(895, 896, 'CTcBI3Xx3w9Thcnw1DiLfTkMbQXgbd21EVhvekU9', 1391289798),
(896, 897, 'wVwZI39Nvfm0VyMojZeIE9BDJWaHJyk9Sf3PJhfa', 1391289798),
(897, 898, 'qjNnx5qKhkxW5AFigcvGOEOBmHRy4e9AxE2MB3X7', 1391355720),
(898, 899, 'dHJYnLDn7BuDIzDNTPOxox1ghtnpM16NCPu1ScV2', 1391355720),
(899, 900, 'f4O2Nd3lHjHJh83cqfWcmsQs9BRXKogchHziK2mp', 1391537345),
(900, 901, 'IsH5PJEPPUhAlEmcl4OQeEjLZXynXDe09IVAqzEe', 1391537345),
(901, 902, 'EdEcOvG25BumWl1joxp9KzJl0KcpxaqNgdf1CLR8', 1391629629),
(902, 903, 'W0TXnKjfoVRvTDic0TlEnWwK9qeKiZWUwFgONP5a', 1391629629),
(903, 904, 'r2LC6oP9hK1mggQNqSMQYXiRnyKIfztqT0TJg25M', 1391652995),
(904, 905, 'kK9dtQaaiTE7kIrVyMRlBQu2ztNm925e3WMSPf9y', 1391652995),
(905, 906, '16wSpn91UowNaq1TPUa53aobpQLBANO8cXwgaws0', 1391750981),
(906, 907, 'tFK5mrK65fa32lSoQ881yDUoBrbly3ORZQ5sYdIH', 1391750981),
(907, 908, 'cf1tTxT2fAykxxewRYWwya6pJ6IrtjS0ge02FyvF', 1391837749),
(908, 909, 'tLLBSPLrSZ75xEcRolWYauUvkt9CoECLu8HLCQcz', 1391837749),
(909, 910, 'OfR6JfW6RXEVQ2WUxEZCskYe0RdXvfPoAQc37z3V', 1391924619),
(910, 911, 'yOXNpspwBG74R8KfXdtaAUHUtTCjp99y1UY3XpdY', 1391924619),
(911, 912, 'llOjy7BhnD4Nfcli7TEZOoltMHmEXBOl8Pn3KqC3', 1391926412),
(912, 913, 'kbCIL2qMXvTvshFgHu7gcnasiRDsdXOCp3Ljjsg1', 1391926412),
(913, 914, 'OGbUpjefLCkcthcSGBA8QOy46hGCwj7YsVYGBxpS', 1392183869),
(914, 915, '6MDCrlqejRj5gJO6wfeh76Cl7wQ2xFae3SfS2G9E', 1392183869),
(915, 916, 'RNzUJymKn9EqX5ExVzyp5xJepnqJEvrj2ChBxjo9', 1392272957),
(916, 917, 'gLFRQJEa4BuOPUo35rekCiqvCn0qp3vLJ9yMkX7Q', 1392272957),
(917, 919, 'SWXwJemEnhfQE7czVO2eItWSmJXdGenLr1n9Og2w', 1392587110),
(918, 918, 'RMjWTcgp7cptwFfW0S4GkMuXtvokosark99BnOwL', 1392587110),
(919, 920, 'UA3YKgH8CAnbUwbOPmcJllLf50SQcssC4flrSuQQ', 1392591586),
(920, 921, '9q6q2kzOF3ZFtJ51wLaj68Ns9RzvinCNUSabodEQ', 1392591586),
(921, 922, 'A0QUqpM0JWaY1BcHoaPfelqPjAQLZE2ET815kPv4', 1392592184),
(922, 923, 'J22xRk896jXoziBebvmGvlttwR9JMQq4IX6W0i0x', 1392592184),
(923, 924, 'xhfmlEaPaRB7tcxFyBtiJlzbxUvCIlCcHubdHRmc', 1392593022),
(924, 925, 'ikSVCss1P0qCgrsCDTxsREuqWZ5EUbGzE4CsUdyV', 1392593022),
(925, 926, 'xlGb95D8Bry6kII4QTzJOyzZNqCHg72z2td5QBlm', 1392786622),
(926, 927, '4L94e4cNnt43xHTAa48sX0tMVXPLQoDduwiZsgc5', 1392786622),
(927, 928, 'tHL3tg7AFKamQH1v3WhpnnCwwNoQUL99wd9rAq6j', 1392962595),
(928, 929, '7Rhr7GqjveJarBMjvPtO3djmY44KwNwJufaOXnP1', 1392962595),
(929, 931, '6nnkRuOp1n1xWkxQ8D0mKhOCuVAR3RrD6rm3CkLc', 1393047320),
(930, 930, 'rFGY5GkpH7mH4ELRp0014ahmPaduU8kG6h2mMQdR', 1393047320),
(931, 933, 'yaGKzWk3TrY2Mzo3QdHoO8y5vRbUBNPoAcvVKok0', 1393398475),
(932, 932, 'nV4Gg13OqOwNs9uzn7j9pFsx2IZ49Xo0bsCRAHAD', 1393398475),
(933, 934, '2phxnrkLyXDzOCA9VbQ4k5LScpQkYM24XMsdajY6', 1393655609),
(934, 935, 'SZ84Sw7tykHDGmektSKGDfDjB5dinOee1mE68Yfu', 1393655609),
(935, 936, 'VU4L1ukjssGoJHbMAjujppJu4bdS2YJtS0CPksoj', 1393777410),
(936, 937, 'sev8xkm9PeVfeDLPruO5pCrQ9j6PaXcwnyPNfO3o', 1393777410),
(937, 938, '881IM67T060HjZmZrkITKJt6ERXvkJfCRzjFdLNN', 1394085998),
(938, 939, 'WDDcxim8GAAKhx0g1kGWnsVz0L4unxliXli8HqA1', 1394085998),
(939, 940, 's4bw6GJKWYzcRucL5zxNOj3wkH0HhkG9RKoYeKSs', 1394242964),
(940, 941, 'uhOURfzJqVuBS18M6vD994aY1a7lxpqKo7MkCswW', 1394242964),
(941, 942, 'CUE64aBha9W1spVLqn23T9hplu3lbC9GGCWVhI8N', 1394329386),
(942, 943, 'doHHsrN1Giea0uq35GqZBvTvu7Hunzy943i3G17e', 1394329386),
(943, 944, 'JoHFoGGD1lpsO6D2mgJ9pSkCqN1opy1J0LBsUeHc', 1394515109),
(944, 945, 'pRKwxYJPaFTAnJJ8KNwp2ddnSZJKpZYuBmagDxwG', 1394515109),
(945, 946, '18v6RiiJ8zeQEKMC1nCVuJpX5tS7c1qHdCT4tBpm', 1394695393),
(946, 947, 'msYqQ40A7WdrpVx7x4IGRbpmglqvFC97idePwm3x', 1394695393),
(947, 948, 'rIDGAoLtoN7R4u91R2BcMIiTvO0GB4syjYIgwZe3', 1394848958),
(948, 949, 'h8u24EApfyNCLWlAngtD9NzvXva9vPBF5ZNDe24Q', 1394848958),
(949, 950, 'VHySFJ7teH5YH6AQCodcoeJpCXPXalt2SSlWWgVW', 1394936857),
(950, 951, 'aS1jMvYWPaPxpqA7fLngjoSfeYBXZqDRUDmIu3k7', 1394936857),
(951, 952, 'yoeEf8L5rDnoNA47JystFq8NdtanZG6CCgsF43l6', 1395083667),
(952, 953, 'EDElRhQPDv6pIAruggXtnFcnPmOSl8o7y3dVDYbc', 1395083667),
(953, 954, 'Md3dGeTZp2PSOi2oCTV7TLmpSdRFoNRw3mY9SFz1', 1395293242),
(954, 955, 'TqjAp3OPA0i7jpZksR4S2qV6KxeoxLc6aj4mox5W', 1395293242),
(955, 956, '3CMiPlJdX1TI2B9iVtS6ViqmoYRu6b69J7yxFnMv', 1395298430),
(956, 957, 'jQcb19AAT5Oz5Odily38lxAixPPs2rPsxy9XgIe9', 1395298430),
(957, 958, 'hdtfSCsjoAlWIfWHZlYSB1oSUZQBsSKFqvGFhKUT', 1395453003),
(958, 959, 'B8XMOgNJuIVqzLs3l1NjnUu7WKtsUbAdhmf1PW6U', 1395453003),
(959, 960, '7RCMIVVmXB6moZK7N69yE72Z2QeUbkz4LPToZFlZ', 1395552041),
(960, 961, '70SwTiNvJMR7KOdg5VmT4EGh2GOj6zWSPHy7TErc', 1395552041),
(961, 962, 'YNjGp6AneNqFeZitzgpe9OBZDprDGpaFG21kQoJd', 1395728338),
(962, 963, '7gM2ACZbBJScDlpKWwg8z1nycDBPEm7UpffQ02bT', 1395728338),
(963, 964, '8U80Xso11ltDmWyWqqnakCqzHZfoJ8n7C0zbfKGq', 1395899439),
(964, 965, 'Ha9cnLyMxmbW3Wp83OGKHx02gXNPJ4Pbz2bMazv1', 1395899439),
(965, 966, 'kjvnSTTrinulqzqjAQUx0lVlFvhh42K4TlMXQDK7', 1396076048),
(966, 967, 'G8rJM8shSXz6TKZuGAW3CsTy3QKzLghQ8IC7tvmt', 1396076048),
(967, 968, 'kebdAPArWGA79asiEbFuZRrEXZSmNFx4wmSUqazk', 1396206256),
(968, 969, 'TKKZLOszBdW92CLmTn3YZCqG9rZUF7DLT0cLZi9N', 1396206256),
(969, 970, 't3HlzijuW8WYVRPNIxbt3eodYSncca3B3JSxE90Z', 1396402839),
(970, 971, '1LSx92ObSZJft5Q1tWAarJiM6TepGh9L2HBbt2J3', 1396402839),
(971, 972, 'VleyiHR6tVhebbNHQRrkTZVyDVKKphQp1DheMY7d', 1396586892),
(972, 973, 'Ry2BxrgJ2ZrXDFFFPYYyrwyrR0fliJgbeJdRDYfP', 1396586892),
(973, 974, 'fe9JWXFZoWCalbtjrmvtMg3EHzCbP4VaSVSAuL5N', 1396588765),
(974, 975, 'QWxFECl7TBZKFLP7BXZBG5bZUeHuWprgkoaci4TE', 1396588765),
(975, 976, 'EanDfUzX7OCzNR1FG37J3kyOxU5W5k4POhEMievr', 1396591228),
(976, 977, 'XgomCaC7A40OxXCUguOs12AtZQamMGw05lNFiN7O', 1396591228),
(977, 978, 'DzdjivcaiJux17rgHwX5aA7gUnkZBgN4M6foYZUU', 1396889389),
(978, 979, 'ErL2aDLcLabaltQRJm1Hv4Mn1nbtZL27JFC8usQg', 1396889389),
(979, 980, '6giw4TZBuYBRa2zjMwaxK53MIxOufOWTgc2AYioD', 1397009747),
(980, 981, 'HALbCtDG0j23TZl4g2cI93ftcdrOY6KHXGN4IPSL', 1397009747),
(981, 982, 'QaV4XjkvALOIMpvmOw3fRobvsbPFW0AkNRMTl5hO', 1397018893),
(982, 983, 't6qr25QNWf2jyTCsDekjlSdPb8kFOka4ime6qyjd', 1397018893),
(983, 984, 'N6lbAl0iITP8QrlSAZ3YyorMk67sCOs7i35xiFJy', 1397107700),
(984, 985, '2pN6nFtYVFYrkA2iKEgTABjWH5u0ji8y8aDgQ6nu', 1397107700),
(985, 986, 'pYmj7OAwIEk2eISQGlL8U3OhhMY5oI78ZhoM5pnM', 1397195177),
(986, 987, 'uZSJgVJgzECWZFYyZpcpDMYU88rSVjW4X81wxId8', 1397195177),
(987, 988, 'FG8HyBCHKy7hLM1qNhZNHL0kyK7hymA87uSFKA4i', 1397281600),
(988, 989, '6VaDw1kQ85IGxkg3oYYssdfT7fI5tyKMZWnf6Z0E', 1397281600),
(989, 990, 'Cxg5f6ZEYmbjWeUmNdGpLPlzReL4WAXOK7reN8kP', 1397353508),
(990, 991, 'SQ6dWlFVt66VMTTeUIwLPJY4vilSA6bHcr6jmZRZ', 1397353508),
(991, 992, 'nfMuqzEQDEQ4tVUigODbfCSD7IZeuuezbm9ELkPy', 1397365542),
(992, 993, '4XHzcOR8stLg88I0k8PhXzb89veE8T1jiTH6vKdH', 1397365542),
(993, 995, '44gipeU2fswSumzItUAgMiN5CaKUFkFbuSnflEim', 1397600028),
(994, 994, 'Rr5s7nViW3QBdxPDG2wCxsqpxqZsD0mgQ4t2YFnN', 1397600028),
(995, 996, 'nvhOJFTRIzV50EyV95J1E8mGnw5TfavA0y3zPtpF', 1397715041),
(996, 997, 'PT3VHisWhIrgpCgEEUtTm13EhmAHmwMrM9qSFtj3', 1397715041),
(997, 998, 'woQLhintJGZ1dHq0KaTV0bRCqDHGJPM1n2ArUwUF', 1397801649),
(998, 999, 'Gr0g3Lhq5EfwUhRm5XgMV4PgIC9uFB2e8XgxvY8r', 1397801649),
(999, 1000, 'NjQPGzBjrNyehlQEPhzuzdZyuCQSeBDrQJLfNnzP', 1397947051),
(1000, 1001, 'PrXMjayzEPICa8aWmG4UhJs0S0bjHEAV0wJPkcHn', 1397947051),
(1001, 1002, '1MhsEkmrb6tzLxafSjCE6hGXvPR3jIAikCHnoBNc', 1398145331),
(1002, 1003, 'WkE89tylrzpng9ov6yTpSZM3rPrNFKkZHkHWLj07', 1398145331),
(1003, 1004, '9Adl3eAMnmOE47pLXbr0rz3vusYTEfweHHZqCcES', 1398224276),
(1004, 1005, 'ohjLuUqCQAKzJsQZ1S7FU7JNS3q7p44Dt3emLX4r', 1398224276),
(1005, 1006, 'pvYfgJeOZ6zud5ac11b993icYWUk5lykd9pQEh1d', 1398659315),
(1006, 1007, '5AuOnSl3FSv7eHIC1Ngs5E9O5qneW9iEMvufFLz4', 1398659315),
(1007, 1008, 'UPAqn2Rztlz66lqu06OX3s26DQWWIczXKOukN0x9', 1398823286),
(1008, 1009, 'Q9zlv0Q7VKPgyP8P2Y5wWW74FCyIUVXvUiwmf64f', 1398823286),
(1009, 1010, '36gGnf4jRq7LIe4wPfKR0cvdvmFhlzUadMBqxvu3', 1398824543),
(1010, 1011, 'keaW9g429kQ8PVn9cu64KmScd1Mu69E10ChfRJY6', 1398824543),
(1011, 1012, '7u7pSSnvpiaTf4rtUJf1cjeWQxeSUrZ0WvrL0GHh', 1398825304),
(1012, 1013, 'CkNC4VmIZAhAD5x8hdqFh1paeRYYICmt6zzEIopX', 1398825304),
(1013, 1014, 'fVmnVpqOPVZ4zQRKrqNS4nMt4Mw0SwY2YKb056y4', 1398925107),
(1014, 1015, 'VtFK4qyDuO1l0PBfXdRANWiwJz30nvacUfVBcR4F', 1398925107),
(1015, 1016, 'JgCzMjJUPumazZSN7MyUnDeQZrTlXxBYODupF6jC', 1398928913),
(1016, 1017, 'hpJTSlhlHgwoPmpXjJZW0zE6XbzwpamFrrxgCXLR', 1398928913),
(1017, 1018, '7rHreGIfEbbQYFT6MTMrgWNEqNcCuSO8MF3gKpnc', 1399052815),
(1018, 1019, 'R6mTyPI1D6gUN9WfD3qaWPG8DvLI0XCAoJAd1GBO', 1399052815),
(1019, 1020, 'i4JcvW3lT05yElbjeLrVBAgy5gI2Hii5vvlv7Ujs', 1399062774),
(1020, 1021, 'Ro6UYorHwVMo46NBD77zVQi9yri1NMgPGDzyNbrd', 1399062774),
(1021, 1023, 'It3F7YB6l9ZNkBcHF3f83Q0xXah9M6Z1pe7DK4Mm', 1399228505),
(1022, 1022, 'fbG0bd6QqxH6EROdawYTgpvXwYp6OqnEo4hzi8W3', 1399228505),
(1023, 1024, 'ELFJ9obnff1o9rwzmpmij6OA2A6UcBCJ4ddfGNid', 1399250134),
(1024, 1025, 'tvYXAgxchBg5QaLeiX9WFzUhfeNVHdXbSQ1HjN5i', 1399250134),
(1025, 1026, 'frRGGl4sPGVbyjFaafvuUYQt4XycGcg5v59fUmGk', 1399250143),
(1026, 1027, 'mIFTtgDby1XxYeJEZogNR4uV8Ry9fQKncNqAZNmA', 1399250143),
(1027, 1028, 'fVFUZBQ2sNE3KPkvLbANOoUY3vH3tdlRULzkI2ck', 1399250222),
(1028, 1029, 'GMb6ZYbbnboFvP5fljItSuPaUVJG8pLgyh8fNwkn', 1399250222),
(1029, 1030, 'opH4jxxXGJq9TZLgNFgIynu1UIUp1rU1j1jgDGmN', 1399250270),
(1030, 1031, '5esKZrnj1E1yWTa5tNSIT3ic9Jxn837UyEtrZgBQ', 1399250270),
(1031, 1032, '4jFBFD5Tw17rf55PT9CS8hg1XRhSoGMwIKgTk4N9', 1399250623),
(1032, 1033, 'BreNNJ4mkEIXlNrHxr2zkehUDsKZ3DxwTKyXqceD', 1399250623),
(1033, 1034, '7Qy0543tuVESghueWJ3CD7Xi0mvgQ3CjXeAYZRHf', 1399251465),
(1034, 1035, 'TKr1NNuvCL2MSW9tFqQlSpVRjwVhxF5lW9j1mfMs', 1399251465),
(1035, 1036, '7U62fcQTZOSeucH5OEHCRdUvbw1ojJ1WfvvSpiIq', 1399251500),
(1036, 1037, 'IFtknqnbBpgDCIZMkAEWLfDMSYdXpE85YwkzlgCQ', 1399251500),
(1037, 1038, '1YGSMDjbfhy6twa4hGdDTHBww53pDs0v9zlXKtkN', 1399251607),
(1038, 1039, 'IEvepWP15wnFrcheNOE1EAmI0kKl5FYk6aXgLXlZ', 1399251607),
(1039, 1040, 'lMzUmIrbNCSvwBBkT98ItXvCYJQ2TCiJDLmAFGzA', 1399251613),
(1040, 1041, 'gpxi0Xs3rz3vkkBjBsZgRovdlOGvInsYYmITruqY', 1399251613),
(1041, 1042, 'FzF2gYG74VDUrtfi4gasWGliKOlBcFMHheyNyMWA', 1399251644),
(1042, 1043, 'jtBr5d8oVwiS2cKsqC2h3z5KGPUTjU1TcM0Dnb4e', 1399251644),
(1043, 1044, 'fjmV7eEpxrGecZVkheoebEjWck4W4hbDgqqSgEFG', 1399251685),
(1044, 1045, 'uV9ACc7JOPiKF2ep8oVu4YtAR1RksJsChTxitwfw', 1399251685),
(1045, 1046, 'd5xFr63LnaZ1Ctk51MriF9tzrIAzw89gSF1eKq3j', 1399251711),
(1046, 1047, 'Kg6VNo13BrpFYN8SGw0GYmrTxJWqP2OFSaTMpB1n', 1399251711),
(1047, 1048, 'p3nLSmbpYDfyNw34gKUR7pLLeNytUoaWzgEhXMaL', 1399251748),
(1048, 1049, 'seZJEbRWNWN2pMrmlJzxbGwxsZfeWgbd524wBdws', 1399251748),
(1049, 1050, 'Lt5T1JU971rnUSt6WpG9lrjIoIyhLyovCdHvVFFw', 1399251815),
(1050, 1051, 'uejX5qLf8EJRvcYku1KlOFYcCu0erM6J6bkFtGad', 1399251815),
(1051, 1052, 'm7hQzx8To4vZSu9SfjkDMgzsEAdwmPx6pcvfTChw', 1399251901),
(1052, 1053, 'ewePmX3XuxmgG3P7rEISZmYOkzPureJzErYDfALm', 1399251901),
(1053, 1054, 'GdaKjAnXDruDXO9LS9lAkE66ifykP1TdFj3PRHTZ', 1399251977),
(1054, 1055, 'vyYnlUEeOFinHZFrRLEgU781h2NoPJfbVtGG3xlJ', 1399251977),
(1055, 1056, 'h0MtH4LRhi9feZ3732YXIE394LfxFBn8ytOiA9Z8', 1399252049),
(1056, 1057, '4i2RrcKhAk2hGjCSa0CbFkpJQ3bZtlyCDDWkQj9D', 1399252049),
(1057, 1058, 'CdiKVmmIdCa4hXWfaqzA6SUgjQ6gxeGB8pX2XOUy', 1399252080),
(1058, 1059, 'n7XwXBMJD6EnBVvUEjlxO7kETh2Fbym2hNGKjhg7', 1399252080),
(1059, 1060, 'nV0sBeKXNBXeR9lb5kHKvFI4zWaitsEhuVFCf5Wf', 1399253849),
(1060, 1061, 'IzmwRBqcF8uj8amsKaGLHU5cjPjNhDzTl5rXS7vH', 1399254144),
(1061, 1062, 'L1pjQsWIKGYR7Tt0xOio6fJypiVNLd2q36Y55EfG', 1399254347),
(1062, 1063, 'qSPj8GdsKiOAuVLnFZVK0XJUp552TVyXFHdARfpp', 1399254562),
(1063, 1064, 'o4fgaIYJUGUhNdaLoBnlfcKp72RmwOPrRltrVnKV', 1399254657),
(1064, 1065, 'xzKXSGkcO1Uw6pXMQUDgr3aGYElOeQ5wgBwgz9HC', 1399254712),
(1065, 1066, 'eO5ChTn6kkd27DbDB4Pmgr3yQkeOX2dRwjBuCots', 1399255127),
(1066, 1067, 'GPpSTln9Uz8n2imP7RiycRIAm2pcjswoK3FmLcUO', 1399255168),
(1067, 1068, 'EoqxXHdXr7af5R4nFZDOJxLxtnxZL5louM302wqG', 1399255326),
(1068, 1069, 'kRa4akCJKimpgZxP2ddE2P75pMmthrH7FUldj7Xu', 1399255460),
(1069, 1070, 'YeBUR0ghvaUJiETVQRgFGq3lPJv3MSiDBq4gUqt4', 1399255503),
(1070, 1071, 'WgF6ji8fWlF9lXeWnJHpTswn3x9KJ6WAQHlRyJXF', 1399255576),
(1071, 1072, 'NDZX8NK04GE8zPsqZZEqDPX5cv5B0qUB7thzvg6R', 1399255801),
(1072, 1073, 'A3MKvzdfctta2IjvoVjglqN4Sia8kwHFu9FXDpBp', 1399255819),
(1073, 1074, 'iMA5iEGeU2svP4nV2CusZyQUsKBFYrsy8YkTuy2l', 1399255843),
(1074, 1075, 'L56G2C7Fu38ZGXFlnOrVSSEFKvvbvE0yOSXlZDSr', 1399255924),
(1075, 1076, 'wiBPgIWyzntiyUwB90Hil6sgrMHtcOPZX3Zu8WJy', 1399255979),
(1076, 1077, 'Y3ShTEDgEDL6AN96Jk0hHR8PT1nFh3XPIxV1kx7j', 1399256020),
(1077, 1078, 'BDXmyqICl0izbWR0HIHyQpw2sIGeN42IamqNJYhX', 1399256107),
(1078, 1079, 'p8V1TFoKChnA02bdQbRzzPTub7pMdzoQ75ZSXNTT', 1399256158),
(1079, 1080, '7gytu5HDBDkRKy6GVJ8TESw93xH5hIipuZhEpds2', 1399256223),
(1080, 1081, 'KLQiaDY9lKIZfTKU8crVdMMQiBiUeUHtOhXfKGMk', 1399259494),
(1081, 1082, 'l2mX0dcpRDOMVvtJ5ufPmPVnxeKyp7cVCHFKZZGN', 1399364566),
(1082, 1083, 'afiBzLarafssXodZX2tuktmaENZW5HuFhCyJNQXg', 1399616177),
(1083, 1084, 'z4zrR6jL99A6vkr2VKDC68O8sy7x02qLUnnel7ol', 1399790415),
(1084, 1085, 'rpIzqJC3b5vQO8qTHacu2DSPctJBn9ooSzSnVBka', 1399925646),
(1085, 1086, '6b9N4cKJ8k6egdehZFCPdDuaSnkof0yp7PNqT9vO', 1400044119);

-- --------------------------------------------------------

--
-- Estructura de tabla para la tabla `oauth_session_authcodes`
--

CREATE TABLE IF NOT EXISTS `oauth_session_authcodes` (
  `id` int(10) unsigned NOT NULL AUTO_INCREMENT,
  `session_id` int(10) unsigned NOT NULL,
  `auth_code` char(40) NOT NULL,
  `auth_code_expires` int(10) unsigned NOT NULL,
  PRIMARY KEY (`id`),
  KEY `session_id` (`session_id`)
) ENGINE=InnoDB DEFAULT CHARSET=utf8 AUTO_INCREMENT=1 ;

-- --------------------------------------------------------

--
-- Estructura de tabla para la tabla `oauth_session_authcode_scopes`
--

CREATE TABLE IF NOT EXISTS `oauth_session_authcode_scopes` (
  `oauth_session_authcode_id` int(10) unsigned NOT NULL,
  `scope_id` smallint(5) unsigned NOT NULL,
  KEY `oauth_session_authcode_id` (`oauth_session_authcode_id`),
  KEY `scope_id` (`scope_id`)
) ENGINE=InnoDB DEFAULT CHARSET=utf8;

-- --------------------------------------------------------

--
-- Estructura de tabla para la tabla `oauth_session_redirects`
--

CREATE TABLE IF NOT EXISTS `oauth_session_redirects` (
  `session_id` int(10) unsigned NOT NULL,
  `redirect_uri` varchar(255) NOT NULL,
  PRIMARY KEY (`session_id`)
) ENGINE=InnoDB DEFAULT CHARSET=utf8;

-- --------------------------------------------------------

--
-- Estructura de tabla para la tabla `oauth_session_refresh_tokens`
--

CREATE TABLE IF NOT EXISTS `oauth_session_refresh_tokens` (
  `session_access_token_id` int(10) unsigned NOT NULL,
  `refresh_token` char(40) NOT NULL,
  `refresh_token_expires` int(10) unsigned NOT NULL,
  `client_id` char(40) NOT NULL,
  PRIMARY KEY (`session_access_token_id`),
  KEY `client_id` (`client_id`)
) ENGINE=InnoDB DEFAULT CHARSET=utf8;

--
-- Volcado de datos para la tabla `oauth_session_refresh_tokens`
--

INSERT INTO `oauth_session_refresh_tokens` (`session_access_token_id`, `refresh_token`, `refresh_token_expires`, `client_id`) VALUES
(14, 'HEo4bJn0S2Lixgmak5LON2r5saZbiWXrfmbO5jfc', 1371426371, '2Kv9vbSb9yc311L3H9k4wPPJXna9o586'),
(15, 'yJpRsYsYF803OlcR3aN9OKQRQ1wor3jhyE8XjgRQ', 1371446976, '2Kv9vbSb9yc311L3H9k4wPPJXna9o586'),
(16, 'e6lyPl6fCbc791JsfoWvx02fivUrayjuBx4ksZHq', 1371447708, '2Kv9vbSb9yc311L3H9k4wPPJXna9o586'),
(17, 'scux4lKJI5qlfyiIl0UHS6VzKbzJkxE35qtz16kZ', 1371447788, '2Kv9vbSb9yc311L3H9k4wPPJXna9o586'),
(18, 'Y53ij8tzGW4usDpbp3go4gAPolRwsj6lXSh48qdQ', 1371447925, '2Kv9vbSb9yc311L3H9k4wPPJXna9o586'),
(19, '6PQDlkcmw4UOFZXtpeEgyUmuJtD51oNislqDiJEM', 1371447943, '2Kv9vbSb9yc311L3H9k4wPPJXna9o586'),
(20, 'Arolqg9aqIGfsTGoRv7Ppa1BLEjsakP7PtpAFgj3', 1371447961, '2Kv9vbSb9yc311L3H9k4wPPJXna9o586'),
(21, '4j2QoEiP5SvzkB0T9ebUF86a96HfkfejvhHCWM3H', 1371502466, '2Kv9vbSb9yc311L3H9k4wPPJXna9o586'),
(22, 'J45MRo92x20URm9MR6ZsqEwqeqDNkG9e4oAzF3h6', 1371503212, '2Kv9vbSb9yc311L3H9k4wPPJXna9o586'),
(23, 'SnWEJuQUfEhOjCJqsihYwdx4SS5hbeOhydVIjqEs', 1371506479, '2Kv9vbSb9yc311L3H9k4wPPJXna9o586'),
(24, 'RfadEEol7LGUyflFaqcDaXCDeFzX718SWr7f6X7F', 1371506663, '2Kv9vbSb9yc311L3H9k4wPPJXna9o586'),
(25, 'FmOkLdooMwqjMSAX6rvd0ss6mvb0eMix0FvsAg81', 1371506731, '2Kv9vbSb9yc311L3H9k4wPPJXna9o586'),
(26, 'WMxkS3qowhb0qQBy5WExshMgAHnrJkez0X0taAn7', 1371506771, '2Kv9vbSb9yc311L3H9k4wPPJXna9o586'),
(27, 'A0X2mr5dqCbYEBJ09sbMdomCxnSVXmaybOnX3YDT', 1371520229, '2Kv9vbSb9yc311L3H9k4wPPJXna9o586'),
(28, 'xdQM8kBepwe1NM8vh6vfK2JwPR8Ut2xV1lMZUGbi', 1371524980, '2Kv9vbSb9yc311L3H9k4wPPJXna9o586'),
(29, 'Q1WtfiNXyS6fXcBXjOtowDGrLJyn3Z53CgXIXGZW', 1371530227, '2Kv9vbSb9yc311L3H9k4wPPJXna9o586'),
(30, '23fzY1j1iiewTq9hrtNpBprybUxCkxT0r1HbpoP2', 1371600815, '2Kv9vbSb9yc311L3H9k4wPPJXna9o586'),
(31, 'tRI9RTfBhZzxzeaq1iSpCYK7SEUWuzb44KgULrof', 1371606208, '2Kv9vbSb9yc311L3H9k4wPPJXna9o586'),
(32, 'nP0QevrrDzLkcpiC5Aj1IZUiM75ZUE3wgJANdMX0', 1371609832, '2Kv9vbSb9yc311L3H9k4wPPJXna9o586'),
(33, '1U6JGqWrdJJTpZZFQxhhCcB8gbfr12yVb6flqEJm', 1371615484, '2Kv9vbSb9yc311L3H9k4wPPJXna9o586'),
(34, 'uiMlh25uLNVkTR0wB7dlTTbmwsfPJYIz8t0bV4tY', 1371621097, '2Kv9vbSb9yc311L3H9k4wPPJXna9o586'),
(35, 'Tc7AgOfKw6YSdGmjLUDHFFoGRxtbOysCL38YUhL5', 1371704367, '2Kv9vbSb9yc311L3H9k4wPPJXna9o586'),
(36, 'UblFMPdhbZdOzKfC4JLDM6nraY7hSDGpweLQdkaj', 1371704462, '2Kv9vbSb9yc311L3H9k4wPPJXna9o586'),
(37, 'TjbpLXGrNi5VJ5om70G9o5fARxdOkZxwde8ILqlW', 1371704474, '2Kv9vbSb9yc311L3H9k4wPPJXna9o586'),
(38, 'UUfGW7OnKNKsjfYH32ykzUoCy7pinqGYuNHFmRB2', 1371704593, '2Kv9vbSb9yc311L3H9k4wPPJXna9o586'),
(39, 'UvXQlawmTAeyY0Fej9EC3ixJP7jF01EFHfG6BpQQ', 1371704651, '2Kv9vbSb9yc311L3H9k4wPPJXna9o586'),
(40, 'uUOsm5dm40ZPmjO9EHlQ0ZR2fuAavSK7vkT86rlN', 1371704713, '2Kv9vbSb9yc311L3H9k4wPPJXna9o586'),
(41, 'Z7vdgUfszDGxizrKeOUTM77FiRlVMmv7302DqoSF', 1371709599, '2Kv9vbSb9yc311L3H9k4wPPJXna9o586'),
(42, '4OwRN25v6KGsyiLrdTi8yrA86sCak3lDAIOPFK2k', 1371776999, '2Kv9vbSb9yc311L3H9k4wPPJXna9o586'),
(43, 'dxxMIM2F2fLoQYtsZvlwmmD7YDkC2vTNw2GBBdy8', 1371780616, '2Kv9vbSb9yc311L3H9k4wPPJXna9o586'),
(44, 'nkddTF8MMKJmg4lMG1gNaIpuAhJciTvy8GPYdcL1', 1371792237, '2Kv9vbSb9yc311L3H9k4wPPJXna9o586'),
(45, 'e0PBKbpF5QDoxz19yvRoVWCKyJhzyGUo5NqPtC2T', 1371797979, '2Kv9vbSb9yc311L3H9k4wPPJXna9o586'),
(46, 'ysiEINRiIzNUStgmroaXDY6JdcPipPVe0IQL2k44', 1371943818, '2Kv9vbSb9yc311L3H9k4wPPJXna9o586'),
(47, 'XdGCejqrlB64j8uPwpNResqf9fx5ZACYREWR1NTI', 1371947284, '2Kv9vbSb9yc311L3H9k4wPPJXna9o586'),
(48, '7ctZbOynSUeM3hdPWH1s9h4yewq1XAMlVIpL03mu', 1371948337, '2Kv9vbSb9yc311L3H9k4wPPJXna9o586'),
(49, '6ajbkkbKn00icEsKG6RiEC2tpJHiiq6HxcTuI1xO', 1371965769, '2Kv9vbSb9yc311L3H9k4wPPJXna9o586'),
(50, 'fa79o3wbWwirDuH3fICLebZPFl0Nyn5WbDsSYXP1', 1372014647, '2Kv9vbSb9yc311L3H9k4wPPJXna9o586'),
(51, '6pMCPiXhYcaFCM3WuuPxab8fkNguQY20Z0vGoXaq', 1372030655, '2Kv9vbSb9yc311L3H9k4wPPJXna9o586'),
(52, 'rjGThhM7yZDaYIqgJNRHCNmDH7OpuBRJtMylPplO', 1372118727, '2Kv9vbSb9yc311L3H9k4wPPJXna9o586'),
(53, 'yjzRIJ4wK2EuHGzxkl9i2hBWedlDULEKkta3QZh0', 1372121747, '2Kv9vbSb9yc311L3H9k4wPPJXna9o586'),
(54, 'y6GwtnSbQNCaXYFHMBWG94Ot9vBnMPdQZ1FajqYK', 1372132998, '2Kv9vbSb9yc311L3H9k4wPPJXna9o586'),
(55, 'JpsQdIdWH4cnWewsIRvSgDjI7c8OWTm6ZPcqfkIF', 1372219574, '2Kv9vbSb9yc311L3H9k4wPPJXna9o586'),
(56, 'asNhD7nbGFQ3ar5VLiZoFHbAOZ0b04PwRyasRSit', 1372225230, '2Kv9vbSb9yc311L3H9k4wPPJXna9o586'),
(57, 'ouVBKsqAGZRc5jQRiAJJLQbe2HYdqFxbgYn2heiY', 1372273344, '2Kv9vbSb9yc311L3H9k4wPPJXna9o586'),
(58, '2fJ10o4obyKUMccoPvFRY75hxEmgTPJaM2HNgLe5', 1372275121, '2Kv9vbSb9yc311L3H9k4wPPJXna9o586'),
(59, 'TssSNWzuAz0rCK2lGbO2m3VKuUQXuO7yKddXzP0F', 1372291698, '2Kv9vbSb9yc311L3H9k4wPPJXna9o586'),
(60, 'mqfW54md3YGEGFxS6pgEnVeHZL4n1LRTCA8MY6s1', 1372296790, '2Kv9vbSb9yc311L3H9k4wPPJXna9o586'),
(61, 'Or9e1u343KJvqdNLzYG0nnJxbzXd7YcUKNjXFBrp', 1372300548, '2Kv9vbSb9yc311L3H9k4wPPJXna9o586'),
(62, 'q01IxsrPd9yrITthcA0EKKeYrE6DmFwJ9t2OmKs5', 1372306389, '2Kv9vbSb9yc311L3H9k4wPPJXna9o586'),
(63, 'vY7pZtMreR0d3ferRzMy95B4h5kAJf1UzcAvzecs', 1372312305, '2Kv9vbSb9yc311L3H9k4wPPJXna9o586'),
(64, '9glGHIJ4NQzIw87emLmolLZk3m5DNv2RhphpHUno', 1372372653, '2Kv9vbSb9yc311L3H9k4wPPJXna9o586'),
(65, 'rItTAI8Z7GlVl0fd6wA8NQB8HGthiSFlpyqFri9S', 1372377774, '2Kv9vbSb9yc311L3H9k4wPPJXna9o586'),
(66, 'NXTynxoVBdBeiPReWBnavbLznZPK42EMjNFjJ18y', 1372383984, '2Kv9vbSb9yc311L3H9k4wPPJXna9o586'),
(67, 'P2B6w0sC6Xr4vDi4aekFNc5vQojB7kLMqypwamxD', 1372387733, '2Kv9vbSb9yc311L3H9k4wPPJXna9o586'),
(68, 'nP3LoCSfAbzSDZh9Yr6UCQUaP4Qhu4aNY5h5ps3c', 1372430753, '2Kv9vbSb9yc311L3H9k4wPPJXna9o586'),
(69, 'uvYeEaLlram5ylVxzpRA9y9zkCxKIuoyYs5ok8JR', 1372432476, '2Kv9vbSb9yc311L3H9k4wPPJXna9o586'),
(70, 'Yu1KAz1hv4WoGln86QnAc0XGPUKWb4qAD6jmieuW', 1372433023, '2Kv9vbSb9yc311L3H9k4wPPJXna9o586'),
(71, '2bfnJCCkJYTRh99ys8loAeOcvG3L6fidbgq7Ve4S', 1372433237, '2Kv9vbSb9yc311L3H9k4wPPJXna9o586'),
(72, 'Ne50llTELd4fJ8IihOHIp6qXnu8RtYZXQg2hsny7', 1372433686, '2Kv9vbSb9yc311L3H9k4wPPJXna9o586'),
(73, 'WdRvd0BC2jMDzsGteTzkcbGKuih6WASV01acureN', 1372434072, '2Kv9vbSb9yc311L3H9k4wPPJXna9o586'),
(74, 'o7QUvPzeMIIjhUXeuyiuci32afy2khzuOjNqXIyO', 1372434085, '2Kv9vbSb9yc311L3H9k4wPPJXna9o586'),
(75, '9meS2JqUoR1HTXdPHwFysa2iwGxUXKfLAsctkXd4', 1372434103, '2Kv9vbSb9yc311L3H9k4wPPJXna9o586'),
(76, 'cXlNuxUeiA5l0m1J5AzMzfUEmmiNMRxJgMxYG0b8', 1372434141, '2Kv9vbSb9yc311L3H9k4wPPJXna9o586'),
(77, 'hZ8Hs8CjCsIBqRblt8piClGEiUaJFao9ta3eLeeo', 1372434903, '2Kv9vbSb9yc311L3H9k4wPPJXna9o586'),
(78, 'pC5NuQoSbEF33wBIgVyFExVhbAReqVstD7lrmw8z', 1372439140, '2Kv9vbSb9yc311L3H9k4wPPJXna9o586'),
(79, 'roWI2V6jVQuf9KOpkSSPjbcaagJdLgX8DG11D0ve', 1372449186, '2Kv9vbSb9yc311L3H9k4wPPJXna9o586'),
(80, 'NMogZ6o2tG9C3O4qSbVl8THwqjw2dpjvd1XX4spO', 1372519433, '2Kv9vbSb9yc311L3H9k4wPPJXna9o586'),
(81, 'jj2jtmWcMsSmmb5jRWetrPoPsjjY1jJibHri5wok', 1372523637, '2Kv9vbSb9yc311L3H9k4wPPJXna9o586'),
(82, 'hk3enUL88SXglvoVXhOCo0bi3eFJqUkvEfkfySDB', 1372538331, '2Kv9vbSb9yc311L3H9k4wPPJXna9o586'),
(83, 'M1IGOqFTpUzHB08s8ZJQorjQEzdsC938LLwp6TgP', 1372542836, '2Kv9vbSb9yc311L3H9k4wPPJXna9o586'),
(84, 'FmiINxfP2OUglfRVngjucoUd3diCzZoG0qDmyQkH', 1372547523, '2Kv9vbSb9yc311L3H9k4wPPJXna9o586'),
(85, 'i6JYtVOQteXOTVckN0xAM2ZE4TjgtKbj6xi00xrW', 1372639552, '2Kv9vbSb9yc311L3H9k4wPPJXna9o586'),
(86, 'vNMDR2QEQqTomunCoB8dvusQgxdgfGw1WhDBCLv4', 1372643236, '2Kv9vbSb9yc311L3H9k4wPPJXna9o586'),
(87, 'zJwU8zIsusnebSvrteUplR5pMLP8xh7i2XMG6CUV', 1372694027, '2Kv9vbSb9yc311L3H9k4wPPJXna9o586'),
(88, '5Qz8dGgUIaShTrNeC2vXkPUznpF9NiYIgyeWvIfN', 1372698100, '2Kv9vbSb9yc311L3H9k4wPPJXna9o586'),
(89, 'MNSltnNICG08FUtIHt0QlkA1Anl7qg1SYlf8Tl1H', 1372702821, '2Kv9vbSb9yc311L3H9k4wPPJXna9o586'),
(90, 'LFHDQz5OPSKp3hM7clXTzeCnxGtxMwoaz8n23S2w', 1372705224, '2Kv9vbSb9yc311L3H9k4wPPJXna9o586'),
(91, 'D4wjAoHxkRbVaCAOxhHs6zOi5YQUx9HuNdxEtyuy', 1372967995, '2Kv9vbSb9yc311L3H9k4wPPJXna9o586'),
(92, 'KW1Rci8b8BBw1CJ8JeR6IRu2VobTTiH6eBr5Ddpb', 1373042048, '2Kv9vbSb9yc311L3H9k4wPPJXna9o586'),
(93, 'RleOCfu63gE0Rxk4OPclOvpThEwVHcQgMp1m1VI6', 1373043144, '2Kv9vbSb9yc311L3H9k4wPPJXna9o586'),
(94, 'YluZ5rQF8YoyZ9JJrV2LRxwGUvcYjNWL6I7XBVdd', 1373046959, '2Kv9vbSb9yc311L3H9k4wPPJXna9o586'),
(95, 'vmkTqm98qPK98fvtZJCnNbDw9FVVRmWimmcCXL0A', 1373051075, '2Kv9vbSb9yc311L3H9k4wPPJXna9o586'),
(96, 'NTKzKVOtfwVbCGJ1UG1mqerVqNmetOsKl0YvrQrP', 1373071092, '2Kv9vbSb9yc311L3H9k4wPPJXna9o586'),
(97, 'tFQ0AQDG3n7WfHZPP8rQMVJeFXBianOoExX5wCsl', 1373074954, '2Kv9vbSb9yc311L3H9k4wPPJXna9o586'),
(98, '0BiTUjWvO3vUite9tPp8ATySTuxy1DFuDjOrPBpm', 1373128065, '2Kv9vbSb9yc311L3H9k4wPPJXna9o586'),
(99, 'jLkEn1hlcrJYoRFmSfJu5ld8Rl9ry9DESSWys3bi', 1373131863, '2Kv9vbSb9yc311L3H9k4wPPJXna9o586'),
(100, 'Es295Yessy9hwnw8XDezVXj7iNah3pUtkr1oe4N8', 1373135542, '2Kv9vbSb9yc311L3H9k4wPPJXna9o586'),
(101, 'ZwRLSJLrvXK15chYouujxKhffoh3YrJV6RqRmZ5A', 1373151306, '2Kv9vbSb9yc311L3H9k4wPPJXna9o586'),
(102, 'CHfuFik27dQnW4IBeKRjdyG4n9y3rCVrf4eE1gnc', 1373215706, '2Kv9vbSb9yc311L3H9k4wPPJXna9o586'),
(103, 'r2iBgxPhFHsgRCFDrEOAWbZKKpOMsPmEY047GCZ9', 1373219339, '2Kv9vbSb9yc311L3H9k4wPPJXna9o586'),
(104, 'pJwAKakpEtSsMe8ukKJufBCfvrTxS3PWDHEVz0Xh', 1373222982, '2Kv9vbSb9yc311L3H9k4wPPJXna9o586'),
(105, '1QAMZOdNEjsDe7r8meyk2WCIoKOgsRNnD1bw5h8t', 1373228818, '2Kv9vbSb9yc311L3H9k4wPPJXna9o586'),
(106, 'Ncorc7ByCXhbdGUPYikxmSboEz7qaO2THBK0Y6yr', 1373319093, '2Kv9vbSb9yc311L3H9k4wPPJXna9o586'),
(107, 'jikPiUIYKmLDzWxR071ZWeL1o07RrmEqKv670vJ2', 1373334935, '2Kv9vbSb9yc311L3H9k4wPPJXna9o586'),
(108, 'SYX9BFl3nTjGhY70mpy7wDn7nanb3fP2zlPtPZct', 1373434794, '2Kv9vbSb9yc311L3H9k4wPPJXna9o586'),
(109, 'wF06s9D8XO2eUeuzUAXVODOzvgkN1XbslWH64xgD', 1373504108, '2Kv9vbSb9yc311L3H9k4wPPJXna9o586'),
(110, 'sXNzkouZr5SK0w9MnK63FCAtWq4exGtBJFOB5xqa', 1373586527, '2Kv9vbSb9yc311L3H9k4wPPJXna9o586'),
(111, 'XVRNsc3OOD5b8h9mNyjEIMipdlP1rvJrfDiRTPKe', 1373595336, '2Kv9vbSb9yc311L3H9k4wPPJXna9o586'),
(112, 'oTR9T4DUuJd2To9E9brSIJKDsWkRJdGRyukaKPTi', 1373664593, '2Kv9vbSb9yc311L3H9k4wPPJXna9o586'),
(113, '0DGoC2Tl2NC2IDerdqWcjo9iIHL0S62GisLqsN4g', 1373680557, '2Kv9vbSb9yc311L3H9k4wPPJXna9o586'),
(114, 'U0YBO8PkcHJ24rJWoReaPDtnruFyr0yMMpoHsVHz', 1373684318, '2Kv9vbSb9yc311L3H9k4wPPJXna9o586'),
(115, 'xRifhbmJVAxIFeDEFL3SKcJ6onV1R6xBOwTg5Qlp', 1373699537, '2Kv9vbSb9yc311L3H9k4wPPJXna9o586'),
(116, '2sieEJaCkz3fw9YHIu9WAixh8urJPobHhzFrARP6', 1373734670, '2Kv9vbSb9yc311L3H9k4wPPJXna9o586'),
(117, 'PaZhPwTf5hLJNHvZ371JhBjxumBFYWnuhldo8MI8', 1373737916, '2Kv9vbSb9yc311L3H9k4wPPJXna9o586'),
(118, 'P40K3sHHsaREnIHdz2fae7LrWRnelxPvVgCtRQvj', 1373738507, '2Kv9vbSb9yc311L3H9k4wPPJXna9o586'),
(119, 'oDUVbEnVAYtOAQszMhkH8ZLd9gBgMnkLwnUxrgdQ', 1373755944, '2Kv9vbSb9yc311L3H9k4wPPJXna9o586'),
(120, 'eubsXpTWm4F6XLIu6Stae4YJMAhbwU8P2xi2wzIa', 1373760010, '2Kv9vbSb9yc311L3H9k4wPPJXna9o586'),
(121, 'KqH95ery7amuBWUekgv9KSzr8hpNXOLuCHV4Lc4c', 1373763717, '2Kv9vbSb9yc311L3H9k4wPPJXna9o586'),
(122, 'RUh76XYrD9fawSzY7heSJSePGfvpWWpO1HQG8fMf', 1373767412, '2Kv9vbSb9yc311L3H9k4wPPJXna9o586'),
(123, 'ssCWkNIs7Xjrix43srnPHJk8lSeFixMqDhBkq0Bp', 1373772964, '2Kv9vbSb9yc311L3H9k4wPPJXna9o586'),
(124, 'XBqY9fmREbhYlDM3IPUBiy0CSwYU5nyDXhXGQtkk', 1373833328, '2Kv9vbSb9yc311L3H9k4wPPJXna9o586'),
(125, 'd0FVhcgM06je2QQvUkMiJk0fSOkg8quet8vVH6HO', 1374033789, '2Kv9vbSb9yc311L3H9k4wPPJXna9o586'),
(126, 'qaVoQR5ajq3cWdiCYUsFXsTB988LbWAsDqzB2TSF', 1374041716, '2Kv9vbSb9yc311L3H9k4wPPJXna9o586'),
(127, 'eR8R4v6fWT7KxncZdwMNXU1DFfFzGSqjj63Ari98', 1374120496, '2Kv9vbSb9yc311L3H9k4wPPJXna9o586'),
(128, 'Ce4UOb9pyaBpnGPNNNiLUJPvcwJ8bLbUNJxF2yFN', 1374198954, '2Kv9vbSb9yc311L3H9k4wPPJXna9o586'),
(129, 'U3s6SisE6NVrExXKOBZqh0B1KcMANllNWYKt4EEU', 1374352762, '2Kv9vbSb9yc311L3H9k4wPPJXna9o586'),
(130, '3gi3raNYMxYWvYYQuIAHDxox63O8uin0K3fD9KjL', 1374356439, '2Kv9vbSb9yc311L3H9k4wPPJXna9o586'),
(131, 'cD505fa61PF81IlBNBXISCFu2XbwaTdtg0BDDZCi', 1374360096, '2Kv9vbSb9yc311L3H9k4wPPJXna9o586'),
(132, '9RiWDFOmDQ84g3ECNmKGlEAdl1ONVyCEX1KwPm8p', 1374363813, '2Kv9vbSb9yc311L3H9k4wPPJXna9o586'),
(133, 'MFroEvflvuoeLk9uoB0WouLVHi2KDzztlxUOhxfk', 1374369481, '2Kv9vbSb9yc311L3H9k4wPPJXna9o586'),
(134, 'aIbkzR21ok0m0K2vbWvWcgdaY0skrM3JiMolgMR8', 1374544781, '2Kv9vbSb9yc311L3H9k4wPPJXna9o586'),
(135, 'wsFLWogYbDjyMGsPbY1nRAu8tE0jzvFJYPz8hqtj', 1374548450, '2Kv9vbSb9yc311L3H9k4wPPJXna9o586'),
(136, '8EvfIbkNhOdOsqmK1uPcSdVRVN9OQsjVXLVH0ifd', 1374561454, '2Kv9vbSb9yc311L3H9k4wPPJXna9o586'),
(137, 'xM5LS74rVGDFjUTCMi5dX8qCsbLtY6bxkYA1f6P6', 1374611126, '2Kv9vbSb9yc311L3H9k4wPPJXna9o586'),
(138, 'xSTNZ2YmcyXH7JOs50k5rKNytFrk0p7BQ865sA3H', 1374614739, '2Kv9vbSb9yc311L3H9k4wPPJXna9o586'),
(139, 'FViiORVx6xxrSoeUotv6XLqGEuhr6trRbBFpto8T', 1374621187, '2Kv9vbSb9yc311L3H9k4wPPJXna9o586'),
(140, 'CLVA2IcLRMYIaH5EXDsqhuLZZHTkl9m2qjF8Vj94', 1374631056, '2Kv9vbSb9yc311L3H9k4wPPJXna9o586'),
(141, 'RxQlXkN3H0oyAULGyDHJTtBZfZ3JCAGxhnNL6K7R', 1374729085, '2Kv9vbSb9yc311L3H9k4wPPJXna9o586'),
(142, '4HzJ6rTzlsI6OMbu7NH6qLpUC2vOdSpBwnSqp040', 1374732753, '2Kv9vbSb9yc311L3H9k4wPPJXna9o586'),
(143, 'rQLdSdxW6bhKE4a2rKBL6JK4b0iEasmdC8x47WQB', 1374781626, '2Kv9vbSb9yc311L3H9k4wPPJXna9o586'),
(144, 'UKSfktdKTVXG4MvhGezUAT5i8DPXC71o0XHM0rVr', 1374890573, '2Kv9vbSb9yc311L3H9k4wPPJXna9o586'),
(145, 'ksDqcG320TUoGGtv0AfoCYuXAMOdoLErLo3NDyj4', 1374910450, '2Kv9vbSb9yc311L3H9k4wPPJXna9o586'),
(146, 'HdqkzJKTwe6r757ZIgCY9GzDDA78G8BGvoBmGbii', 1374943871, '2Kv9vbSb9yc311L3H9k4wPPJXna9o586'),
(147, 'wDTDPVYYM2wFJfE4Ye1UAqqzxlosgIFxw6Im0g0w', 1374949086, '2Kv9vbSb9yc311L3H9k4wPPJXna9o586'),
(148, 'Upr3O49Fs7SQc7GqvFBuP9l1hZ7DNRNViuwm0U6T', 1374972800, '2Kv9vbSb9yc311L3H9k4wPPJXna9o586'),
(149, '9M3TUn5SrUfP20rj1nGfGC9A9croJOdCZXnEMtsK', 1374977393, '2Kv9vbSb9yc311L3H9k4wPPJXna9o586'),
(150, 'dW5Uhv3yVRgdkNW3O2GjJcNMR4mY70gd3G7fT3U5', 1374981067, '2Kv9vbSb9yc311L3H9k4wPPJXna9o586'),
(151, '2ARrIRaOt0xKDbzpAxt132kaoXYFGve8dl0XwByH', 1375042101, '2Kv9vbSb9yc311L3H9k4wPPJXna9o586'),
(152, 'zj1REepejpkYm4BIPqK83RSTh4llyyaqBj9gb0bg', 1375046051, '2Kv9vbSb9yc311L3H9k4wPPJXna9o586'),
(153, 'Wr17lic1z7tpKjq40GJdLjat9U9do6nsu4LTJw4o', 1375058672, '2Kv9vbSb9yc311L3H9k4wPPJXna9o586'),
(154, 'gs71P7Cgyuk1Dy8upbRUjg6LgkIkvAkUjM2mCm6U', 1375148608, '2Kv9vbSb9yc311L3H9k4wPPJXna9o586'),
(155, 'asfgBFruy2ZL5uf1EogsNpYqhC4bbn9lJD9EpAIH', 1375157390, '2Kv9vbSb9yc311L3H9k4wPPJXna9o586'),
(156, 'OAC0OimYfm9GFUkAScRnGR2P6VNcWCyi4x0ioiT4', 1375161118, '2Kv9vbSb9yc311L3H9k4wPPJXna9o586'),
(157, 'Z1duaUnW0rqELijmomm9bQk0It78EexscwWX6w8x', 1375164830, '2Kv9vbSb9yc311L3H9k4wPPJXna9o586'),
(158, 'X8SMVeKyYppMUXkiFGsgHj8Ki9QugAQS00WS4llx', 1375235017, '2Kv9vbSb9yc311L3H9k4wPPJXna9o586'),
(159, 'FVWamUhUqOcQLz4SqkpokwM8Sv5pPWmPrgGkwO7V', 1375243172, '2Kv9vbSb9yc311L3H9k4wPPJXna9o586'),
(160, 'KuN9ah7TTpSgbtgWjKKJ8QSvuIc44n278l2YCERq', 1375245854, '2Kv9vbSb9yc311L3H9k4wPPJXna9o586'),
(161, 'jqNBizDBu1xh2my9b0o9Q5a8Ov0M5ABPhisY1MrS', 1375248203, '2Kv9vbSb9yc311L3H9k4wPPJXna9o586'),
(162, 'BwovL1nBqwJTbwegPXm6aleaECPVtiiCFMTrKIVr', 1375254363, '2Kv9vbSb9yc311L3H9k4wPPJXna9o586'),
(163, 'i8bN8sTUDT3b9gHaZndnX5omprREjkjaP13CtH9S', 1375571677, '2Kv9vbSb9yc311L3H9k4wPPJXna9o586'),
(164, 'czMY9ptYauQgRCcqXWvrWcEJbMwUjmv8h8ekY87k', 1375575493, '2Kv9vbSb9yc311L3H9k4wPPJXna9o586'),
(165, 'nH9ErPCFg0SNY6fa58t2CwhiJb692Xcrwi2aWtLg', 1375594224, '2Kv9vbSb9yc311L3H9k4wPPJXna9o586'),
(166, 'kVHsQIWiE3gTUgPfrOIbexfHC1r782crvyf4wvFb', 1375601835, '2Kv9vbSb9yc311L3H9k4wPPJXna9o586'),
(167, 'RqaZ92OYBTLzcGP6CWzVRvzyo6bWhUcucAtkce5r', 1375643156, '2Kv9vbSb9yc311L3H9k4wPPJXna9o586'),
(168, 'UxNRxTOqUvvWOroRsgNk4B4hL9kZMIEFnNDjTBmQ', 1375646799, '2Kv9vbSb9yc311L3H9k4wPPJXna9o586'),
(169, 'nPu0ZFf4NdOITqK3sYGXKyIiukqg2QCBIn26J6S1', 1375674471, '2Kv9vbSb9yc311L3H9k4wPPJXna9o586'),
(170, 'qF4LLUbAmkYGemiUSJqj0BY5NAND5nY8t7jNlPro', 1375681990, '2Kv9vbSb9yc311L3H9k4wPPJXna9o586'),
(171, 'W6pbupVSfWL2U3WEzAPv82p4fnuLQLTiRE13OUMV', 1375753347, '2Kv9vbSb9yc311L3H9k4wPPJXna9o586'),
(172, 'PiSnyoN4xjYiZv63ipZXb8UmwuEiY9dAxLKgLf8b', 1375757293, '2Kv9vbSb9yc311L3H9k4wPPJXna9o586'),
(173, 'gSmhLOdwEJRKNxkbG72sGUskiE40OS8CqCLR1zcK', 1375760947, '2Kv9vbSb9yc311L3H9k4wPPJXna9o586'),
(174, 'VdFzifEfJ6do9fPa6nivn5rNdnLtSIKhzi0HGjSO', 1375822176, '2Kv9vbSb9yc311L3H9k4wPPJXna9o586'),
(175, 'SXbrWxZ6SsETh0KbCdct1ZjF8Hec5QKVjVkPDyjD', 1375842064, '2Kv9vbSb9yc311L3H9k4wPPJXna9o586'),
(176, 'NxqYSgt09hK7yoDINKMjBOVjGLwo4jCmnrVAOuzP', 1375848655, '2Kv9vbSb9yc311L3H9k4wPPJXna9o586'),
(177, 'bCk8dldgCC07EnYRNg5cFbZGVoelaShdgOTUqTjf', 1375852333, '2Kv9vbSb9yc311L3H9k4wPPJXna9o586'),
(178, 'kXZ7wicQxJaEYHBXpMpH9kMt0VLeSc9MxuonHDMR', 1375859050, '2Kv9vbSb9yc311L3H9k4wPPJXna9o586'),
(179, 'DZ7crU8Aq1dFyPSLN0xvzaeTMnz3zZvkDvtYLpEi', 1375938843, '2Kv9vbSb9yc311L3H9k4wPPJXna9o586'),
(180, 'ilfMFzu6MLemPlMY5Tw1teAcYgch2mcwJ07VrUI5', 1375942622, '2Kv9vbSb9yc311L3H9k4wPPJXna9o586'),
(181, '2B4tMBZ9y8BN94Ji07S7gjaMA6OsR4nLlbzTixa5', 1376015113, '2Kv9vbSb9yc311L3H9k4wPPJXna9o586'),
(182, 'f3njVmPcIXz6z2T7DRTMG9Dw3L9tEjHgaV1NBYUj', 1376021094, '2Kv9vbSb9yc311L3H9k4wPPJXna9o586'),
(183, 'SmHxK2rL38OoxqgdLjQ4kxWNtIa9FiXK0VDYFigP', 1376024951, '2Kv9vbSb9yc311L3H9k4wPPJXna9o586'),
(184, 'mOcPe5kiFysQodga6Cje90sfGmag8FP4aOAL9haO', 1376028742, '2Kv9vbSb9yc311L3H9k4wPPJXna9o586'),
(185, '7eE3RPxSGT8M2aDgLrH8ScJZInnyA1xIollDhj8K', 1376083558, '2Kv9vbSb9yc311L3H9k4wPPJXna9o586'),
(186, 'twaHo1mr8pcvpPiUmKWW5FcwkGgW5DGIbVGW3azJ', 1376087226, '2Kv9vbSb9yc311L3H9k4wPPJXna9o586'),
(187, 'OKpEEXx06Ym4CEXzJgIIKC2WuCHdWEsLvpgsA4ht', 1376099519, '2Kv9vbSb9yc311L3H9k4wPPJXna9o586'),
(188, 'Brtg6pxRhFGodB6jicQUgl1uNoQRQzKLbgQGvB3K', 1376103149, '2Kv9vbSb9yc311L3H9k4wPPJXna9o586'),
(189, '0auWBDxPIOhsMQwbUvC1yN35NeX0rPLBwyALjT01', 1376107442, '2Kv9vbSb9yc311L3H9k4wPPJXna9o586'),
(190, 'RgJHd9J9xSkxYXAKCQGBiw0Q822j8JksZHhcdNmM', 1376159652, '2Kv9vbSb9yc311L3H9k4wPPJXna9o586'),
(191, 'tE3cx48Xf0ITbiJTCZ8ASPzZIdwbh1QUELcEdiEh', 1376167324, '2Kv9vbSb9yc311L3H9k4wPPJXna9o586'),
(192, 'sAbkjLfZlh7Okz9Z3KPC67RowvH9Xog0JBZI8zc4', 1376179386, '2Kv9vbSb9yc311L3H9k4wPPJXna9o586'),
(193, 'AGVReP7EoQ57pcAXEVUMbnmsgajXkHq5oS8WfbwI', 1376183218, '2Kv9vbSb9yc311L3H9k4wPPJXna9o586'),
(194, 'RfkAQwjNm7XpgWX1M0ScLFpgYcGezQ3dxD2KLKsX', 1376187374, '2Kv9vbSb9yc311L3H9k4wPPJXna9o586'),
(195, 'Bq6i1EmSZnnYIbCufZnRbWoyMvjUYmnOwzcMrTx7', 1376235792, '2Kv9vbSb9yc311L3H9k4wPPJXna9o586'),
(196, 'pL2YwDVh6tgzt1OLgXutl5vmE3ZfKFtmiv5Jb8lv', 1376240162, '2Kv9vbSb9yc311L3H9k4wPPJXna9o586'),
(197, 'MQyooF0fvtjZIJ2rzJtJixjJQQMSn6bWsnMFeL9l', 1376359594, '2Kv9vbSb9yc311L3H9k4wPPJXna9o586'),
(198, 'o2nYztK1fY6k1s1OEpphfPWcCTW4tf9YK7M9Lv4V', 1376367216, '2Kv9vbSb9yc311L3H9k4wPPJXna9o586'),
(199, 'txVJAEhoJ1YA3rvHmvcsG8ImIc36lQSgbBjVYtkN', 1376448308, '2Kv9vbSb9yc311L3H9k4wPPJXna9o586'),
(200, 'S5khaGdbnIbOvd7DwgZWuEkMAuZCt2ECZh1eI3Bt', 1376456060, '2Kv9vbSb9yc311L3H9k4wPPJXna9o586'),
(201, 'GFjKfufxJvmS5e5SVo22RstK99lTp0lcgxkbxKrB', 1376461536, '2Kv9vbSb9yc311L3H9k4wPPJXna9o586'),
(202, 'Si5XxmEJADXAEVePbgsYMTPn9j5jjCT0lUlN07GE', 1376542568, '2Kv9vbSb9yc311L3H9k4wPPJXna9o586'),
(203, '5ZqRmN3Es2iUXqoJpJPYFLd1gZhBtDQgyNMoFHLu', 1376599929, '2Kv9vbSb9yc311L3H9k4wPPJXna9o586'),
(204, 'pHE2E7DXS8kFcRrvAxi830TPZBmnQysQ2nlQy5Lk', 1376706910, '2Kv9vbSb9yc311L3H9k4wPPJXna9o586'),
(205, 'sx9ChLsyqT1LlUI3YAfAi6xl8plCFX7THdXdTCyC', 1376756178, '2Kv9vbSb9yc311L3H9k4wPPJXna9o586'),
(206, 'mYRLeza9zvbXGJeW7ktYDv55NSaBikP793OZR6qR', 1376759800, '2Kv9vbSb9yc311L3H9k4wPPJXna9o586'),
(207, '1Zc6NTq8gG6r4U2pFz0XPJndYJi5jPcDM4hRGmBU', 1376767101, '2Kv9vbSb9yc311L3H9k4wPPJXna9o586'),
(208, 'HGlpuFFcuvtFSfX2DKECNEsxq6xiQ4MUk5Fth5Yo', 1376771441, '2Kv9vbSb9yc311L3H9k4wPPJXna9o586'),
(209, 'PahO7Kx3UWcn8nCobkufJx905ukZMh9kp3CziTUE', 1376779477, '2Kv9vbSb9yc311L3H9k4wPPJXna9o586'),
(210, 'qS3CJotr4cqHEmvEQ00Auwd6gjKLKGu5ZAL12eM3', 1376783328, '2Kv9vbSb9yc311L3H9k4wPPJXna9o586'),
(211, '1Nc5dBycCywHgqms09A7Mn0bE1TchbCFZh1Uvazi', 1376787430, '2Kv9vbSb9yc311L3H9k4wPPJXna9o586'),
(212, 'MdYyOZLrFVTr6fYE0OBCj1ddyF50VivbetoLnUmb', 1376844780, '2Kv9vbSb9yc311L3H9k4wPPJXna9o586'),
(213, 'gjHJmWD1NdPYoGxCB3LBHrddkaw4qwbJGZYXOhad', 1376848648, '2Kv9vbSb9yc311L3H9k4wPPJXna9o586'),
(214, 'nEpAoUcvz6YO8HNQxv9TT4nu8SD47JnxPQhCnDPP', 1376852769, '2Kv9vbSb9yc311L3H9k4wPPJXna9o586'),
(215, 'i7Zkk5Dsba1iFJ0P2lXzLmAdC45K72qdGLq9d8OM', 1376857127, '2Kv9vbSb9yc311L3H9k4wPPJXna9o586'),
(216, 'yWKI2YLwJaIJTzYL4XpfJa5gFzctIh9hfhAHVcHy', 1376862764, '2Kv9vbSb9yc311L3H9k4wPPJXna9o586'),
(217, 'B8OlH5YA4N53qiDgVSKLBi5L5B4st67xCmLm6CVX', 1376968471, '2Kv9vbSb9yc311L3H9k4wPPJXna9o586'),
(218, 'hmhiIsZd7DTOAFcCIUcmk2ZK4ywkxcPhCI09oHE0', 1376974293, '2Kv9vbSb9yc311L3H9k4wPPJXna9o586'),
(219, 'a3wJaVTFoMVeRbIuH2MU5nXOqFuoGHUn0xXD2cen', 1376978072, '2Kv9vbSb9yc311L3H9k4wPPJXna9o586'),
(220, 'K109GhRYT5Hy68DmHAEXfKnjmbUv1uvtrEH1QFH8', 1377051768, '2Kv9vbSb9yc311L3H9k4wPPJXna9o586'),
(221, 'xEQ0RILHWjZRBcLgMKbLgr0zvMO8BgysSjqatI3T', 1377137507, '2Kv9vbSb9yc311L3H9k4wPPJXna9o586'),
(222, 'ePKUsxjkSBZy3kqRWekiA48VUTNybjXXMFWQHTkG', 1377222184, '2Kv9vbSb9yc311L3H9k4wPPJXna9o586'),
(223, 'cVXFkoP7viq9h74UcjypTW6ODDj1p2gRGPLxVVXx', 1377294005, '2Kv9vbSb9yc311L3H9k4wPPJXna9o586'),
(224, 'Rv7l1qFETAE514D7IbcVyniIYNnBWwVk3P8tbPdh', 1377308668, '2Kv9vbSb9yc311L3H9k4wPPJXna9o586'),
(225, 'HDjxhn0FlTByy1Nde6rliwLb9SDEpkB6Z56JcUVI', 1377312421, '2Kv9vbSb9yc311L3H9k4wPPJXna9o586'),
(226, 'wTPX1mme7lVHiuL7aUethJoIIanPcZjVhbx8oyDP', 1377316335, '2Kv9vbSb9yc311L3H9k4wPPJXna9o586'),
(227, '1abOKk8MwUOtNWC0qE22Kt1jsckZaTaFrJUtcR9h', 1377364123, '2Kv9vbSb9yc311L3H9k4wPPJXna9o586'),
(228, 'TgrAecgnalVtVPVUsWJSh9nj7qSqE2YvGBB90rzR', 1377376456, '2Kv9vbSb9yc311L3H9k4wPPJXna9o586'),
(229, '8VYyVpuWRljJPzCk9FzSG4hbP0UOPZWXpsvXJewY', 1377381787, '2Kv9vbSb9yc311L3H9k4wPPJXna9o586'),
(230, 'djXcnQPaUUlr98f0iCd11fhDeOQsYge09DxrgtiO', 1377385489, '2Kv9vbSb9yc311L3H9k4wPPJXna9o586'),
(231, 'lMwNzNbSBOgMUZbxLzBZ1KZUpgwKqDj4S2a46BED', 1377389658, '2Kv9vbSb9yc311L3H9k4wPPJXna9o586'),
(232, '7oxczdqzQ8h0VaPgHVc8fkR73rhE13xnXtArn3YT', 1377396552, '2Kv9vbSb9yc311L3H9k4wPPJXna9o586'),
(233, 'lzEVARObBg31BH5oeZeux7P6ahkRLTfcHEJwCVL3', 1377400346, '2Kv9vbSb9yc311L3H9k4wPPJXna9o586'),
(234, 'VmO7OORWvXN8kOj7pr0qWuDZp7Hzt0dBo2R5eAZH', 1377448330, '2Kv9vbSb9yc311L3H9k4wPPJXna9o586'),
(235, 'ZmLrXiEAymmL5i3LrUMZDaO3N7eDn1iSag8y3TsT', 1377451963, '2Kv9vbSb9yc311L3H9k4wPPJXna9o586'),
(236, 'hHA6djkgkdFbcOhv7ebjBXg0cGSCjfuaGwQBAFRj', 1377580343, '2Kv9vbSb9yc311L3H9k4wPPJXna9o586'),
(237, 'jW2MuPrd8HmlOsv1wJEeLKJ3aBlWo8KywtVfHGV2', 1377585388, '2Kv9vbSb9yc311L3H9k4wPPJXna9o586'),
(238, 's3QmSZaAFlUVs16PQU4s6EaGWdG8nLjcw0tFXGo8', 1377664078, '2Kv9vbSb9yc311L3H9k4wPPJXna9o586'),
(239, 'HYnif0XL5wiPdDNUuaAxneRdlReVyoCJGbIE26PA', 1377664927, '2Kv9vbSb9yc311L3H9k4wPPJXna9o586'),
(240, '4yovWPZXSTlk3idxImLjmwoT0MHJ3jxpvBvnwdg0', 1377671776, '2Kv9vbSb9yc311L3H9k4wPPJXna9o586'),
(241, 'h7oU3JkIFg6P4Jzy6mH5vBwPXza1Vyg6zMV8d1oj', 1377741018, '2Kv9vbSb9yc311L3H9k4wPPJXna9o586'),
(242, 'IunF2vhNzj2nhBwm1EaJVRRNwOIBBjvYfPqrN2OA', 1377754426, '2Kv9vbSb9yc311L3H9k4wPPJXna9o586'),
(243, 'GkQW9wzDZO6oPEvAYdQ5GsdIwjrAp4xX4hTTpPLF', 1377788882, '2Kv9vbSb9yc311L3H9k4wPPJXna9o586'),
(244, 'D1gfjlNzxQh1Ls2BR4NtLl3WDaRuz0SdT4QuJt1W', 1377831942, '2Kv9vbSb9yc311L3H9k4wPPJXna9o586'),
(245, '0gs00CmWVUn6ImaI4ZMPz1OniA87iv2JiOsMLuOA', 1377838247, '2Kv9vbSb9yc311L3H9k4wPPJXna9o586'),
(246, 'EYnoDKR748M25OTC2ReuPd12Rc7yWxYLjI4xZrvk', 1377845037, '2Kv9vbSb9yc311L3H9k4wPPJXna9o586'),
(247, 'OeCnUFvTWifm97RRXNsO4tDeAdz9QoPwMFfszl23', 1377887073, '2Kv9vbSb9yc311L3H9k4wPPJXna9o586'),
(248, 'iKUgDSZ0NboGEcChifRBiiuIuIUjeYNeBScdkoXH', 1377893948, '2Kv9vbSb9yc311L3H9k4wPPJXna9o586'),
(249, 'a2rwwq6Y9V7e0Fmh5GC4S7SVMvhS5WAYfgAiFp4s', 1377897710, '2Kv9vbSb9yc311L3H9k4wPPJXna9o586'),
(250, 'Cwxirk2vfjoi1dLhjyuZ6i1d0jZwGnn801puQZhK', 1377913473, '2Kv9vbSb9yc311L3H9k4wPPJXna9o586'),
(251, 'Lp9axTeOn5Vf0Noe9C6s5nlRaLTB9GVo26reVM7z', 1377926739, '2Kv9vbSb9yc311L3H9k4wPPJXna9o586'),
(252, '56JHuRlqLv86xsp368cB86Z84tow38FvvesI08Ad', 1378145009, '2Kv9vbSb9yc311L3H9k4wPPJXna9o586'),
(253, 'NsrA6G9J5KLEWd7fYZoFptIHhyEyNOPkpFwF1TKB', 1378154786, '2Kv9vbSb9yc311L3H9k4wPPJXna9o586'),
(254, 'eqTHJA6870zv7OtMgMFFkyNCus6mzyWgjY6uzO7k', 1378155926, '2Kv9vbSb9yc311L3H9k4wPPJXna9o586'),
(255, 'SYevFo8PLTopkuDzS6hoFfEHG5sEfWcaKBhUcf61', 1378156646, '2Kv9vbSb9yc311L3H9k4wPPJXna9o586'),
(256, 'CcuJEJiqaSOyf1attUJML5rEiX80QMsEvWefX45x', 1378156894, '2Kv9vbSb9yc311L3H9k4wPPJXna9o586'),
(257, 'FPzE3HLBZWK9Rxz684ZMOUZUyp6ddJwjkE0Ysnfs', 1378160469, '2Kv9vbSb9yc311L3H9k4wPPJXna9o586'),
(258, 'JOogcgZXddBxA9YchW0RV2HY0zJIX7LWQ3nIE2vk', 1378167980, '2Kv9vbSb9yc311L3H9k4wPPJXna9o586'),
(259, 'Lp0VUokkPQPpXcM1A2clhYs1wStLYt9TBIcDFOJs', 1378168026, '2Kv9vbSb9yc311L3H9k4wPPJXna9o586'),
(260, '10A13vLt8kg0YuWNl9YX32B0mXadRu99Jsra52RP', 1378169026, '2Kv9vbSb9yc311L3H9k4wPPJXna9o586'),
(261, 'EPAVf12xiQ4SA39mBf4oXNiODQfpoSLOu16vCiHA', 1378183678, '2Kv9vbSb9yc311L3H9k4wPPJXna9o586'),
(262, 'b1RPjrRyfzxQWlVMpIWIwK7nnMfUChqKpklHr5h0', 1378185326, '2Kv9vbSb9yc311L3H9k4wPPJXna9o586'),
(263, 'bOA68nSCPy7HnT6NKqea9VcI9NlThS9DGIeNcUtQ', 1378222023, '2Kv9vbSb9yc311L3H9k4wPPJXna9o586'),
(264, '4Gn5X4rPwfu3jDIy5FucZBBEWEAxzMkHAXWG9j6B', 1378244477, '2Kv9vbSb9yc311L3H9k4wPPJXna9o586'),
(265, '1iNCqsAkV8Uiq2zm2gaMFzEAnPtvtB16qiKikQ6l', 1378247707, '2Kv9vbSb9yc311L3H9k4wPPJXna9o586'),
(266, 'cbQtez957RrQ6gKUjI8ruspXled3ZkvGw9zwMSr6', 1378247839, '2Kv9vbSb9yc311L3H9k4wPPJXna9o586'),
(267, 'nC2tZT9zZszmvhRb4zo2vi9GUHk5CmJ1F55jBM29', 1378251804, '2Kv9vbSb9yc311L3H9k4wPPJXna9o586'),
(268, 'beMUzVGOMyvJweA6M8lrTcyCYYulonp3kvz3CtJL', 1378317489, '2Kv9vbSb9yc311L3H9k4wPPJXna9o586'),
(269, 'H9FQ1QlWkQwn0Tcbm4jSqvHHllSwTtvVEgR39Mjo', 1378332928, '2Kv9vbSb9yc311L3H9k4wPPJXna9o586'),
(270, 'ApXZ5lrXp7RrMbEO7yaZ8tNrN582zO8XvkieBayH', 1378336368, '2Kv9vbSb9yc311L3H9k4wPPJXna9o586'),
(271, 'qP1NPDlcDMcKw99pjtGeH7SyNiZXxvNLjNcw5DL3', 1378396688, '2Kv9vbSb9yc311L3H9k4wPPJXna9o586'),
(272, 'wSzZQ9hKHAKHRfiTPTXwf0ShS1dTvHNrFoQXXnfw', 1378428220, '2Kv9vbSb9yc311L3H9k4wPPJXna9o586'),
(273, '7p5b5ti6DW7ZXmD8HjX2wl5RS3svYvYUkFcKAOxV', 1378495424, '2Kv9vbSb9yc311L3H9k4wPPJXna9o586'),
(274, 'ib4qCGMvItyKfiFAXJj7zUe3IQJ1wHZ5RJlCwBhA', 1378520393, '2Kv9vbSb9yc311L3H9k4wPPJXna9o586'),
(275, '4EHdPkOeWqhX3vLsUXl8WZNqiez5H7tLuCvWu3nX', 1378593611, '2Kv9vbSb9yc311L3H9k4wPPJXna9o586'),
(276, '5mfT83Bz4nAAPqwCmFI32c0yy3w65yCFstH5P7hL', 1378688350, '2Kv9vbSb9yc311L3H9k4wPPJXna9o586'),
(277, 'Jh1d46zDamlRBIWlj873w9eleNhfpAAdi3noM52v', 1378741972, '2Kv9vbSb9yc311L3H9k4wPPJXna9o586'),
(278, 'dT70YQcGDXcqhEhQqg2VwoTQfFtqypRAYpXZKhSX', 1378747620, '2Kv9vbSb9yc311L3H9k4wPPJXna9o586'),
(279, 'LFaxJgNjSNOpEGAZLyllJmAfQuguNZoeyp5x89Bv', 1378755010, '2Kv9vbSb9yc311L3H9k4wPPJXna9o586'),
(280, 'dmo3Sxv48y4DbcXW9p3uUi2O5bO6gZCJ4N6kDJrB', 1378756998, '2Kv9vbSb9yc311L3H9k4wPPJXna9o586'),
(281, 'PBj4tvaUQ2rGJ9AaIcxYflVNDUe4hExpYjFymFT1', 1378769726, '2Kv9vbSb9yc311L3H9k4wPPJXna9o586'),
(282, '0aYT3Gbr0I1DC800qQFVp6cpsn8gDLzhe9gnz5f6', 1378839346, '2Kv9vbSb9yc311L3H9k4wPPJXna9o586'),
(283, 'SAOa2nullipH2hrRRtgBvkXBcltGlKs7hJA3J2J6', 1378839670, '2Kv9vbSb9yc311L3H9k4wPPJXna9o586'),
(284, 'sfZYCY2hzWRi2GKqwjYcG5h5RqwRbzEbTbXfVSxf', 1378856745, '2Kv9vbSb9yc311L3H9k4wPPJXna9o586'),
(285, 'wsKvVXg4ZAFYudKD0ZSIGuLGwnh33mnolcqux5Di', 1378919259, '2Kv9vbSb9yc311L3H9k4wPPJXna9o586'),
(286, 'A7hrHjKmfihWSuzyegvDn86IlAPMzB7PmSgAuE9J', 1378934286, '2Kv9vbSb9yc311L3H9k4wPPJXna9o586'),
(287, 'ytY0UnPerak2CI7K1CHiYL1O0dlZ0CrOV9tHeMnX', 1378946642, '2Kv9vbSb9yc311L3H9k4wPPJXna9o586'),
(288, 'nAFnaHBrXZiKil6Z5LmftARVI8TviKpckeVxJlux', 1379011624, '2Kv9vbSb9yc311L3H9k4wPPJXna9o586'),
(289, 'UPQqT8cm1pfGTEW9Qz9zUeZdJxnjwWqKmVwBMPUj', 1379205150, '2Kv9vbSb9yc311L3H9k4wPPJXna9o586'),
(290, 'HafpzjFZob0S4SMg6cU1WMWyCvhi2gAsdYbqndUf', 1379209671, '2Kv9vbSb9yc311L3H9k4wPPJXna9o586'),
(291, 'fcNr46FAZiXZa0oInK8ybCbVIwpeZxKYntFdneiq', 1379210081, '2Kv9vbSb9yc311L3H9k4wPPJXna9o586'),
(292, 'dHrqyAKUf7008XD6ReqxNKB5I7oinoZ67Y74XHdZ', 1379212102, '2Kv9vbSb9yc311L3H9k4wPPJXna9o586'),
(293, 'qbsJmNINm9SY7z3dCddbZCzGwg1NNjpXJZRneUIV', 1379346620, '2Kv9vbSb9yc311L3H9k4wPPJXna9o586'),
(294, 'rvtlpT3L0hZVOpKel5FjD5oxa5TerY5s2dtyCHpP', 1379359179, '2Kv9vbSb9yc311L3H9k4wPPJXna9o586'),
(295, 'HdHW7qPGEiMTYQCV1a8sQJ1TlkAIZSaDdPNP5Pm5', 1379375853, '2Kv9vbSb9yc311L3H9k4wPPJXna9o586'),
(296, 'Hin96qLfLCW91hnURqU38o4E6x9UWQteDSMnPeau', 1379376435, '2Kv9vbSb9yc311L3H9k4wPPJXna9o586'),
(297, '1GOpGaxg9p1cSu4ug8GYL1Ugr8GfJpzqXBuqaoHY', 1379376711, '2Kv9vbSb9yc311L3H9k4wPPJXna9o586'),
(298, 'DQvAvPDj1axdaATgOzKq5I8arSWLincfzBCxvFox', 1379384010, '2Kv9vbSb9yc311L3H9k4wPPJXna9o586'),
(299, 'qWDACm5bM3ALEbCsHZpnwzYjGQIdbaYJt7Cvx6OW', 1379449310, '2Kv9vbSb9yc311L3H9k4wPPJXna9o586'),
(300, '37kt4gYPiHTCfnsI1rE5y5ExNizVirBn9VeYna1N', 1379455771, '2Kv9vbSb9yc311L3H9k4wPPJXna9o586'),
(301, 'EPUoQexnCyZWf4eTYuNLO3jPJktFltEwmLd7c99V', 1379459853, '2Kv9vbSb9yc311L3H9k4wPPJXna9o586'),
(302, 'ndhbln1QlxRMshKqMvvVNKT89ra97YQaY3U2pmaw', 1379515740, '2Kv9vbSb9yc311L3H9k4wPPJXna9o586'),
(303, 'YwBBsDLOAkBVHaU4WM3nM3WcQvCnMNesafiDjsPq', 1379536617, '2Kv9vbSb9yc311L3H9k4wPPJXna9o586'),
(304, 'x0a4YXrExVfCd94pFlniTwnVBnFRXqdcEdeC5mQs', 1379539441, '2Kv9vbSb9yc311L3H9k4wPPJXna9o586'),
(305, 'hLWeAlkNGvWeiU5TBVEYSGPJZE2aqIdPe1hQz29s', 1379548624, '2Kv9vbSb9yc311L3H9k4wPPJXna9o586'),
(306, '8EpITu1lWcDw3K8fPzB9bzaAKaG2nvLeu3qVw7HM', 1379556989, '2Kv9vbSb9yc311L3H9k4wPPJXna9o586'),
(307, '2U8JGdeLPfQW2uNqMTXvVsiTfwKXMPBI6DJ8B3h4', 1379556992, '2Kv9vbSb9yc311L3H9k4wPPJXna9o586'),
(308, 'HYHo22OxGAHgUNI3ynG8MOdNW0Du8E2UXFaXuv5t', 1379571399, '2Kv9vbSb9yc311L3H9k4wPPJXna9o586'),
(309, 'wF4ET3kETE3eehm5qAevCBdOzlYGtSmfhS9jWczx', 1379616584, '2Kv9vbSb9yc311L3H9k4wPPJXna9o586'),
(310, 'R6IkjBLFdP4wcTXLmg2FdIBKJ4lPaPHpnaJOPUjl', 1379690931, '2Kv9vbSb9yc311L3H9k4wPPJXna9o586'),
(311, 'jhBOVD4trQ5ONG1EFuAli3LxwXqyfSil3aUlzlJT', 1379716128, '2Kv9vbSb9yc311L3H9k4wPPJXna9o586'),
(312, '6m9i7gdSjfEfdAnb620SWFZq6YwfkdwbNpImRIO0', 1379730874, '2Kv9vbSb9yc311L3H9k4wPPJXna9o586'),
(313, 'HSH7tkfukU0GBOh5MAOnxKRY4QfnHVpdEsepFPWi', 1379743457, '2Kv9vbSb9yc311L3H9k4wPPJXna9o586'),
(314, 'CfsUQ8ddl2Q0v45X9GH9xc8K6jysD7ZpysJv8EaY', 1379787625, '2Kv9vbSb9yc311L3H9k4wPPJXna9o586'),
(315, 'EQFQbFF6LIBwJoQLkx0IVRpnGfzSTM0671JHTxzn', 1379798807, '2Kv9vbSb9yc311L3H9k4wPPJXna9o586'),
(316, 'waJCjWQ9PIykxJkLegB3QTSrReTGsc1H0VGfauBS', 1379804662, '2Kv9vbSb9yc311L3H9k4wPPJXna9o586'),
(317, 'LtcJ2Te4DqtgkretYjK5IfO6RtH4qTNUT6V5pm7S', 1379805834, '2Kv9vbSb9yc311L3H9k4wPPJXna9o586'),
(318, 'aaNBBEpgp16hW8sDcrrxnhYu2POZfu5TwD4Zn7Rg', 1379890109, '2Kv9vbSb9yc311L3H9k4wPPJXna9o586'),
(319, 'herUl9xqkBqoIdMRosON4x2XO59FrvusETXelGv6', 1379956760, '2Kv9vbSb9yc311L3H9k4wPPJXna9o586'),
(320, 'KqTH63e06Ogo6k6UrOOBQEgBStYbWhV2OXJKmZ1l', 1380034111, '2Kv9vbSb9yc311L3H9k4wPPJXna9o586'),
(321, 'gCTQG3E3XjevyhiIazN3OhujSEBrV2y91KyaZ3nG', 1380037895, '2Kv9vbSb9yc311L3H9k4wPPJXna9o586'),
(322, 'M2HNinx9bFrgrCyaY00cSTMsbzuTRuetKgeRwPV1', 1380061322, '2Kv9vbSb9yc311L3H9k4wPPJXna9o586'),
(323, 'NhKw0KI8qepfhcq3NaoSpVyj3PDSM1zf5lST3JAa', 1380072230, '2Kv9vbSb9yc311L3H9k4wPPJXna9o586'),
(324, '0tPqcemmG5icbx1hsQYODfezNhYHV0iuhV5Q4aKi', 1380072241, '2Kv9vbSb9yc311L3H9k4wPPJXna9o586'),
(325, '7YW3DRUc3l6tyHqhpm9SIzMCMb5Iy1msMXde0faQ', 1380087009, '2Kv9vbSb9yc311L3H9k4wPPJXna9o586'),
(326, 'GkcZSR7fi9sSyPTGdV1Xa1Jpti6o3TXm1WYTEXjU', 1380159717, '2Kv9vbSb9yc311L3H9k4wPPJXna9o586'),
(327, 'N1PKdWtcrquaC1sG8QBlEMBXXqm5lsrgS2N1tMVc', 1380234504, '2Kv9vbSb9yc311L3H9k4wPPJXna9o586'),
(328, 'jr1mKsCQ5efgQTLhSe0DUlwluGb6KqR4ONVzYqkT', 1380234581, '2Kv9vbSb9yc311L3H9k4wPPJXna9o586'),
(329, '0MnICiCJnmh7Rjo1IXpFLOuOd9bLpmdNBSVWuavK', 1380238635, '2Kv9vbSb9yc311L3H9k4wPPJXna9o586'),
(330, 'JnFRCRflSuL83OzehG1Eh2m4GRqqrWhTrAxK8ozo', 1380307020, '2Kv9vbSb9yc311L3H9k4wPPJXna9o586'),
(331, 'B2kCLzm5B5QinAfVYOiFBfZi042uZdGVVd9YCOzZ', 1380307973, '2Kv9vbSb9yc311L3H9k4wPPJXna9o586'),
(332, 'WqkSgu7otanlNb0W6UOXBJUoJSZO9EbwZ6OSrGZN', 1380320368, '2Kv9vbSb9yc311L3H9k4wPPJXna9o586'),
(333, 'rJgqTPNzaKGaGMLn38wYj4WdMsOAykfQtXUmqU13', 1380391046, '2Kv9vbSb9yc311L3H9k4wPPJXna9o586'),
(334, 'i5XLZAoLRT46rBYuzawNOitvuGkeirZPTTrPIAPf', 1380394334, '2Kv9vbSb9yc311L3H9k4wPPJXna9o586'),
(335, 'QSErqqNNmkfayMLS84J0YregJXZnrfyvjnm9j2Ug', 1380396390, '2Kv9vbSb9yc311L3H9k4wPPJXna9o586'),
(336, 'gABa2TuzM9JILfCNFYBFkdRpyDxGy0MrQRaqQcfk', 1380411681, '2Kv9vbSb9yc311L3H9k4wPPJXna9o586'),
(337, 'sFz4MMNijJ5ShTgklZiOYv2w6rlyPZSUtqnuAboF', 1380411813, '2Kv9vbSb9yc311L3H9k4wPPJXna9o586'),
(338, 'EYyBtSCs6zcuNGPtKZMfWr2neBpABgfmCrT7EBCM', 1380412091, '2Kv9vbSb9yc311L3H9k4wPPJXna9o586'),
(339, 'C2htP8CC01JHOSK46NOicTe4a9NHd9j7sF3mGlME', 1380567450, '2Kv9vbSb9yc311L3H9k4wPPJXna9o586'),
(340, 'CxGQO5M4BSkFu6ozOkVlqli0QIKOxbHcjHrXubj3', 1380570393, '2Kv9vbSb9yc311L3H9k4wPPJXna9o586'),
(341, '75xtno4qBDgITmZLL8X8cX1tP6SWDelmNc1U6TAT', 1380571048, '2Kv9vbSb9yc311L3H9k4wPPJXna9o586'),
(342, 'LoP11O80ixUWrw0KcvL7a4JnoLTUmyLpE3mkXAzu', 1380580390, '2Kv9vbSb9yc311L3H9k4wPPJXna9o586'),
(343, 'z48vrTvFm7bUiW8G36S339lRaRR2Y0iA1JgRyQOQ', 1380597172, '2Kv9vbSb9yc311L3H9k4wPPJXna9o586'),
(344, '6jiBXZurzDUNkb0mWofWVhSo8poIHW4LB824lakK', 1380751089, '2Kv9vbSb9yc311L3H9k4wPPJXna9o586'),
(345, 'FRJRdVlICZfQOFWmO7OhTXmPWqDPRSNDiLWGQ8rW', 1380836949, '2Kv9vbSb9yc311L3H9k4wPPJXna9o586'),
(346, 'lMlwwVR85kdAXPBUbnyKwuRJZUTuoHOCHmyhUPIz', 1380837956, '2Kv9vbSb9yc311L3H9k4wPPJXna9o586'),
(347, 'arzpCH8akJeIGaa8uqufSPYETjNhgy4mIRl232DG', 1380839974, '2Kv9vbSb9yc311L3H9k4wPPJXna9o586'),
(348, 'Xn08EUgkFqTiGmtprvkORvITOwCWy6jjyA5QJGb1', 1380916703, '2Kv9vbSb9yc311L3H9k4wPPJXna9o586'),
(349, 'a8EnWjPNwYAG27XUBPXoBNhs6A38UleCfZNTlnrq', 1381047557, '2Kv9vbSb9yc311L3H9k4wPPJXna9o586'),
(350, '3piSA1T67ugbqywhMROQipvmCID04z11atJH3Idi', 1381160490, '2Kv9vbSb9yc311L3H9k4wPPJXna9o586'),
(351, 'A0wxW6B9HZiCT1YjNanm6QCZVMVsaBctOypHLRYR', 1381164883, '2Kv9vbSb9yc311L3H9k4wPPJXna9o586'),
(352, 'qq2eJ5EqRwLNbtskynodfcE2rfE0gAu2Au1zJZ5z', 1381166890, '2Kv9vbSb9yc311L3H9k4wPPJXna9o586'),
(353, 'P1ZNQvzZs8NV5zq2W1IZ6RwZ5F133kF6WtzIn17V', 1381166900, '2Kv9vbSb9yc311L3H9k4wPPJXna9o586'),
(354, 'qo7YOIfO8IuNjvpvnK8Doj7EssWMHlLmEKzDs0wA', 1381186227, '2Kv9vbSb9yc311L3H9k4wPPJXna9o586'),
(355, 'C9Yb6ihVVEaT19ha7SWj4jAAtf4lUPJeCpXlS9a8', 1381193338, '2Kv9vbSb9yc311L3H9k4wPPJXna9o586'),
(356, '55QWBBCUpbIfr70NshZXY3mAPUPjWutzKBkJIK64', 1381265950, '2Kv9vbSb9yc311L3H9k4wPPJXna9o586'),
(357, 'ignYZ14dpDxR1k8LMN0wBETY0mkWgUiId9XczXtQ', 1381277933, '2Kv9vbSb9yc311L3H9k4wPPJXna9o586'),
(358, 'xJWUbZYY0hTuprmlLnjjRG5js7hRxtFLDI5UZTks', 1381335460, '2Kv9vbSb9yc311L3H9k4wPPJXna9o586'),
(359, 'PjRtXoi4N2EVWQ5Bz8IQTLJIdEFJJKMgfIZsVCD1', 1381344300, '2Kv9vbSb9yc311L3H9k4wPPJXna9o586'),
(360, 'XCWDD6TdxD8ABmvgDspPO97DyFeWYgIj3N2dSwjB', 1381363772, '2Kv9vbSb9yc311L3H9k4wPPJXna9o586'),
(361, 'mG0TBJJ5JKtZUn75SV2BDLpg8I96aX4jLh8U9IoF', 1381378763, '2Kv9vbSb9yc311L3H9k4wPPJXna9o586'),
(362, 'sVTptv4HyI8KU7UkCLK76CQ9j8KTk406ATtk9mzM', 1381385352, '2Kv9vbSb9yc311L3H9k4wPPJXna9o586'),
(363, 'J4DpGpORvNLfLbh1nD5tELwnjh1Qr2UZ6Ev4jptz', 1381419231, '2Kv9vbSb9yc311L3H9k4wPPJXna9o586'),
(364, 'SaHEmIFsyKP0UDrJImXzRvcV3fbPbzUgZnwkcSfY', 1381419503, '2Kv9vbSb9yc311L3H9k4wPPJXna9o586'),
(365, 'htnTvZLAtPjAWO8wJWFliHRpP2oCUED0zJaOYtwU', 1381446173, '2Kv9vbSb9yc311L3H9k4wPPJXna9o586'),
(366, '8F1d1LI8wTtjKFaHKMGOHVXKbnG0C5Eidre3Lmsi', 1381461321, '2Kv9vbSb9yc311L3H9k4wPPJXna9o586'),
(367, '6lo36JY9QZfXxu3xH2cHe7jmrHoFGj3tNp5pB98i', 1381472718, '2Kv9vbSb9yc311L3H9k4wPPJXna9o586'),
(368, 'stE8MVJcXuSllSW3yLmFWg4cNlRRyiRvIHKN9CIb', 1381516328, '2Kv9vbSb9yc311L3H9k4wPPJXna9o586'),
(369, 'jzq5ZLgC8K1BQObS0G0tRnZUcqXKq0zY4VSnLcOW', 1381518245, '2Kv9vbSb9yc311L3H9k4wPPJXna9o586'),
(370, 'lFgE1rF3cH8H9WfrwwISCWcmuOUeqgf6uDC4gLFp', 1381520612, '2Kv9vbSb9yc311L3H9k4wPPJXna9o586'),
(371, 'Rrnh0yNw1DbeTeVlF5lD3x28SzORdJRWc9bvnfrG', 1381520743, '2Kv9vbSb9yc311L3H9k4wPPJXna9o586'),
(372, 'nsZBwAruHMBIU2T7zZatfjuSgKjIHEsLEKPZJK7h', 1381536645, '2Kv9vbSb9yc311L3H9k4wPPJXna9o586'),
(373, 'KLQUFWluVrW6BvsJT8AC0INf0heVl3P25TCQMBax', 1381561492, '2Kv9vbSb9yc311L3H9k4wPPJXna9o586'),
(374, 'U3IaYDCWfthfFgE7vnIX9x1Z2ihy7fHO4g5eHb4A', 1381595996, '2Kv9vbSb9yc311L3H9k4wPPJXna9o586'),
(375, '1x8i0LIqE5hEH6SEofkooOXIEXPEwh8m7ROIK1DH', 1381603148, '2Kv9vbSb9yc311L3H9k4wPPJXna9o586'),
(376, 'U3McNOBqKuGH5aQz6b2RX4icOi19VhGX1qrOGusp', 1381628967, '2Kv9vbSb9yc311L3H9k4wPPJXna9o586'),
(377, 'S4iZBoWF0qgFwPp0kxhtAnavyvtBfDUTu4jX7e1v', 1381682417, '2Kv9vbSb9yc311L3H9k4wPPJXna9o586'),
(378, 'ocT98A2ENQCBCFATHhzG4uoNp9xKh0eqsKNKW9lr', 1381731656, '2Kv9vbSb9yc311L3H9k4wPPJXna9o586'),
(379, '69F2uhy4CaEWzb4jFFnzIh4vlOxGaqDcdLZNi40p', 1381764673, '2Kv9vbSb9yc311L3H9k4wPPJXna9o586'),
(380, 'ryvM5wGYAwf8SMkhadGicIM4TyWQ0sUBqgKVLKgp', 1381770463, '2Kv9vbSb9yc311L3H9k4wPPJXna9o586'),
(381, 'sqYLQ7x7bqAm2JIbIIBW36B15bqpMPTFGRp5qkVb', 1381856614, '2Kv9vbSb9yc311L3H9k4wPPJXna9o586'),
(382, 'dZK9LuWLVuxZvSsYQkYjCXI1NGJsZMgPRYMxUElP', 1381859398, '2Kv9vbSb9yc311L3H9k4wPPJXna9o586'),
(383, 'wfvpBnLfeGPH6GpDbkQL0M5fWbjIuabbuxgObnyc', 1381862575, '2Kv9vbSb9yc311L3H9k4wPPJXna9o586'),
(384, 'm5PB7n8vDCO5TcfuFgKhrIsgZOEsdsBwWu48r6XK', 1381866355, '2Kv9vbSb9yc311L3H9k4wPPJXna9o586'),
(385, '8N0ubvI0fQv5it3bLUvM0p0uyy9StYeWzM9jBOWA', 1381869986, '2Kv9vbSb9yc311L3H9k4wPPJXna9o586'),
(386, 'ZiBKog0Fv7Cbfqg5f3OYe4SaAJQ6yreCiv7WOiDP', 1381870857, '2Kv9vbSb9yc311L3H9k4wPPJXna9o586'),
(387, 'jzdeXEAknPSBmrdvTAiHNwCMfLnVpdLNMhRoJ1q1', 1381872918, '2Kv9vbSb9yc311L3H9k4wPPJXna9o586'),
(388, '3bgmdfD4kN8WzWZy3ep0nTXB9dLIdSPlJAFk0HTw', 1381880799, '2Kv9vbSb9yc311L3H9k4wPPJXna9o586'),
(389, 'i4ddEr8vVL8Sv27cgukAhNCvb8VL8W7L6o19HmGs', 1381883916, '2Kv9vbSb9yc311L3H9k4wPPJXna9o586'),
(390, 'cqatITFX7lypDMXNK1gC4QCgYr4UK5dZeSYbwWBT', 1381886083, '2Kv9vbSb9yc311L3H9k4wPPJXna9o586'),
(391, 'UuWijK6BwkidBdUqhdiX3D1iw7ZAxvETXCjh8tMs', 1381897211, '2Kv9vbSb9yc311L3H9k4wPPJXna9o586'),
(392, 'asBj46BVKYgWNUhq4FqqcvvP5FoUpRIVTPEcboV3', 1381942515, '2Kv9vbSb9yc311L3H9k4wPPJXna9o586'),
(393, 'L5wpsKSIPKBy5dTUQrwmYykqYPJGBdh4AujPlFQl', 1381949099, '2Kv9vbSb9yc311L3H9k4wPPJXna9o586'),
(394, 'RgPjhpQ4j42xSqeuXOTxJ5B2DTJ155MFpMFo4pUQ', 1381953447, '2Kv9vbSb9yc311L3H9k4wPPJXna9o586'),
(395, 'LiTL0DA8WsJyssy5dZ5cLEShXnXhaVog1YDvvt5p', 1381956213, '2Kv9vbSb9yc311L3H9k4wPPJXna9o586'),
(396, '1xKdh3szxyUG9VPuU6zwe5XHiizSsUMrlCmIJ3Sx', 1382026535, '2Kv9vbSb9yc311L3H9k4wPPJXna9o586'),
(397, 'e1UwxMa81ZKN9aSrc5EY3EzmTg1ZtY92HGbVzZRc', 1382039726, '2Kv9vbSb9yc311L3H9k4wPPJXna9o586'),
(398, 'DuGSvwoYTe4m2D2FbDiuDsI7RkFpdMKghfog8jha', 1382131161, '2Kv9vbSb9yc311L3H9k4wPPJXna9o586'),
(399, 'YXmG3pgjV33pYXnw9vkDyJjXp2RVQQ9mj9Kxelia', 1382136018, '2Kv9vbSb9yc311L3H9k4wPPJXna9o586'),
(400, '47xaaP20dPUBb7HXgc8vfosZqtPXINfOKqMv0QxY', 1382137202, '2Kv9vbSb9yc311L3H9k4wPPJXna9o586'),
(401, 'dTVe0Vt6Don6gOIyNbImQovPVhOAnxEGf2AZJGYu', 1382141221, '2Kv9vbSb9yc311L3H9k4wPPJXna9o586'),
(402, 'HSGA6uXKN7mwDkZ5a9XK1tNY2fLorxytSjPquZqn', 1382203669, '2Kv9vbSb9yc311L3H9k4wPPJXna9o586'),
(403, 'crSkvZ0SdGikUzaasA1qbI39BbtNgA5sdznpJ1Ov', 1382207994, '2Kv9vbSb9yc311L3H9k4wPPJXna9o586'),
(404, 'CDcVWf0WLynSW85rSFm0SVZ1j9GuBO5FhX09sGPk', 1382234691, '2Kv9vbSb9yc311L3H9k4wPPJXna9o586'),
(405, 'JyFkCZOuxiinZiVm1aIg4oNOvUstBOPzAlPoOnV3', 1382327139, '2Kv9vbSb9yc311L3H9k4wPPJXna9o586'),
(406, 'SARe8GZHoY0CwnX2Z4TT6pRMrkt58xnnKKnC6yaw', 1382368795, '2Kv9vbSb9yc311L3H9k4wPPJXna9o586'),
(407, 'CraKn3Ytx5wFC2vsYIh8hsYYh6gem4h51YUGbM2t', 1382373703, '2Kv9vbSb9yc311L3H9k4wPPJXna9o586'),
(408, '8H3xUXug3s0HMnKRxFEPeuFzAohGkjEelmm0kuqu', 1382376016, '2Kv9vbSb9yc311L3H9k4wPPJXna9o586'),
(409, '0d9179BaTNX0W1MbeyiAOVr6yfTdnNaFvmRcF7v6', 1382382620, '2Kv9vbSb9yc311L3H9k4wPPJXna9o586'),
(410, '8MLf2ayG6xgLmF01d0nCIDjcr9u59vFD5BS4B8Ea', 1382390260, '2Kv9vbSb9yc311L3H9k4wPPJXna9o586'),
(411, 'qB3PmpfVkAhkAoeJJc0F3xN91Fu3DqY3fdS798JC', 1382390293, '2Kv9vbSb9yc311L3H9k4wPPJXna9o586'),
(412, 'MhSTIjKQcHYx7ZcI7SXmIeA6iyNqPirLmeCYCekr', 1382393565, '2Kv9vbSb9yc311L3H9k4wPPJXna9o586'),
(413, 'E7l2v0AKw11wQmajxS4KRC8tI5QJChpU7OCdeW3q', 1382393649, '2Kv9vbSb9yc311L3H9k4wPPJXna9o586'),
(414, 'gGDDUKUfCv6hyuGSGHoSl2YCoiBJCrkP3jtQat2J', 1382401888, '2Kv9vbSb9yc311L3H9k4wPPJXna9o586'),
(415, 'mzS7Bmx842Q9y9SbSWC8UamJGpehFaB2dAwkJnS7', 1382411134, '2Kv9vbSb9yc311L3H9k4wPPJXna9o586'),
(416, 'OllTl7dtYfBlgI71WX4NeGiQXCSvBqqoc7LW56BQ', 1382411412, '2Kv9vbSb9yc311L3H9k4wPPJXna9o586'),
(417, 'zpspqW3A4lGtSAKYW9xTkmEMQwUvef7ZhzmywtRg', 1382466616, '2Kv9vbSb9yc311L3H9k4wPPJXna9o586'),
(418, 'h9mg66Ju0L6OBAWxxKJU0yAtMWjCaJxk4S13rqY8', 1382467646, '2Kv9vbSb9yc311L3H9k4wPPJXna9o586'),
(419, 'wGxUIgGArlGmyso62VWiOTbEnp7OVgpuTsOZO8qx', 1382469302, '2Kv9vbSb9yc311L3H9k4wPPJXna9o586'),
(420, 'maGEylwRQUEkfA69vPkMAWy58OTHdvcF0Unl8Pk2', 1382472583, '2Kv9vbSb9yc311L3H9k4wPPJXna9o586'),
(421, 'W7hEeG2o3z3TVOywgRNZu7iVqFJIfB21IQc8QkT9', 1382475913, '2Kv9vbSb9yc311L3H9k4wPPJXna9o586'),
(422, 'QE8tyoQOoJfvmvdVEdiXrG3EYxh3FPq6JXjUEDFH', 1382477936, '2Kv9vbSb9yc311L3H9k4wPPJXna9o586'),
(423, 'JolnZkKl5OQgKawAc3GpEjijTIlpUelpgxUZleuR', 1382479299, '2Kv9vbSb9yc311L3H9k4wPPJXna9o586'),
(424, 'Q4NYcChUZathV8veoIBxbkyGfvxbYeJ4dqpXmFl8', 1382483667, '2Kv9vbSb9yc311L3H9k4wPPJXna9o586'),
(425, '6HTXnbxfVNLOWzJZA2rITMEMsutHmUBdkbQKJT14', 1382552335, '2Kv9vbSb9yc311L3H9k4wPPJXna9o586'),
(426, 'fHuLmcWm9sAa1UqastmgOZ72MLVAIZi3az9PfQfv', 1382567440, '2Kv9vbSb9yc311L3H9k4wPPJXna9o586'),
(427, 'Uhh9LPMtutiS2wm30BYbUWM0wjxqe9Je9mMWyM4K', 1382573846, '2Kv9vbSb9yc311L3H9k4wPPJXna9o586'),
(428, 'CiD7uYHGpATQnreNkP4F5jzxU9YH7Y828ypu2GkT', 1382629304, '2Kv9vbSb9yc311L3H9k4wPPJXna9o586'),
(429, '9FCS7UdyflbXfjpTwfL986W5wJv8uOFRq9n9NWAS', 1382651075, '2Kv9vbSb9yc311L3H9k4wPPJXna9o586'),
(430, '8023tcsGF1q8wNnhkc5YPGm9Clz765w0K8SZRb77', 1382667010, '2Kv9vbSb9yc311L3H9k4wPPJXna9o586'),
(431, 'uSdFtWjjxtxNvbNC1gsM4z6EovfAekqdF6vthkDz', 1382714602, '2Kv9vbSb9yc311L3H9k4wPPJXna9o586'),
(432, 'chGKOIc75iDt3sWqJ5R8IrrF13HfDC6dolzgJErZ', 1382717168, '2Kv9vbSb9yc311L3H9k4wPPJXna9o586'),
(433, 'hIG0HGflVwoJ9egfFgfMpah3A6vzp2EYPttuWTEZ', 1382718320, '2Kv9vbSb9yc311L3H9k4wPPJXna9o586'),
(434, 'U07rrGaBVaXPmntXYWfcyKqIwb2LdlDz2MTOiZoP', 1382726456, '2Kv9vbSb9yc311L3H9k4wPPJXna9o586'),
(435, 'wIEjQ0XrZJAdDWYfCFujPuCwpz74UaCMBJ5A5cI7', 1382733190, '2Kv9vbSb9yc311L3H9k4wPPJXna9o586'),
(436, '6csXoNjxsGJgfxohi9iv9eOHsrO7F2evqCxb81Dp', 1382809469, '2Kv9vbSb9yc311L3H9k4wPPJXna9o586'),
(437, 'Q45vznoWicMjjxRC0NEvFilSRYHQpqPsSYeBl4zy', 1382815511, '2Kv9vbSb9yc311L3H9k4wPPJXna9o586'),
(438, '90dcKlkVRSd8o4A9xfL0Fmlr3nvZPeti9EMuKmiS', 1382826188, '2Kv9vbSb9yc311L3H9k4wPPJXna9o586'),
(439, 'FxKYHWZfMtHyPW77RnoYqfMGxahrsnQFe2rdsHzA', 1382842360, '2Kv9vbSb9yc311L3H9k4wPPJXna9o586'),
(440, 'lo8KE8LIGrDWiQBo60Y8jiEWHcfCiB9sJfNSZKwj', 1382845087, '2Kv9vbSb9yc311L3H9k4wPPJXna9o586'),
(441, 'yVCKcVeHVpdULYLSgxP7cpF8g3BMfW8vXTA7Nj5Y', 1382912072, '2Kv9vbSb9yc311L3H9k4wPPJXna9o586'),
(442, 'XgL3WOsT57idA0rpUeNkjwUUOzBDP6ug5B4lurq2', 1382933298, '2Kv9vbSb9yc311L3H9k4wPPJXna9o586'),
(443, 'gV9AQfapI78dQ5VvMBmcA3jZPi1YiMdAinhSOO24', 1382973271, '2Kv9vbSb9yc311L3H9k4wPPJXna9o586'),
(444, 'v37raw295onkHWw7ldcVg31olYMFJBjrvLVJHeVN', 1382978649, '2Kv9vbSb9yc311L3H9k4wPPJXna9o586'),
(445, 'sC55ZpYCykDLYYNfTckGspZgSeO6j4y1GCacbRC6', 1382987603, '2Kv9vbSb9yc311L3H9k4wPPJXna9o586'),
(446, 'wGyx5i7FLv1noW3SMDhi7jUHgaCfaOvF9tKrixdl', 1382998049, '2Kv9vbSb9yc311L3H9k4wPPJXna9o586'),
(447, 'UTlHDpPcjZyJWLoS0tFWO562OUgmSM9aMqxMqcCF', 1383066521, '2Kv9vbSb9yc311L3H9k4wPPJXna9o586'),
(448, 'PcAM0rs1DQRSFktNnRUwKsZRyOhQ6rAzxNw8XWs7', 1383072068, '2Kv9vbSb9yc311L3H9k4wPPJXna9o586'),
(449, '3m2sgvTCbiFKQ1cRlmku6pVda69VlTh0ZVTNEsgy', 1383148776, '2Kv9vbSb9yc311L3H9k4wPPJXna9o586'),
(450, 'k8C3VflDoSwbKNM4xIVxmK0DX2MMDVXVeYdq0nHr', 1383160075, '2Kv9vbSb9yc311L3H9k4wPPJXna9o586'),
(451, 'I18sB2KyZs3qsHmbT7PggQiHOwLkPzQxQ6tTdBHx', 1383246665, '2Kv9vbSb9yc311L3H9k4wPPJXna9o586'),
(452, '7qc1udXT4T10hVA5uWEOeaDaM8lhROewuSq5Xfxd', 1383252112, '2Kv9vbSb9yc311L3H9k4wPPJXna9o586'),
(453, 'gIx0BE40mR9GDzZOsJ8JQkNXLsy5ewJTIaQ1JjUV', 1383252528, '2Kv9vbSb9yc311L3H9k4wPPJXna9o586'),
(454, 'ywq3Fb8p03UgYfcd2kKcOQhzqgpDskbihAK9y4IT', 1383252757, '2Kv9vbSb9yc311L3H9k4wPPJXna9o586'),
(455, 'URAJd8MrWjrthIoW0drYosI81mVTEV5U068GsPk8', 1383253157, '2Kv9vbSb9yc311L3H9k4wPPJXna9o586'),
(456, '9M0IMwpoZQz3vSiGt0RRuAeaWhYhZxapnxVl1eUk', 1383253541, '2Kv9vbSb9yc311L3H9k4wPPJXna9o586'),
(457, 'zGUMeLFGXDxhtRe4om7SwBWJJLrzQWFHL12cEsp3', 1383256737, '2Kv9vbSb9yc311L3H9k4wPPJXna9o586'),
(458, 'w9DUvlifeXIbUzIrr6qZPgsrsRPiGTKxuNrrFWqP', 1383256806, '2Kv9vbSb9yc311L3H9k4wPPJXna9o586'),
(459, 'JnnTg4T3UCjqyNOjHg69YP2eGdDfxrQCvLEpGa0p', 1383256848, '2Kv9vbSb9yc311L3H9k4wPPJXna9o586'),
(460, '4GD7GphgDdTkwqolPJtp4VNngL8NFQSTgBSROqGR', 1383257095, '2Kv9vbSb9yc311L3H9k4wPPJXna9o586'),
(461, 'GLG3yZzCJYFaETpMZ91tzxLTH7ULf8JH7pt1g0yS', 1383258082, '2Kv9vbSb9yc311L3H9k4wPPJXna9o586'),
(462, 'fdu7KMpHqRy94Lr53AV5xwKVvm5BWaCC6CddzrLS', 1383265246, '2Kv9vbSb9yc311L3H9k4wPPJXna9o586'),
(463, 'lFxbSULF7Szf7lDfP8Z43sZyVbtuf5pz866Ftlfi', 1383419550, '2Kv9vbSb9yc311L3H9k4wPPJXna9o586'),
(464, 'JSGztUkPFtSQViJlQblkuLRth3xTZvUysvUcwt2S', 1383586805, '2Kv9vbSb9yc311L3H9k4wPPJXna9o586'),
(465, 'wetk5afkq6tjZFdY1GbOWz9v8j8CZjShZxmIspol', 1383593576, '2Kv9vbSb9yc311L3H9k4wPPJXna9o586'),
(466, 'yMJNej1I4wCvUTJUqtkMTVBuqrvW9ITmzRJincqA', 1383597965, '2Kv9vbSb9yc311L3H9k4wPPJXna9o586'),
(467, 'NAgHuvSbPZo8n2y7JoALuE9p5Z9DYtg5kYSsfsVc', 1383604331, '2Kv9vbSb9yc311L3H9k4wPPJXna9o586'),
(468, 'LdQmAcIeLBBjbJ4pHma9hwne524tF4VVaevF3fYe', 1383611604, '2Kv9vbSb9yc311L3H9k4wPPJXna9o586'),
(469, 'QA1NLlr1UuvV0mkrmWzOZ1uDIVf0KH5JkOMTikVK', 1383619646, '2Kv9vbSb9yc311L3H9k4wPPJXna9o586'),
(470, 'x6mQmwvnVgaIfo98dIanNFINEOmaXXP70a6UQTDc', 1383621783, '2Kv9vbSb9yc311L3H9k4wPPJXna9o586'),
(471, 'RK6bLaBnKPDAU71PXx6WiiXLimfIwJGbM5JwA3TV', 1383670441, '2Kv9vbSb9yc311L3H9k4wPPJXna9o586'),
(472, 'WmdjD6DiBcZCdfwE8DNsBGc6tPCxICzBeNXdDrEv', 1383679264, '2Kv9vbSb9yc311L3H9k4wPPJXna9o586'),
(473, 'tZXEjtn9Q2iloI1ez0Edl2WiYYMwgFg8agRO5CDe', 1383679994, '2Kv9vbSb9yc311L3H9k4wPPJXna9o586'),
(474, 'SXsiq7iLpLyXlfv2oV9Y6eIISdk6PwHGldXAQNbr', 1383685104, '2Kv9vbSb9yc311L3H9k4wPPJXna9o586'),
(475, 'ghJgAzGs6Di213eDfB6GSmXfNYX2KS7yWLspVADC', 1383691015, '2Kv9vbSb9yc311L3H9k4wPPJXna9o586'),
(476, '1Tl8Fp61b4d82QeIImwB9zXrQ8E4Px8cr4o0Zezc', 1383753551, '2Kv9vbSb9yc311L3H9k4wPPJXna9o586'),
(477, 'haDR33q7Dqrvej7qyjaAnZHwHSrTcVajHUAF7xqg', 1383782525, '2Kv9vbSb9yc311L3H9k4wPPJXna9o586'),
(478, '8aCUgTRSJdoBKoovtx7IZuwD4IIM5LmQHJAJDN9a', 1383793061, '2Kv9vbSb9yc311L3H9k4wPPJXna9o586'),
(479, '1vxJUD06yiEn7ye6aK9ota5YwPY1IYLGurl1CCaJ', 1383861025, '2Kv9vbSb9yc311L3H9k4wPPJXna9o586'),
(480, '224bVMxJHjP3JFkULsTvPTnVK2XIyQC8eI2uwqZe', 1383865156, '2Kv9vbSb9yc311L3H9k4wPPJXna9o586'),
(481, 'UqqFuibZj7R7kbiCKoaxP4FtQ7XGEpAR6aFrUnHk', 1383932394, '2Kv9vbSb9yc311L3H9k4wPPJXna9o586'),
(482, 'Ss7DOPvglSQ64flmrAyDAEyvWzqxkq1RlPrMiV1q', 1383935889, '2Kv9vbSb9yc311L3H9k4wPPJXna9o586'),
(483, '2DlL4dIUwPHln7JuBJDKYM5KWO7FiFsCdQ1RlMIv', 1383937511, '2Kv9vbSb9yc311L3H9k4wPPJXna9o586'),
(484, 'yMSRbwCWDiStzVBw9XzZte5trYMUatjRObwD6idC', 1383955137, '2Kv9vbSb9yc311L3H9k4wPPJXna9o586'),
(485, 'OLZuJds67gSJ5isrPZ3jyIzluSXoTW3fG1SDLCbg', 1383956814, '2Kv9vbSb9yc311L3H9k4wPPJXna9o586'),
(486, 'xucEgr4oWFQanFOsD3se4MJjaOAbpQTzQ8ICxcg4', 1383960713, '2Kv9vbSb9yc311L3H9k4wPPJXna9o586'),
(487, 'LRiXX3qDhwbAz2eBrg1DPuyKXbmL1yGHU4zZKouZ', 1384113578, '2Kv9vbSb9yc311L3H9k4wPPJXna9o586'),
(488, 'F0MtLLdoRZl3Ha3YicjL3hEQ9hnjDqqpjc3uLl8N', 1384154627, '2Kv9vbSb9yc311L3H9k4wPPJXna9o586'),
(489, 'K5VHGWlNfc4MFZwir9mNGs07aoC6tspJcwXit60s', 1384186568, '2Kv9vbSb9yc311L3H9k4wPPJXna9o586'),
(490, 'xwK08jcGdbyEZ1cMP1dZYwJXbc2xzlZGgbY9W1AE', 1384187412, '2Kv9vbSb9yc311L3H9k4wPPJXna9o586'),
(491, '42cE8HCIdpqPSzPaCmzOAUB5jLCj1hTtyhTmlRtl', 1384187459, '2Kv9vbSb9yc311L3H9k4wPPJXna9o586'),
(492, '8ts79fNqWnhlkzb2i50zyrGeGLgXKSMNzCQvqeDS', 1384189853, '2Kv9vbSb9yc311L3H9k4wPPJXna9o586'),
(493, 'HyKdiBSmKXmH6kzbpTFkNWE5pedrLuhFQq4IqTvT', 1384194791, '2Kv9vbSb9yc311L3H9k4wPPJXna9o586'),
(494, 'hOrNXfZgHFMHy0BcU9TxIaxWUwz3ORZwPWChHm4O', 1384198530, '2Kv9vbSb9yc311L3H9k4wPPJXna9o586'),
(495, 'KHRPllDC5iBTndpSJGK609PC5PTNpmK50Ww6oaxN', 1384211639, '2Kv9vbSb9yc311L3H9k4wPPJXna9o586'),
(496, 'TkJ9HdxW2bA4Ic4RxFgPugGuoTH03kVwF8xoLzcM', 1384216187, '2Kv9vbSb9yc311L3H9k4wPPJXna9o586'),
(497, 'vfR5b3j7ZhaXgeWJqc46pR2E80PcjoijhyP24gWS', 1384270851, '2Kv9vbSb9yc311L3H9k4wPPJXna9o586'),
(498, 'MawIeHD6Y8b1nJTfhBQ8u8XQGNSYgDeo0bgOYJIE', 1384278522, '2Kv9vbSb9yc311L3H9k4wPPJXna9o586'),
(499, 'W3B3m46rDkkWUNfRCsRwcZWJkqYlsh46PAdf8xSJ', 1384284745, '2Kv9vbSb9yc311L3H9k4wPPJXna9o586'),
(500, 'nya7o1XGePZyMyvAE0tWoji8fgmsMvxVUzwUZmXJ', 1384301895, '2Kv9vbSb9yc311L3H9k4wPPJXna9o586'),
(501, 'QfbHZN4PalRUjbsuy7sf89fADzUEuXE4oTRsXUBA', 1384302003, '2Kv9vbSb9yc311L3H9k4wPPJXna9o586'),
(502, 'bbrMTMTKn6KwVOFnFlw2MKheow5dPbRWhy1gI1sl', 1384312753, '2Kv9vbSb9yc311L3H9k4wPPJXna9o586'),
(503, 'oyAFOvCnuAybGTFVQKeqR4cqTNEzdJuIvJNIEuzH', 1384324025, '2Kv9vbSb9yc311L3H9k4wPPJXna9o586'),
(504, 'LaSc6XQJJA1149fdlgmJyopAKGUHfhWRHvOaRQO4', 1384356078, '2Kv9vbSb9yc311L3H9k4wPPJXna9o586'),
(505, '3OsCuYz0t3kr1f4RgkHAn4iGAVmvJ16P6DWkpccm', 1384362034, '2Kv9vbSb9yc311L3H9k4wPPJXna9o586'),
(506, 'xTNB0C33XgvCmuIXeyzhBcxq3psqj92kFnLoUbvK', 1384370032, '2Kv9vbSb9yc311L3H9k4wPPJXna9o586'),
(507, 'acG7WkYolC8dnusJJ1igwafAwnULfp14tdFwhnn9', 1384381568, '2Kv9vbSb9yc311L3H9k4wPPJXna9o586'),
(508, '7lpzr0avebplM1aDijNzJIHOo97zS4pRnlEV8vWp', 1384384889, '2Kv9vbSb9yc311L3H9k4wPPJXna9o586'),
(509, 'yG6gpjkDuItvKbJDry5DeR19IdcpFzlPPUqBfvaG', 1384403279, '2Kv9vbSb9yc311L3H9k4wPPJXna9o586'),
(510, 'XNidiz0FCparba0uEBUf6gVSXSq6aMrgJSqKei2y', 1384411935, '2Kv9vbSb9yc311L3H9k4wPPJXna9o586'),
(511, 'U2O7SpwilYB96R910LOZBUIBNSQiMCo3807RbeoQ', 1384412453, '2Kv9vbSb9yc311L3H9k4wPPJXna9o586'),
(512, 'rt1NeUp6JL9K5tol9zP8Fom7xFtcjyjT0NUUls7z', 1384446867, '2Kv9vbSb9yc311L3H9k4wPPJXna9o586'),
(513, 'h2PjysKhe7jW7mtJCp1bnzNGa83HqOphh4OzPLcG', 1384457090, '2Kv9vbSb9yc311L3H9k4wPPJXna9o586'),
(514, 'w9LaniqzA11pIrZD9CFlxfGrNqgM6BBhcRA0gmE6', 1384469698, '2Kv9vbSb9yc311L3H9k4wPPJXna9o586'),
(515, 'dhIVhfnTCxSop4DZCi7g6MYhmRKJQAfQqqmClND9', 1384483787, '2Kv9vbSb9yc311L3H9k4wPPJXna9o586'),
(516, 'EIY7t5vYbDnAJFEvaoQkoJ54ltdyVUC6epsVQWv8', 1384483979, '2Kv9vbSb9yc311L3H9k4wPPJXna9o586'),
(517, 'RY2jXl10fpQAnF3EbINk2AfESAhE7SfPF79o3OmJ', 1384484182, '2Kv9vbSb9yc311L3H9k4wPPJXna9o586'),
(518, 'fvAhb2WdpliDM3WmhHyanVtDfViULHOIZBadfGWR', 1384497619, '2Kv9vbSb9yc311L3H9k4wPPJXna9o586'),
(519, 'O7olC7HTG8hhzw378d9iRAhuFoMDVWuS3YAbtMLW', 1384534631, '2Kv9vbSb9yc311L3H9k4wPPJXna9o586'),
(520, 'Sbrui3IwhpOiAUhEZhNgFuUFRsReTjoINXbwqaha', 1384551727, '2Kv9vbSb9yc311L3H9k4wPPJXna9o586'),
(521, '2ObPkZ63bv5diE9vmpRSaWRspqSrGxT6kBWcNfGl', 1384558384, '2Kv9vbSb9yc311L3H9k4wPPJXna9o586'),
(522, 'uiUTQdDTYRg9KtuhG0Nkp4g6H97mqaz0Q7WzAy0x', 1384620668, '2Kv9vbSb9yc311L3H9k4wPPJXna9o586'),
(523, 'XiYEM6bljipEYnmbzzIUgj4jYO1ADbkgwb5BVPkI', 1384630662, '2Kv9vbSb9yc311L3H9k4wPPJXna9o586'),
(524, 'VKZhqFNjJbROdvPmP8EVdw1XFX3fgqTz1R3fWb4p', 1384645300, '2Kv9vbSb9yc311L3H9k4wPPJXna9o586'),
(525, '0xcxAnsPyYJOJIrs2t05f6GPacOWAdsTzwUlCYVO', 1384648261, '2Kv9vbSb9yc311L3H9k4wPPJXna9o586'),
(526, 'B66Fq8RIQWMLo5cecXz2Ew7yrSSeerRaLmWr6Bsw', 1384709923, '2Kv9vbSb9yc311L3H9k4wPPJXna9o586'),
(527, 'rc9hn7R18JEVrWhnug4HuWfpi3ATEGR7NSeA2GT0', 1384725957, '2Kv9vbSb9yc311L3H9k4wPPJXna9o586');
INSERT INTO `oauth_session_refresh_tokens` (`session_access_token_id`, `refresh_token`, `refresh_token_expires`, `client_id`) VALUES
(528, 'YZTHcdZdRkkBQhSF6FTPu1XKzPb48VLFJOXkAX4T', 1384736499, '2Kv9vbSb9yc311L3H9k4wPPJXna9o586'),
(529, 'v4xZUMkCcACA858M31LhPmnIXCitnggKxuP57mHx', 1384799840, '2Kv9vbSb9yc311L3H9k4wPPJXna9o586'),
(530, 'XiJqaesfNuY1XMGBmS4JopQk5zyoZtZXdEpHuKf5', 1384805430, '2Kv9vbSb9yc311L3H9k4wPPJXna9o586'),
(531, 'G9QRan2wciCxZb2IF6NEnPdA1GhUG1A5LNEGgBW8', 1384809742, '2Kv9vbSb9yc311L3H9k4wPPJXna9o586'),
(532, 'G704aduzKo6LmKBZrcn8Qtx2SLDnkAZemV3Ng1fj', 1384814091, '2Kv9vbSb9yc311L3H9k4wPPJXna9o586'),
(533, 'ABJy00tPLjEY2pCKNx4qp6j3fjo7eVrmQB3yboKc', 1384816533, '2Kv9vbSb9yc311L3H9k4wPPJXna9o586'),
(534, 'L5C0cveWcxIX7BaPOGNuEicAeVxxWxzzEDb7ww3L', 1384823747, '2Kv9vbSb9yc311L3H9k4wPPJXna9o586'),
(535, 'Rb6MovWufOZbujQapTmTjpOYjCIs363MSN2KGI6X', 1384873956, '2Kv9vbSb9yc311L3H9k4wPPJXna9o586'),
(536, 'n8kOo5QEWd831mwzDoMnBoVHxt4Z0BcU8L75s6gg', 1384877949, '2Kv9vbSb9yc311L3H9k4wPPJXna9o586'),
(537, '8aCnYgY7J3RlJpA9tdXLAHLEG847AV2D8rT107Ne', 1384892659, '2Kv9vbSb9yc311L3H9k4wPPJXna9o586'),
(538, 'rfH7mdiU6vYHtxSi3Fdzbyxl1370bPWajPzykB7D', 1384969037, '2Kv9vbSb9yc311L3H9k4wPPJXna9o586'),
(539, '74iKfPTjyaaY3mN7YcJEKKPp8QtASRcm7CDqFoEF', 1384978237, '2Kv9vbSb9yc311L3H9k4wPPJXna9o586'),
(540, '3eSC82pZrIh3D4xVGJiIET3qAYmo4H5WCD2BceFn', 1384981030, '2Kv9vbSb9yc311L3H9k4wPPJXna9o586'),
(541, '95XnkWWkinMlFwOOivXQkbob4uADBiM9Wmrv34QT', 1384986270, '2Kv9vbSb9yc311L3H9k4wPPJXna9o586'),
(542, 'EMCQV5qhcL8zNS6NOGVtAvFAOEtefA9QoGPSnW5I', 1384988158, '2Kv9vbSb9yc311L3H9k4wPPJXna9o586'),
(543, 'Njjv6zsF3zyPSLJlQlAgt0zfuUTSXg7FcIl0EPA3', 1384989687, '2Kv9vbSb9yc311L3H9k4wPPJXna9o586'),
(544, 'vW2bXPkVaVY1A4D0XyA1h91EYF1JFdkmFeCfIwbZ', 1384994376, '2Kv9vbSb9yc311L3H9k4wPPJXna9o586'),
(545, '3y254nFHiVqcs9DnsreeGtLH9G0meS3BLiuNwwXi', 1385053192, '2Kv9vbSb9yc311L3H9k4wPPJXna9o586'),
(546, 'jSfUm1pbMKLuXJGT5YteihVnPY3Nnjc0LFNrmdsi', 1385056041, '2Kv9vbSb9yc311L3H9k4wPPJXna9o586'),
(547, '9p7kGOs9i6hwjTURCdNYZHfutVt80eK0DNKQbC9x', 1385057573, '2Kv9vbSb9yc311L3H9k4wPPJXna9o586'),
(548, 'bGow4s3j9e4T37X5jnBMieLbjqhaFRoTTnDqA9qH', 1385059429, '2Kv9vbSb9yc311L3H9k4wPPJXna9o586'),
(549, 'hxrLhCtDHYeou8U7PZQQFI3LaV9aAOwoItjUCxlT', 1385068428, '2Kv9vbSb9yc311L3H9k4wPPJXna9o586'),
(550, 'xOgAhzUKh9uqvGRQjWr0JNN9HTig44jIwU47ovIK', 1385095087, '2Kv9vbSb9yc311L3H9k4wPPJXna9o586'),
(551, 'jf9F9nrsw0Q9hSzfHevo0imGPhwdwCpavU9XnEIN', 1385153667, '2Kv9vbSb9yc311L3H9k4wPPJXna9o586'),
(552, 'm07gaQKdFrzEIX6rROWFr4pmYcqveSS2KlqCLRcj', 1385161844, '2Kv9vbSb9yc311L3H9k4wPPJXna9o586'),
(553, 'mTy0elTG3wTHRyx58txKqLVKIK1LqXSfYeKwQjQ6', 1385168475, '2Kv9vbSb9yc311L3H9k4wPPJXna9o586'),
(554, 'grnppamh26geMxoqPz51PtFcTQujHtRkavnmqDkN', 1385176742, '2Kv9vbSb9yc311L3H9k4wPPJXna9o586'),
(555, 'RGlYresvuzo9a5u5arw3fLrunNF6gWaGVxpgQ3Jf', 1385177777, '2Kv9vbSb9yc311L3H9k4wPPJXna9o586'),
(556, '6Aon9qM0UQqEN3mEz0is5GZJhwD2OmzQt9JqCKkO', 1385226387, '2Kv9vbSb9yc311L3H9k4wPPJXna9o586'),
(557, 'SAeqO9Zvtxk8iHJLIypnHjeR4TNl0WDF4kDjsyNV', 1385229860, '2Kv9vbSb9yc311L3H9k4wPPJXna9o586'),
(558, 'i1lI1o6ufzwrlvIQhAY28FTrH2lrRxMRXPWIrWj5', 1385239482, '2Kv9vbSb9yc311L3H9k4wPPJXna9o586'),
(559, 'DCUX8c7DsKUiN8C5pimkjJLpPTxR5gbyuvNmB3wH', 1385244411, '2Kv9vbSb9yc311L3H9k4wPPJXna9o586'),
(560, 'BicojbxyV2IE40IZf5vgtHB50qLjiQmVaeelyBWD', 1385317516, '2Kv9vbSb9yc311L3H9k4wPPJXna9o586'),
(561, 'tej6PXAuhH9eUjIDHAjBGw3DEb6z5Q5XrszsTkEp', 1385325761, '2Kv9vbSb9yc311L3H9k4wPPJXna9o586'),
(562, 'yaYSpPec9M50r2JhrFW9eYyGcNSLmU3vH4hESvYE', 1385327097, '2Kv9vbSb9yc311L3H9k4wPPJXna9o586'),
(563, 'k3E2NWP0Nfv2UGlZS9VKdw3a5IrxFsW6ktAKyv4A', 1385400124, '2Kv9vbSb9yc311L3H9k4wPPJXna9o586'),
(564, 'B6DmkQQHrarYtac1Sv4kt7MC55y3KEj51t4qCp1E', 1385409876, '2Kv9vbSb9yc311L3H9k4wPPJXna9o586'),
(565, '3W35VhWoDrgHImGbTyQoB2Dy24NH7ikItG1UIzHx', 1385484468, '2Kv9vbSb9yc311L3H9k4wPPJXna9o586'),
(566, 'TOAg9vAb9ijtZGoUUgynRN1ZcXMivYcWZ2QtslMC', 1385490045, '2Kv9vbSb9yc311L3H9k4wPPJXna9o586'),
(567, 'ZgNyoHw6qQjjqXg6bL6oHA5KkrfLALpyk5R4c0L1', 1385493225, '2Kv9vbSb9yc311L3H9k4wPPJXna9o586'),
(568, 'Q6xMjOv9Uwqct2YwKxSi4fjFKLnygo51TS2GIuDX', 1385496704, '2Kv9vbSb9yc311L3H9k4wPPJXna9o586'),
(569, 'irDjMwB3JAACgZlVZsToSMMxLOMhODas2O3HPcHu', 1385496924, '2Kv9vbSb9yc311L3H9k4wPPJXna9o586'),
(570, 'pbHT5fUL2t8pPfUBviIQJzBBqGp0o4VBTnPSUZhI', 1385508050, '2Kv9vbSb9yc311L3H9k4wPPJXna9o586'),
(571, 'ALmLoOjKeQnkRl7JQr8WppYHKTtp8FBw6gWsSOKa', 1385527242, '2Kv9vbSb9yc311L3H9k4wPPJXna9o586'),
(572, 'uar1eTGr5laLeskRWgPWbNYmRP1a7Xg1EUiVhEIW', 1385527242, '2Kv9vbSb9yc311L3H9k4wPPJXna9o586'),
(573, 'T4mf1zE90EEpdpyqrB0T9cJyIutaUqGpS2kgNOzp', 1385527722, '2Kv9vbSb9yc311L3H9k4wPPJXna9o586'),
(574, 'Ha7OxGYe68duBzN0HEbvKfYsgAU2Z7Tmwy5m99JM', 1385527723, '2Kv9vbSb9yc311L3H9k4wPPJXna9o586'),
(575, 'TZ9t5INUV4bxuLA1CpN25KZpFgmqyrBdgBGaEtfz', 1385528323, '2Kv9vbSb9yc311L3H9k4wPPJXna9o586'),
(576, '7t85bZTh7H2xnWjYjNwExVSEfynhUBQkIchzlQtZ', 1385528323, '2Kv9vbSb9yc311L3H9k4wPPJXna9o586'),
(577, 'IkHNrcA1PLtcxtzVPQIiMKbfyjb6k5vqfL1XQsoE', 1385532469, '2Kv9vbSb9yc311L3H9k4wPPJXna9o586'),
(578, '56Rs8tYf39Hzjs8YpQZtNqRCEjxczD1kcMSlJDsa', 1385532469, '2Kv9vbSb9yc311L3H9k4wPPJXna9o586'),
(579, 'KtUgFE0XkjG1kBxD3xx3GFrvblwfGcjFeLE7nbP1', 1385565236, '2Kv9vbSb9yc311L3H9k4wPPJXna9o586'),
(580, 'UL0bLmUb3hmqtShxE1fZqRDWfVNWFjQ89AWyk8qq', 1385565236, '2Kv9vbSb9yc311L3H9k4wPPJXna9o586'),
(581, 'F1ju2HihPSKunNq6R5TMqjupxsORbFPWPesTFoid', 1385565700, '2Kv9vbSb9yc311L3H9k4wPPJXna9o586'),
(582, 'tFkD7FQ2LiMDJUtcwLvpH6yRVxKZ2yB3V0YMxT8H', 1385565700, '2Kv9vbSb9yc311L3H9k4wPPJXna9o586'),
(583, 'wiWubfy6uaMr0zMIYXjD1rb43QwxtQg1VZ0DQ7jZ', 1385567156, '2Kv9vbSb9yc311L3H9k4wPPJXna9o586'),
(584, 'xfkfMksI6UYGZhdCEzJ8rOIQoIs0E6x828zoO2uv', 1385567156, '2Kv9vbSb9yc311L3H9k4wPPJXna9o586'),
(585, 'JRq3qkGvkFdneBvo4KHEHm1TprrsWDdt2BLloPEe', 1385567197, '2Kv9vbSb9yc311L3H9k4wPPJXna9o586'),
(586, '9dgNnpCQEXCBZFxnpODTfXsx7PotTbAMXvGvejT9', 1385567197, '2Kv9vbSb9yc311L3H9k4wPPJXna9o586'),
(587, 'K0Ncgten9iv5HhLKxdjdnVjZkZgBXq5JLSXdUpCQ', 1385567375, '2Kv9vbSb9yc311L3H9k4wPPJXna9o586'),
(588, 'dD16VInYdrZoGGzlCrwu9rkyJ64F6GEspJvSSlds', 1385567375, '2Kv9vbSb9yc311L3H9k4wPPJXna9o586'),
(589, 'JcJIoOMeOS3P9AboP9uhTn5zzyVS4UbGqu43XoVw', 1385569297, '2Kv9vbSb9yc311L3H9k4wPPJXna9o586'),
(590, 'NcgI33rXxNhvg7BrVTDIG8m8TwKMDTiFfMPxMK7l', 1385569411, '2Kv9vbSb9yc311L3H9k4wPPJXna9o586'),
(591, 'DaIQUdxV62xepxbf57Tg21V1l5X7emCdEau9OKJy', 1385569411, '2Kv9vbSb9yc311L3H9k4wPPJXna9o586'),
(592, 'lD1yyIurujd7mTLGLqGw0rBpG0O2xx6McPd8fj1m', 1385571324, '2Kv9vbSb9yc311L3H9k4wPPJXna9o586'),
(593, 'Fj4AaP3Gjv1UsymmEkpdgonFGNPySSh2HFRPoI61', 1385590288, '2Kv9vbSb9yc311L3H9k4wPPJXna9o586'),
(594, 'JVefQ1k9p0ambjjtzWEYqKSTZLj6zo4LUibjYjuT', 1385590288, '2Kv9vbSb9yc311L3H9k4wPPJXna9o586'),
(595, 'WyGQkI80vOAlsj67MAQGHvZeflbS8O6TrDDaiPF9', 1385654353, '2Kv9vbSb9yc311L3H9k4wPPJXna9o586'),
(596, 'XjdIv2aH62Ex1b63nC9uc6NBptQseE4ysuHE7owP', 1385654353, '2Kv9vbSb9yc311L3H9k4wPPJXna9o586'),
(597, 'UOiMnwKVr9wkMx3w8xfR4sqUaJOgFk9pK8wZIbZV', 1385663645, '2Kv9vbSb9yc311L3H9k4wPPJXna9o586'),
(598, 'MHRHdvVWlN3dYW3bURRtXdufTi0vHfyrLKIW2dQV', 1385671010, '2Kv9vbSb9yc311L3H9k4wPPJXna9o586'),
(599, 'C3PiW1Waah389dzpmM701wRVHF6oWc2PobH10efL', 1385672083, '2Kv9vbSb9yc311L3H9k4wPPJXna9o586'),
(600, '3kOaQMbqgMpRMohV6f3ngGstLgsFjE1a3FNOcNw3', 1385674713, '2Kv9vbSb9yc311L3H9k4wPPJXna9o586'),
(601, 'rIRCZoBT7Jhua7KOEVihevhnXku7on40yyPk0vLg', 1385674713, '2Kv9vbSb9yc311L3H9k4wPPJXna9o586'),
(602, 'fEE9Z8Xd0TIE1DNZRyCRmgJ57EB1RWOL92LcZH0Q', 1385675021, '2Kv9vbSb9yc311L3H9k4wPPJXna9o586'),
(603, 'JtH0URoLcMYu6ZhIBRePWNkBK3EaCuOWXjyXCRsP', 1385675021, '2Kv9vbSb9yc311L3H9k4wPPJXna9o586'),
(604, 'sZq6szPP8fQmfX0nwTd1E3iuSyLBohydurKWSDCm', 1385675266, '2Kv9vbSb9yc311L3H9k4wPPJXna9o586'),
(605, '1Tc4MzCyUdECoVJTgcBthkAE011xlXrTQfOxh2ql', 1385675266, '2Kv9vbSb9yc311L3H9k4wPPJXna9o586'),
(606, 'GrYI7NLHjrwIhdp7sBzixmZJeSmt80XkvS93zDTt', 1385675726, '2Kv9vbSb9yc311L3H9k4wPPJXna9o586'),
(607, 'vgRvrj2hbUE3Sjnof6zfrltRFNjQHsz2QcfrP60B', 1385675726, '2Kv9vbSb9yc311L3H9k4wPPJXna9o586'),
(608, 'POCgOOPeP463JFsfoEElFltlL0iRIVQ2gP3SUlIt', 1385675848, '2Kv9vbSb9yc311L3H9k4wPPJXna9o586'),
(609, 'mFd2wjOSUmN1td6Ot53hXKhLxHuHIjDxDOrVgnnY', 1385675848, '2Kv9vbSb9yc311L3H9k4wPPJXna9o586'),
(610, 'ZhoBfvtKlfG5pH41JkRHYVYonZwKV7ZyaJXEepKT', 1385675910, '2Kv9vbSb9yc311L3H9k4wPPJXna9o586'),
(611, 'EkAMTHCaBailsFzEslb6geR9whSDQcA5IFIn8azR', 1385675910, '2Kv9vbSb9yc311L3H9k4wPPJXna9o586'),
(612, '8fSaiL3PREXu7Qh95JJZLKiSHAZHeOVQtx1TAKJg', 1385694793, '2Kv9vbSb9yc311L3H9k4wPPJXna9o586'),
(613, 'SbaIdDH6VCSoGYey3tQJ9qjXzgsj7cX05TQIquIc', 1385695017, '2Kv9vbSb9yc311L3H9k4wPPJXna9o586'),
(614, '5pqS7UIZeMTTfys7Ei3Bfwc0yYKtOORceLmmwy9N', 1385701043, '2Kv9vbSb9yc311L3H9k4wPPJXna9o586'),
(615, '0XOW5MoFK7EjW444rgEnqJseStKXxa4CM8zscZi2', 1385701043, '2Kv9vbSb9yc311L3H9k4wPPJXna9o586'),
(616, 'wng1fsVlTsUX7kIszTVp0NbFIX1MeA8uuzjeFVR4', 1385705175, '2Kv9vbSb9yc311L3H9k4wPPJXna9o586'),
(617, 'q8iKgTJ0aBhzJ97TN4p0iHkVHUIpAN5yWcYU8DK2', 1385705175, '2Kv9vbSb9yc311L3H9k4wPPJXna9o586'),
(618, 'JcnEIYq4q0vjyqYFUMIXX4AH28YvP7T0GKwL3vSL', 1385743907, '2Kv9vbSb9yc311L3H9k4wPPJXna9o586'),
(619, 'Ron8YTtKbMzgabr1mFs6xHitd7BbGoIjPImkBKqC', 1385743907, '2Kv9vbSb9yc311L3H9k4wPPJXna9o586'),
(620, 'wyXI0wkC0EkV7gVCZTHT3wrUHAMmea3uQDoLZ4HZ', 1385747851, '2Kv9vbSb9yc311L3H9k4wPPJXna9o586'),
(621, 'XsiF9prdHLiGQcigD428LQsMNLNCSRnaHtUCd8bL', 1385748075, '2Kv9vbSb9yc311L3H9k4wPPJXna9o586'),
(622, 'SScQCgjhkTF0REv6PNp6U4BgDTfR2zu6Sk5vLh1n', 1385748075, '2Kv9vbSb9yc311L3H9k4wPPJXna9o586'),
(623, 'SEHrrUIkzoQkn0ttF8nW5U2r0310hT70HARqDZtS', 1385751859, '2Kv9vbSb9yc311L3H9k4wPPJXna9o586'),
(624, '4ziZY6tgEDslPjJLU2LgX0zMx9OtoDZHCMBLqXSW', 1385751860, '2Kv9vbSb9yc311L3H9k4wPPJXna9o586'),
(625, 'rCMCMHMnCHEgu6FG5GGIkXI34MQJVOKwsLQMegeB', 1385767001, '2Kv9vbSb9yc311L3H9k4wPPJXna9o586'),
(626, 'GqQeytJbSsvBQnTAX7gyBLarVun2cRTiMMxnOSxo', 1385767001, '2Kv9vbSb9yc311L3H9k4wPPJXna9o586'),
(627, '8TDHbsesLg457Z4Rb5UUtU2zYvoyw5Nw7bH8fNxT', 1385767125, '2Kv9vbSb9yc311L3H9k4wPPJXna9o586'),
(628, 'lWTJbnNkYivkMcoI3wmu9ntjbUW3jnvy3Ko5uhgk', 1385767125, '2Kv9vbSb9yc311L3H9k4wPPJXna9o586'),
(629, 'OYItDEiyCZnyvb7HlR41OurUUZRCHWL5x231beFH', 1385834102, '2Kv9vbSb9yc311L3H9k4wPPJXna9o586'),
(630, 'r0RMaLvwSwotrt72ryWivWLmYRiO7eqSDlYzTqhM', 1385834102, '2Kv9vbSb9yc311L3H9k4wPPJXna9o586'),
(631, 'bgNjBghUxQD6swSy1VXh0rT31Z4IiaLejRHbUHaZ', 1385839502, '2Kv9vbSb9yc311L3H9k4wPPJXna9o586'),
(632, 'S2l5jsvMDZ7MYq10uk1crnBH5m0o2Wl4uqSu4pnc', 1385839502, '2Kv9vbSb9yc311L3H9k4wPPJXna9o586'),
(633, 'EHtnSfMLweK66oeObl5Y4ltSVXh0jhTQ6dw8YpWt', 1385851789, '2Kv9vbSb9yc311L3H9k4wPPJXna9o586'),
(634, 'DF31BuwnHTsAhYPerrexvUv4ufOpPsk71SITDbfK', 1385851789, '2Kv9vbSb9yc311L3H9k4wPPJXna9o586'),
(635, '1W0EUZK9j3UR1vd4hRmcG8wHDwVDimfsZjPFEQF9', 1385920579, '2Kv9vbSb9yc311L3H9k4wPPJXna9o586'),
(636, 'tmkOsH3u2RKFWzD8PJSYjRu2g7s5VmCVhHKmFWlP', 1385920579, '2Kv9vbSb9yc311L3H9k4wPPJXna9o586'),
(637, 'p1TtltXa8IK50vcKJVFjEl18uzIqqy0uXZqbuP3F', 1385936954, '2Kv9vbSb9yc311L3H9k4wPPJXna9o586'),
(638, 'OITx6G6BWgr6wOYq9sqnWkQz49ZXLysdGaZI4AYF', 1385936954, '2Kv9vbSb9yc311L3H9k4wPPJXna9o586'),
(639, 'h3BM1x1NgxcizfZOBbgpbS8G0C8FdbLbUrvkVhz4', 1385954504, '2Kv9vbSb9yc311L3H9k4wPPJXna9o586'),
(640, 'yYRuMSqfxL265Mqpxxh2cf779cVld0CWcfMgNebw', 1385954504, '2Kv9vbSb9yc311L3H9k4wPPJXna9o586'),
(641, 'w3zHcWbQ32Lr9TCL9SWobeTFnprHOUb5p0VgxiiI', 1385999237, '2Kv9vbSb9yc311L3H9k4wPPJXna9o586'),
(642, 'xv3TBJ8jStN7sTP1eVlt1P27yeih2330wIs1rsym', 1385999237, '2Kv9vbSb9yc311L3H9k4wPPJXna9o586'),
(643, 'PCCud37nrPkyuKLOt0e75VNLYtrmLg9185cgJugJ', 1386007133, '2Kv9vbSb9yc311L3H9k4wPPJXna9o586'),
(644, 'W5N25Zpg4HAr2epL1gayhyY5LsVIe943hqGUSe4J', 1386007133, '2Kv9vbSb9yc311L3H9k4wPPJXna9o586'),
(645, 'niCFCYGACCu3WjqvqzUCFStCSRTaj4IJCwujAW51', 1386007856, '2Kv9vbSb9yc311L3H9k4wPPJXna9o586'),
(646, 'axD2oqpLrDOmNhMJjjUqwqv9nAwGYUpkajxTrw9y', 1386007856, '2Kv9vbSb9yc311L3H9k4wPPJXna9o586'),
(647, '6qCNnCxyEZhkEZeUuTDgsuNaLKsgSLzYvJhQM30F', 1386024039, '2Kv9vbSb9yc311L3H9k4wPPJXna9o586'),
(648, '0jgwFQnYoGTIXJZaZvlI956E2lVcW0nHjv6wnZVB', 1386024039, '2Kv9vbSb9yc311L3H9k4wPPJXna9o586'),
(649, 'DZD10MAITyQuCPSKmV89NysI0JtwqpreOEDtzI3L', 1386036628, '2Kv9vbSb9yc311L3H9k4wPPJXna9o586'),
(650, 'PtRFPNBsrrUK4Q9JEfM10LI0mjAMqjmjaQXXekAC', 1386036628, '2Kv9vbSb9yc311L3H9k4wPPJXna9o586'),
(651, 'ZeHoP1n0HUviWiyY8hE1DEV4IeVZ1C715XCy5goM', 1386096819, '2Kv9vbSb9yc311L3H9k4wPPJXna9o586'),
(652, 'sq3irS0HW5TdeXatNn0RbhJIz57hrDMErQJdc3c4', 1386096819, '2Kv9vbSb9yc311L3H9k4wPPJXna9o586'),
(653, 'oAeXhVMgALbCXbron6Df540iEgU59OhaFmSB4y5g', 1386100102, '2Kv9vbSb9yc311L3H9k4wPPJXna9o586'),
(654, 'A0ZtIVovjz5R82F8Ucr3FsYYlosb9eEZBuPK3uei', 1386100102, '2Kv9vbSb9yc311L3H9k4wPPJXna9o586'),
(655, 'mvPvPYgMiKXQRirg8ToSuLfgIMgfeDP4z3nKzWFY', 1386104631, '2Kv9vbSb9yc311L3H9k4wPPJXna9o586'),
(656, 'xgD6OIHWAqhTRWDAPZAJXqpSzh79sKuhioYIjkDf', 1386104631, '2Kv9vbSb9yc311L3H9k4wPPJXna9o586'),
(657, 'wyomVnUXaxwDWGz62wUGESYn0qXbJzJBkHfNy29f', 1386179744, '2Kv9vbSb9yc311L3H9k4wPPJXna9o586'),
(658, 'cxiVrbYEozOA4GeA0piLvNDPqNMSiSBpsgIGyAZ0', 1386179744, '2Kv9vbSb9yc311L3H9k4wPPJXna9o586'),
(659, 'ZCHVVRtV5tLmvUSY4kYmBhL5RM7LQPGzXJdpVria', 1386182098, '2Kv9vbSb9yc311L3H9k4wPPJXna9o586'),
(660, 'Z80Wo10BrmljtAMusyNxCQmpK4bYuelGRWBGhEOg', 1386182098, '2Kv9vbSb9yc311L3H9k4wPPJXna9o586'),
(661, 'iwF7kUzk1kApW8o7ZLkhsJk4iOvjk47juoNKwd04', 1386216219, '2Kv9vbSb9yc311L3H9k4wPPJXna9o586'),
(662, 'JqWJANZDH633UejcnIYLYVaA4etRXsXipwOmtuh5', 1386216219, '2Kv9vbSb9yc311L3H9k4wPPJXna9o586'),
(663, 'vzu7iiw4cBE1kdLyo39D1AnaGI73TEhtu9LOXGQ6', 1386224856, '2Kv9vbSb9yc311L3H9k4wPPJXna9o586'),
(664, 'NzzbvpUHVUrs4PozA72RZE9ujkvEMPedTLF5DiM6', 1386224856, '2Kv9vbSb9yc311L3H9k4wPPJXna9o586');

-- --------------------------------------------------------

--
-- Estructura de tabla para la tabla `oauth_session_token_scopes`
--

CREATE TABLE IF NOT EXISTS `oauth_session_token_scopes` (
  `id` bigint(20) unsigned NOT NULL AUTO_INCREMENT,
  `session_access_token_id` int(10) unsigned DEFAULT NULL,
  `scope_id` smallint(5) unsigned NOT NULL,
  PRIMARY KEY (`id`),
  UNIQUE KEY `u_setosc_setoid_scid` (`session_access_token_id`,`scope_id`),
  KEY `f_oasetosc_scid` (`scope_id`)
) ENGINE=InnoDB  DEFAULT CHARSET=utf8 AUTO_INCREMENT=3685 ;

--
-- Volcado de datos para la tabla `oauth_session_token_scopes`
--

INSERT INTO `oauth_session_token_scopes` (`id`, `session_access_token_id`, `scope_id`) VALUES
(1, NULL, 1),
(2, NULL, 1),
(3, NULL, 1),
(4, NULL, 1),
(5, NULL, 1),
(6, NULL, 1),
(7, NULL, 1),
(8, NULL, 1),
(9, NULL, 1),
(10, NULL, 1),
(11, NULL, 1),
(12, NULL, 1),
(13, NULL, 1),
(14, 14, 1),
(15, 15, 1),
(16, 16, 1),
(17, 17, 1),
(18, 18, 1),
(19, 19, 1),
(20, 20, 1),
(21, 21, 1),
(22, 22, 1),
(23, 23, 1),
(24, 24, 1),
(25, 25, 1),
(26, 26, 1),
(27, 27, 1),
(28, 28, 1),
(29, 29, 1),
(30, 30, 1),
(31, 31, 1),
(32, 32, 1),
(33, 33, 1),
(34, 34, 1),
(35, 35, 1),
(36, 36, 1),
(37, 37, 1),
(38, 38, 1),
(39, 39, 1),
(40, 40, 1),
(41, 41, 1),
(42, 42, 1),
(43, 43, 1),
(44, 44, 1),
(45, 45, 1),
(46, 46, 1),
(47, 47, 1),
(48, 48, 1),
(49, 49, 1),
(50, 50, 1),
(51, 51, 1),
(52, 52, 1),
(53, 53, 1),
(54, 54, 1),
(55, 55, 1),
(56, 56, 1),
(57, 57, 1),
(58, 58, 1),
(59, 59, 1),
(60, 60, 1),
(61, 61, 1),
(62, 62, 1),
(63, 63, 1),
(64, 64, 1),
(65, 65, 1),
(66, 66, 1),
(67, 67, 1),
(68, 68, 1),
(69, 69, 1),
(70, 70, 1),
(71, 71, 1),
(72, 72, 1),
(73, 73, 1),
(74, 74, 1),
(75, 75, 1),
(76, 76, 1),
(77, 77, 1),
(78, 78, 1),
(79, 79, 1),
(80, 80, 1),
(81, 81, 1),
(82, 82, 1),
(83, 83, 1),
(84, 84, 1),
(85, 85, 1),
(86, 86, 1),
(87, 87, 1),
(88, 88, 1),
(89, 89, 1),
(90, 90, 1),
(91, 91, 1),
(92, 92, 1),
(93, 93, 1),
(94, 94, 1),
(95, 95, 1),
(96, 96, 1),
(97, 97, 1),
(98, 98, 1),
(99, 99, 1),
(100, 100, 1),
(101, 101, 1),
(102, 102, 1),
(103, 103, 1),
(104, 104, 1),
(105, 105, 1),
(106, 106, 1),
(107, 107, 1),
(108, 108, 1),
(109, 109, 1),
(110, 110, 1),
(111, 111, 1),
(112, 112, 1),
(113, 113, 1),
(114, 114, 1),
(115, 115, 1),
(116, 116, 1),
(117, 117, 1),
(118, 118, 1),
(119, 119, 1),
(120, 120, 1),
(121, 121, 1),
(122, 122, 1),
(123, 123, 1),
(124, 124, 1),
(125, 125, 1),
(126, 126, 1),
(127, 127, 1),
(128, 128, 1),
(129, 129, 1),
(130, 130, 1),
(131, 131, 1),
(132, 132, 1),
(133, 133, 1),
(134, 134, 1),
(135, 135, 1),
(136, 136, 1),
(137, 137, 1),
(138, 138, 1),
(139, 139, 1),
(140, 140, 1),
(141, 141, 1),
(142, 142, 1),
(143, 143, 1),
(144, 144, 1),
(145, 145, 1),
(146, 146, 1),
(147, 147, 1),
(148, 148, 1),
(149, 149, 1),
(150, 150, 1),
(151, 151, 1),
(152, 152, 1),
(153, 153, 1),
(154, 154, 1),
(155, 155, 1),
(156, 156, 1),
(157, 157, 1),
(158, 158, 1),
(159, 159, 1),
(160, 160, 1),
(161, 161, 1),
(162, 162, 1),
(163, 163, 1),
(164, 164, 1),
(165, 165, 1),
(166, 166, 1),
(167, 167, 1),
(168, 168, 1),
(169, 169, 1),
(170, 170, 1),
(171, 171, 1),
(172, 172, 1),
(173, 173, 1),
(174, 174, 1),
(175, 175, 1),
(176, 176, 1),
(177, 177, 1),
(178, 178, 1),
(179, 179, 1),
(180, 180, 1),
(181, 181, 1),
(182, 182, 1),
(183, 183, 1),
(184, 184, 1),
(185, 185, 1),
(186, 186, 1),
(187, 187, 1),
(188, 188, 1),
(189, 189, 1),
(190, 190, 1),
(191, 191, 1),
(192, 192, 1),
(193, 193, 1),
(194, 194, 1),
(195, 195, 1),
(196, 196, 1),
(197, 197, 1),
(198, 198, 1),
(199, 199, 1),
(200, 200, 1),
(201, 201, 1),
(202, 202, 1),
(203, 203, 1),
(204, 204, 1),
(205, 205, 1),
(206, 206, 1),
(207, 207, 1),
(208, 208, 1),
(209, 209, 1),
(210, 210, 1),
(211, 211, 1),
(212, 212, 1),
(213, 213, 1),
(214, 214, 1),
(215, 215, 1),
(216, 216, 1),
(217, 217, 1),
(218, 218, 1),
(219, 219, 1),
(220, 220, 1),
(221, 221, 1),
(222, 222, 1),
(223, 223, 1),
(224, 224, 1),
(225, 225, 1),
(226, 226, 1),
(227, 227, 1),
(228, 228, 1),
(229, 229, 1),
(230, 230, 1),
(231, 231, 1),
(232, 232, 1),
(233, 233, 1),
(234, 234, 1),
(235, 235, 1),
(236, 236, 1),
(237, 237, 1),
(238, 238, 1),
(239, 239, 1),
(240, 240, 1),
(241, 241, 1),
(242, 242, 1),
(243, 243, 1),
(244, 244, 1),
(245, 245, 1),
(246, 246, 1),
(247, 247, 1),
(248, 248, 1),
(249, 249, 1),
(250, 250, 1),
(251, 251, 1),
(252, 252, 1),
(253, 253, 1),
(254, 254, 1),
(255, 255, 1),
(256, 256, 1),
(257, 257, 1),
(258, 258, 1),
(259, 259, 1),
(260, 260, 1),
(261, 261, 1),
(262, 262, 1),
(263, 263, 1),
(264, 264, 1),
(265, 265, 1),
(266, 266, 1),
(267, 267, 1),
(268, 268, 1),
(269, 269, 1),
(270, 270, 1),
(271, 271, 1),
(272, 272, 1),
(273, 273, 1),
(274, 274, 1),
(275, 275, 1),
(276, 276, 1),
(277, 277, 1),
(278, 278, 1),
(279, 279, 1),
(280, 280, 1),
(281, 281, 1),
(282, 282, 1),
(283, 283, 1),
(284, 284, 1),
(285, 285, 1),
(286, 286, 1),
(287, 287, 1),
(288, 288, 1),
(289, 289, 1),
(290, 290, 1),
(291, 291, 1),
(292, 292, 1),
(293, 293, 1),
(294, 294, 1),
(295, 295, 1),
(296, 296, 1),
(297, 297, 1),
(298, 298, 1),
(299, 299, 1),
(300, 300, 1),
(301, 301, 1),
(302, 302, 1),
(303, 303, 1),
(304, 304, 1),
(305, 305, 1),
(306, 306, 1),
(307, 307, 1),
(308, 308, 1),
(309, 309, 1),
(310, 310, 1),
(311, 311, 1),
(312, 312, 1),
(313, 313, 1),
(314, 314, 1),
(315, 315, 1),
(316, 316, 1),
(317, 317, 1),
(318, 318, 1),
(319, 319, 1),
(320, 320, 1),
(321, 321, 1),
(322, 322, 1),
(323, 323, 1),
(324, 324, 1),
(325, 325, 1),
(326, 326, 1),
(327, 327, 1),
(328, 328, 1),
(329, 329, 1),
(330, 330, 1),
(331, 331, 1),
(332, 332, 1),
(333, 333, 1),
(334, 334, 1),
(335, 335, 1),
(336, 336, 1),
(337, 337, 1),
(338, 338, 1),
(339, 339, 1),
(340, 340, 1),
(341, 341, 1),
(342, 342, 1),
(343, 343, 1),
(344, 344, 1),
(345, 345, 1),
(346, 346, 1),
(347, 347, 1),
(348, 348, 1),
(349, 349, 1),
(350, 350, 1),
(351, 351, 1),
(352, 352, 1),
(353, 353, 1),
(354, 354, 1),
(355, 355, 1),
(356, 356, 1),
(357, 357, 1),
(358, 358, 1),
(359, 359, 1),
(360, 360, 1),
(361, 361, 1),
(362, 362, 1),
(363, 362, 2),
(364, 363, 1),
(365, 363, 2),
(366, 364, 1),
(367, 364, 2),
(368, 365, 1),
(369, 365, 2),
(370, 366, 1),
(371, 366, 2),
(372, 367, 1),
(373, 367, 2),
(374, 368, 1),
(375, 368, 2),
(376, 369, 1),
(377, 369, 2),
(378, 370, 1),
(379, 370, 2),
(380, 371, 1),
(381, 371, 2),
(382, 372, 1),
(383, 372, 2),
(384, 373, 1),
(385, 373, 2),
(386, 374, 1),
(387, 374, 2),
(388, 375, 1),
(389, 375, 2),
(390, 376, 1),
(391, 376, 2),
(392, 377, 1),
(393, 377, 2),
(394, 378, 1),
(395, 378, 2),
(396, 379, 1),
(397, 379, 2),
(398, 380, 1),
(399, 380, 2),
(400, 381, 1),
(401, 381, 2),
(402, 382, 1),
(403, 382, 2),
(404, 383, 1),
(405, 383, 2),
(406, 384, 1),
(407, 384, 2),
(408, 385, 1),
(409, 385, 2),
(410, 386, 1),
(411, 386, 2),
(412, 387, 1),
(413, 387, 2),
(414, 388, 1),
(415, 388, 2),
(416, 389, 1),
(417, 389, 2),
(418, 390, 1),
(419, 390, 2),
(420, 391, 1),
(421, 391, 2),
(422, 392, 1),
(423, 392, 2),
(424, 393, 1),
(425, 393, 2),
(426, 394, 1),
(427, 394, 2),
(428, 395, 1),
(429, 395, 2),
(430, 396, 1),
(431, 396, 2),
(432, 397, 1),
(433, 397, 2),
(434, 398, 1),
(435, 398, 2),
(436, 399, 1),
(437, 399, 2),
(438, 400, 1),
(439, 400, 2),
(440, 401, 1),
(441, 401, 2),
(442, 402, 1),
(443, 402, 2),
(444, 403, 1),
(445, 403, 2),
(446, 404, 1),
(447, 404, 2),
(448, 405, 1),
(449, 405, 2),
(450, 406, 1),
(451, 406, 2),
(452, 407, 1),
(453, 407, 2),
(454, 408, 1),
(455, 408, 2),
(456, 409, 1),
(457, 409, 2),
(458, 410, 1),
(459, 410, 2),
(460, 411, 1),
(461, 411, 2),
(462, 412, 1),
(463, 412, 2),
(464, 413, 1),
(465, 413, 2),
(466, 414, 1),
(467, 414, 2),
(468, 415, 1),
(469, 415, 2),
(470, 416, 1),
(471, 416, 2),
(472, 417, 1),
(473, 417, 2),
(474, 418, 1),
(475, 418, 2),
(476, 419, 1),
(477, 419, 2),
(478, 420, 1),
(479, 420, 2),
(480, 421, 1),
(481, 421, 2),
(482, 422, 1),
(483, 422, 2),
(484, 423, 1),
(485, 423, 2),
(486, 424, 1),
(487, 424, 2),
(488, 425, 1),
(489, 425, 2),
(490, 426, 1),
(491, 426, 2),
(492, 427, 1),
(493, 427, 2),
(494, 428, 1),
(495, 428, 2),
(496, 429, 1),
(497, 429, 2),
(498, 430, 1),
(499, 430, 2),
(500, 431, 1),
(501, 431, 2),
(502, 432, 1),
(503, 432, 2),
(504, 433, 1),
(505, 433, 2),
(506, 434, 1),
(507, 434, 2),
(508, 435, 1),
(509, 435, 2),
(510, 436, 1),
(511, 436, 2),
(512, 437, 1),
(513, 437, 2),
(514, 438, 1),
(515, 438, 2),
(516, 439, 1),
(517, 439, 2),
(518, 440, 1),
(519, 440, 2),
(520, 441, 1),
(521, 441, 2),
(522, 442, 1),
(523, 442, 2),
(524, 443, 1),
(525, 443, 2),
(526, 444, 1),
(527, 444, 2),
(528, 445, 1),
(529, 445, 2),
(530, 446, 1),
(531, 446, 2),
(532, 447, 1),
(533, 447, 2),
(534, 448, 1),
(535, 448, 2),
(536, 449, 1),
(537, 449, 2),
(538, 450, 1),
(539, 450, 2),
(540, 451, 1),
(541, 451, 2),
(542, 452, 1),
(543, 452, 2),
(544, 453, 1),
(545, 453, 2),
(546, 454, 1),
(547, 454, 2),
(548, 455, 1),
(549, 455, 2),
(550, 456, 1),
(551, 456, 2),
(552, 457, 1),
(553, 457, 2),
(554, 458, 1),
(555, 458, 2),
(556, 459, 1),
(557, 459, 2),
(558, 460, 1),
(559, 460, 2),
(560, 461, 1),
(561, 461, 2),
(562, 462, 1),
(563, 462, 2),
(564, 463, 1),
(565, 463, 2),
(566, 464, 1),
(567, 464, 2),
(568, 465, 1),
(569, 465, 2),
(570, 466, 1),
(571, 466, 2),
(572, 467, 1),
(573, 467, 2),
(574, 468, 1),
(575, 468, 2),
(576, 469, 1),
(577, 469, 2),
(578, 470, 1),
(579, 470, 2),
(580, 471, 1),
(581, 471, 2),
(582, 472, 1),
(583, 472, 2),
(584, 473, 1),
(585, 473, 2),
(586, 474, 1),
(587, 474, 2),
(588, 475, 1),
(589, 475, 2),
(590, 476, 1),
(591, 476, 2),
(592, 477, 1),
(593, 477, 2),
(594, 478, 1),
(595, 478, 2),
(596, 479, 1),
(597, 479, 2),
(598, 480, 1),
(599, 480, 2),
(600, 481, 1),
(601, 481, 2),
(602, 482, 1),
(603, 482, 2),
(604, 483, 1),
(605, 483, 2),
(606, 484, 1),
(607, 484, 2),
(608, 485, 1),
(609, 485, 2),
(610, 486, 1),
(611, 486, 2),
(612, 487, 1),
(613, 487, 2),
(614, 488, 1),
(615, 488, 2),
(616, 489, 1),
(617, 489, 2),
(618, 490, 1),
(619, 490, 2),
(620, 491, 1),
(621, 491, 2),
(622, 492, 1),
(623, 492, 2),
(624, 493, 1),
(625, 493, 2),
(626, 494, 1),
(627, 494, 2),
(628, 495, 1),
(629, 495, 2),
(630, 496, 1),
(631, 496, 2),
(632, 497, 1),
(633, 497, 2),
(634, 498, 1),
(635, 498, 2),
(636, 499, 1),
(637, 499, 2),
(638, 500, 1),
(639, 500, 2),
(640, 501, 1),
(641, 501, 2),
(642, 502, 1),
(643, 502, 2),
(644, 503, 1),
(645, 503, 2),
(646, 504, 1),
(647, 504, 2),
(648, 505, 1),
(649, 505, 2),
(650, 506, 1),
(651, 506, 2),
(652, 507, 1),
(653, 507, 2),
(654, 508, 1),
(655, 508, 2),
(656, 509, 1),
(657, 509, 2),
(658, 510, 1),
(659, 510, 2),
(660, 511, 1),
(661, 511, 2),
(662, 512, 1),
(663, 512, 2),
(664, 513, 1),
(665, 513, 2),
(666, 514, 1),
(667, 514, 2),
(668, 515, 1),
(669, 515, 2),
(670, 516, 1),
(671, 516, 2),
(672, 517, 1),
(673, 517, 2),
(674, 518, 1),
(675, 518, 2),
(676, 519, 1),
(677, 519, 2),
(678, 520, 1),
(679, 520, 2),
(680, 521, 1),
(681, 521, 2),
(682, 522, 1),
(683, 522, 2),
(684, 523, 1),
(685, 523, 2),
(686, 524, 1),
(687, 524, 2),
(688, 525, 1),
(689, 525, 2),
(690, 526, 1),
(691, 526, 2),
(692, 527, 1),
(693, 527, 2),
(694, 528, 1),
(695, 528, 2),
(696, 529, 1),
(697, 529, 2),
(698, 530, 1),
(699, 530, 2),
(700, 531, 1),
(701, 531, 2),
(702, 532, 1),
(703, 532, 2),
(704, 533, 1),
(705, 533, 2),
(706, 534, 1),
(707, 534, 2),
(708, 535, 1),
(709, 535, 2),
(710, 536, 1),
(711, 536, 2),
(712, 537, 1),
(713, 537, 2),
(714, 538, 1),
(715, 538, 2),
(716, 539, 1),
(717, 539, 2),
(718, 540, 1),
(719, 540, 2),
(720, 541, 1),
(721, 541, 2),
(722, 542, 1),
(723, 542, 2),
(724, 543, 1),
(725, 543, 2),
(726, 544, 1),
(727, 544, 2),
(728, 545, 1),
(729, 545, 2),
(730, 546, 1),
(731, 546, 2),
(732, 547, 1),
(733, 547, 2),
(734, 548, 1),
(735, 548, 2),
(736, 549, 1),
(737, 549, 2),
(738, 550, 1),
(739, 550, 2),
(740, 551, 1),
(741, 551, 2),
(742, 552, 1),
(743, 552, 2),
(744, 553, 1),
(745, 553, 2),
(746, 554, 1),
(747, 554, 2),
(748, 555, 1),
(749, 555, 2),
(750, 556, 1),
(751, 556, 2),
(752, 557, 1),
(753, 557, 2),
(754, 558, 1),
(755, 558, 2),
(756, 559, 1),
(757, 559, 2),
(758, 560, 1),
(759, 560, 2),
(760, 561, 1),
(761, 561, 2),
(762, 562, 1),
(763, 562, 2),
(764, 563, 1),
(765, 563, 2),
(766, 564, 1),
(767, 564, 2),
(768, 565, 1),
(769, 565, 2),
(770, 566, 1),
(771, 566, 2),
(772, 567, 1),
(773, 567, 2),
(774, 568, 1),
(775, 568, 2),
(776, 569, 1),
(777, 569, 2),
(778, 570, 1),
(779, 570, 2),
(780, 571, 1),
(781, 571, 2),
(782, 572, 1),
(783, 572, 2),
(784, 573, 1),
(785, 573, 2),
(786, 574, 1),
(787, 574, 2),
(788, 575, 1),
(789, 575, 2),
(790, 576, 1),
(791, 576, 2),
(792, 577, 1),
(794, 577, 2),
(793, 578, 1),
(795, 578, 2),
(796, 579, 1),
(798, 579, 2),
(797, 580, 1),
(799, 580, 2),
(800, 581, 1),
(801, 581, 2),
(802, 582, 1),
(803, 582, 2),
(804, 583, 1),
(805, 583, 2),
(806, 584, 1),
(807, 584, 2),
(809, 585, 1),
(811, 585, 2),
(808, 586, 1),
(810, 586, 2),
(812, 587, 1),
(813, 587, 2),
(814, 588, 1),
(815, 588, 2),
(816, 589, 1),
(817, 589, 2),
(818, 590, 1),
(819, 590, 2),
(820, 591, 1),
(821, 591, 2),
(822, 592, 1),
(823, 592, 2),
(824, 593, 1),
(825, 593, 2),
(826, 594, 1),
(827, 594, 2),
(828, 595, 1),
(829, 595, 2),
(830, 596, 1),
(831, 596, 2),
(832, 597, 1),
(833, 597, 2),
(834, 598, 1),
(835, 598, 2),
(836, 599, 1),
(837, 599, 2),
(838, 600, 1),
(839, 600, 2),
(840, 601, 1),
(841, 601, 2),
(842, 602, 1),
(843, 602, 2),
(844, 603, 1),
(845, 603, 2),
(847, 604, 1),
(849, 604, 2),
(846, 605, 1),
(848, 605, 2),
(850, 606, 1),
(851, 606, 2),
(852, 607, 1),
(853, 607, 2),
(854, 608, 1),
(855, 608, 2),
(856, 609, 1),
(857, 609, 2),
(859, 610, 1),
(861, 610, 2),
(858, 611, 1),
(860, 611, 2),
(862, 612, 1),
(863, 612, 2),
(864, 613, 1),
(865, 613, 2),
(866, 614, 1),
(867, 614, 2),
(868, 615, 1),
(869, 615, 2),
(870, 616, 1),
(871, 616, 2),
(872, 617, 1),
(873, 617, 2),
(874, 618, 1),
(875, 618, 2),
(876, 619, 1),
(877, 619, 2),
(878, 620, 1),
(879, 620, 2),
(880, 621, 1),
(881, 621, 2),
(882, 622, 1),
(883, 622, 2),
(884, 623, 1),
(885, 623, 2),
(886, 624, 1),
(887, 624, 2),
(888, 625, 1),
(889, 625, 2),
(890, 626, 1),
(891, 626, 2),
(892, 627, 1),
(893, 627, 2),
(894, 628, 1),
(895, 628, 2),
(896, 629, 1),
(897, 629, 2),
(898, 630, 1),
(899, 630, 2),
(900, 631, 1),
(901, 631, 2),
(902, 632, 1),
(903, 632, 2),
(904, 633, 1),
(905, 633, 2),
(906, 634, 1),
(907, 634, 2),
(908, 635, 1),
(909, 635, 2),
(910, 636, 1),
(911, 636, 2),
(912, 637, 1),
(913, 637, 2),
(914, 638, 1),
(915, 638, 2),
(916, 639, 1),
(917, 639, 2),
(918, 640, 1),
(919, 640, 2),
(920, 641, 1),
(921, 641, 2),
(922, 642, 1),
(923, 642, 2),
(924, 643, 1),
(925, 643, 2),
(926, 644, 1),
(927, 644, 2),
(928, 645, 1),
(930, 645, 2),
(929, 646, 1),
(931, 646, 2),
(932, 647, 1),
(933, 647, 2),
(934, 648, 1),
(935, 648, 2),
(936, 649, 1),
(937, 649, 2),
(938, 650, 1),
(939, 650, 2),
(940, 651, 1),
(941, 651, 2),
(942, 652, 1),
(943, 652, 2),
(944, 653, 1),
(945, 653, 2),
(946, 654, 1),
(947, 654, 2),
(948, 655, 1),
(949, 655, 2),
(950, 656, 1),
(951, 656, 2),
(952, 657, 1),
(953, 657, 2),
(954, 658, 1),
(955, 658, 2),
(956, 659, 1),
(957, 659, 2),
(958, 660, 1),
(959, 660, 2),
(960, 661, 1),
(961, 661, 2),
(962, 662, 1),
(963, 662, 2),
(964, 663, 1),
(965, 663, 2),
(966, 664, 1),
(967, 664, 2),
(968, 877, 1),
(969, 877, 2),
(970, 877, 7),
(971, 877, 8),
(973, 877, 9),
(975, 877, 10),
(977, 877, 11),
(979, 877, 12),
(981, 877, 13),
(983, 877, 14),
(985, 877, 15),
(987, 877, 16),
(989, 877, 17),
(972, 878, 1),
(974, 878, 2),
(976, 878, 7),
(978, 878, 8),
(980, 878, 9),
(982, 878, 10),
(984, 878, 11),
(986, 878, 12),
(988, 878, 13),
(990, 878, 14),
(991, 878, 15),
(992, 878, 16),
(993, 878, 17),
(994, 879, 1),
(995, 879, 2),
(996, 879, 7),
(997, 879, 8),
(998, 879, 9),
(999, 879, 10),
(1000, 879, 11),
(1001, 879, 12),
(1002, 879, 13),
(1003, 879, 14),
(1004, 879, 15),
(1005, 879, 16),
(1006, 879, 17),
(1007, 880, 1),
(1008, 880, 2),
(1009, 880, 7),
(1010, 880, 8),
(1011, 880, 9),
(1012, 880, 10),
(1013, 880, 11),
(1014, 880, 12),
(1015, 880, 13),
(1016, 880, 14),
(1017, 880, 15),
(1018, 880, 16),
(1019, 880, 17),
(1020, 881, 1),
(1021, 881, 2),
(1022, 881, 7),
(1023, 881, 8),
(1024, 881, 9),
(1025, 881, 10),
(1026, 881, 11),
(1027, 881, 12),
(1028, 881, 13),
(1029, 881, 14),
(1030, 881, 15),
(1031, 881, 16),
(1032, 881, 17),
(1033, 882, 1),
(1034, 882, 2),
(1035, 882, 7),
(1036, 882, 8),
(1037, 882, 9),
(1038, 882, 10),
(1039, 882, 11),
(1040, 882, 12),
(1041, 882, 13),
(1042, 882, 14),
(1043, 882, 15),
(1044, 882, 16),
(1045, 882, 17),
(1046, 883, 1),
(1048, 883, 2),
(1050, 883, 7),
(1052, 883, 8),
(1053, 883, 9),
(1055, 883, 10),
(1057, 883, 11),
(1059, 883, 12),
(1061, 883, 13),
(1063, 883, 14),
(1065, 883, 15),
(1067, 883, 16),
(1069, 883, 17),
(1047, 884, 1),
(1049, 884, 2),
(1051, 884, 7),
(1054, 884, 8),
(1056, 884, 9),
(1058, 884, 10),
(1060, 884, 11),
(1062, 884, 12),
(1064, 884, 13),
(1066, 884, 14),
(1068, 884, 15),
(1070, 884, 16),
(1071, 884, 17),
(1072, 885, 1),
(1073, 885, 2),
(1075, 885, 7),
(1077, 885, 8),
(1079, 885, 9),
(1081, 885, 10),
(1083, 885, 11),
(1085, 885, 12),
(1087, 885, 13),
(1089, 885, 14),
(1091, 885, 15),
(1093, 885, 16),
(1095, 885, 17),
(1074, 886, 1),
(1076, 886, 2),
(1078, 886, 7),
(1080, 886, 8),
(1082, 886, 9),
(1084, 886, 10),
(1086, 886, 11),
(1088, 886, 12),
(1090, 886, 13),
(1092, 886, 14),
(1094, 886, 15),
(1096, 886, 16),
(1097, 886, 17),
(1098, 887, 1),
(1099, 887, 2),
(1100, 887, 7),
(1101, 887, 8),
(1102, 887, 9),
(1103, 887, 10),
(1104, 887, 11),
(1105, 887, 12),
(1106, 887, 13),
(1107, 887, 14),
(1108, 887, 15),
(1109, 887, 16),
(1110, 887, 17),
(1111, 888, 1),
(1112, 888, 2),
(1113, 888, 7),
(1114, 888, 8),
(1115, 888, 9),
(1116, 888, 10),
(1117, 888, 11),
(1118, 888, 12),
(1119, 888, 13),
(1120, 888, 14),
(1121, 888, 15),
(1122, 888, 16),
(1123, 888, 17),
(1124, 889, 1),
(1125, 889, 2),
(1126, 889, 7),
(1127, 889, 8),
(1128, 889, 9),
(1129, 889, 10),
(1130, 889, 11),
(1131, 889, 12),
(1132, 889, 13),
(1133, 889, 14),
(1134, 889, 15),
(1135, 889, 16),
(1136, 889, 17),
(1137, 890, 1),
(1138, 890, 2),
(1139, 890, 7),
(1140, 890, 8),
(1141, 890, 9),
(1142, 890, 10),
(1143, 890, 11),
(1144, 890, 12),
(1145, 890, 13),
(1146, 890, 14),
(1147, 890, 15),
(1148, 890, 16),
(1149, 890, 17),
(1150, 891, 1),
(1152, 891, 2),
(1154, 891, 7),
(1156, 891, 8),
(1158, 891, 9),
(1160, 891, 10),
(1162, 891, 11),
(1164, 891, 12),
(1166, 891, 13),
(1168, 891, 14),
(1170, 891, 15),
(1172, 891, 16),
(1174, 891, 17),
(1151, 892, 1),
(1153, 892, 2),
(1155, 892, 7),
(1157, 892, 8),
(1159, 892, 9),
(1161, 892, 10),
(1163, 892, 11),
(1165, 892, 12),
(1167, 892, 13),
(1169, 892, 14),
(1171, 892, 15),
(1173, 892, 16),
(1175, 892, 17),
(1176, 893, 1),
(1178, 893, 2),
(1180, 893, 7),
(1182, 893, 8),
(1184, 893, 9),
(1186, 893, 10),
(1188, 893, 11),
(1190, 893, 12),
(1192, 893, 13),
(1194, 893, 14),
(1196, 893, 15),
(1198, 893, 16),
(1200, 893, 17),
(1177, 894, 1),
(1179, 894, 2),
(1181, 894, 7),
(1183, 894, 8),
(1185, 894, 9),
(1187, 894, 10),
(1189, 894, 11),
(1191, 894, 12),
(1193, 894, 13),
(1195, 894, 14),
(1197, 894, 15),
(1199, 894, 16),
(1201, 894, 17),
(1202, 895, 1),
(1203, 895, 2),
(1204, 895, 7),
(1205, 895, 8),
(1206, 895, 9),
(1207, 895, 10),
(1208, 895, 11),
(1209, 895, 12),
(1210, 895, 13),
(1211, 895, 14),
(1212, 895, 15),
(1213, 895, 16),
(1214, 895, 17),
(1215, 896, 1),
(1216, 896, 2),
(1217, 896, 7),
(1218, 896, 8),
(1219, 896, 9),
(1220, 896, 10),
(1221, 896, 11),
(1222, 896, 12),
(1223, 896, 13),
(1224, 896, 14),
(1225, 896, 15),
(1226, 896, 16),
(1227, 896, 17),
(1228, 897, 1),
(1229, 897, 2),
(1230, 897, 7),
(1231, 897, 8),
(1233, 897, 9),
(1235, 897, 10),
(1237, 897, 11),
(1239, 897, 12),
(1241, 897, 13),
(1243, 897, 14),
(1245, 897, 15),
(1247, 897, 16),
(1249, 897, 17),
(1232, 898, 1),
(1234, 898, 2),
(1236, 898, 7),
(1238, 898, 8),
(1240, 898, 9),
(1242, 898, 10),
(1244, 898, 11),
(1246, 898, 12),
(1248, 898, 13),
(1250, 898, 14),
(1251, 898, 15),
(1252, 898, 16),
(1253, 898, 17),
(1254, 899, 1),
(1257, 899, 2),
(1259, 899, 7),
(1261, 899, 8),
(1263, 899, 9),
(1265, 899, 10),
(1267, 899, 11),
(1269, 899, 12),
(1271, 899, 13),
(1273, 899, 14),
(1275, 899, 15),
(1277, 899, 16),
(1279, 899, 17),
(1255, 900, 1),
(1256, 900, 2),
(1258, 900, 7),
(1260, 900, 8),
(1262, 900, 9),
(1264, 900, 10),
(1266, 900, 11),
(1268, 900, 12),
(1270, 900, 13),
(1272, 900, 14),
(1274, 900, 15),
(1276, 900, 16),
(1278, 900, 17),
(1280, 901, 1),
(1281, 901, 2),
(1282, 901, 7),
(1283, 901, 8),
(1284, 901, 9),
(1285, 901, 10),
(1286, 901, 11),
(1287, 901, 12),
(1288, 901, 13),
(1289, 901, 14),
(1290, 901, 15),
(1291, 901, 16),
(1292, 901, 17),
(1293, 902, 1),
(1294, 902, 2),
(1295, 902, 7),
(1296, 902, 8),
(1297, 902, 9),
(1298, 902, 10),
(1299, 902, 11),
(1300, 902, 12),
(1301, 902, 13),
(1302, 902, 14),
(1303, 902, 15),
(1304, 902, 16),
(1305, 902, 17),
(1306, 903, 1),
(1307, 903, 2),
(1308, 903, 7),
(1309, 903, 8),
(1310, 903, 9),
(1311, 903, 10),
(1313, 903, 11),
(1316, 903, 12),
(1318, 903, 13),
(1320, 903, 14),
(1322, 903, 15),
(1324, 903, 16),
(1326, 903, 17),
(1312, 904, 1),
(1314, 904, 2),
(1315, 904, 7),
(1317, 904, 8),
(1319, 904, 9),
(1321, 904, 10),
(1323, 904, 11),
(1325, 904, 12),
(1327, 904, 13),
(1328, 904, 14),
(1329, 904, 15),
(1330, 904, 16),
(1331, 904, 17),
(1332, 905, 1),
(1333, 905, 2),
(1334, 905, 7),
(1335, 905, 8),
(1336, 905, 9),
(1337, 905, 10),
(1339, 905, 11),
(1341, 905, 12),
(1343, 905, 13),
(1345, 905, 14),
(1347, 905, 15),
(1349, 905, 16),
(1351, 905, 17),
(1338, 906, 1),
(1340, 906, 2),
(1342, 906, 7),
(1344, 906, 8),
(1346, 906, 9),
(1348, 906, 10),
(1350, 906, 11),
(1352, 906, 12),
(1353, 906, 13),
(1354, 906, 14),
(1355, 906, 15),
(1356, 906, 16),
(1357, 906, 17),
(1358, 907, 1),
(1359, 907, 2),
(1360, 907, 7),
(1361, 907, 8),
(1362, 907, 9),
(1363, 907, 10),
(1364, 907, 11),
(1365, 907, 12),
(1366, 907, 13),
(1367, 907, 14),
(1368, 907, 15),
(1369, 907, 16),
(1370, 907, 17),
(1371, 908, 1),
(1372, 908, 2),
(1373, 908, 7),
(1374, 908, 8),
(1375, 908, 9),
(1376, 908, 10),
(1377, 908, 11),
(1378, 908, 12),
(1379, 908, 13),
(1380, 908, 14),
(1381, 908, 15),
(1382, 908, 16),
(1383, 908, 17),
(1384, 909, 1),
(1385, 909, 2),
(1386, 909, 7),
(1387, 909, 8),
(1388, 909, 9),
(1389, 909, 10),
(1390, 909, 11),
(1391, 909, 12),
(1392, 909, 13),
(1394, 909, 14),
(1396, 909, 15),
(1398, 909, 16),
(1400, 909, 17),
(1393, 910, 1),
(1395, 910, 2),
(1397, 910, 7),
(1399, 910, 8),
(1401, 910, 9),
(1402, 910, 10),
(1403, 910, 11),
(1404, 910, 12),
(1405, 910, 13),
(1406, 910, 14),
(1407, 910, 15),
(1408, 910, 16),
(1409, 910, 17),
(1410, 911, 1),
(1411, 911, 2),
(1412, 911, 7),
(1413, 911, 8),
(1414, 911, 9),
(1415, 911, 10),
(1416, 911, 11),
(1417, 911, 12),
(1418, 911, 13),
(1419, 911, 14),
(1420, 911, 15),
(1421, 911, 16),
(1422, 911, 17),
(1423, 912, 1),
(1424, 912, 2),
(1425, 912, 7),
(1426, 912, 8),
(1427, 912, 9),
(1428, 912, 10),
(1429, 912, 11),
(1430, 912, 12),
(1431, 912, 13),
(1432, 912, 14),
(1433, 912, 15),
(1434, 912, 16),
(1435, 912, 17),
(1436, 913, 1),
(1437, 913, 2),
(1438, 913, 7),
(1440, 913, 8),
(1442, 913, 9),
(1444, 913, 10),
(1446, 913, 11),
(1448, 913, 12),
(1450, 913, 13),
(1452, 913, 14),
(1454, 913, 15),
(1456, 913, 16),
(1458, 913, 17),
(1439, 914, 1),
(1441, 914, 2),
(1443, 914, 7),
(1445, 914, 8),
(1447, 914, 9),
(1449, 914, 10),
(1451, 914, 11),
(1453, 914, 12),
(1455, 914, 13),
(1457, 914, 14),
(1459, 914, 15),
(1460, 914, 16),
(1461, 914, 17),
(1462, 915, 1),
(1463, 915, 2),
(1464, 915, 7),
(1465, 915, 8),
(1466, 915, 9),
(1467, 915, 10),
(1468, 915, 11),
(1469, 915, 12),
(1470, 915, 13),
(1471, 915, 14),
(1472, 915, 15),
(1473, 915, 16),
(1474, 915, 17),
(1475, 916, 1),
(1476, 916, 2),
(1477, 916, 7),
(1478, 916, 8),
(1479, 916, 9),
(1480, 916, 10),
(1481, 916, 11),
(1482, 916, 12),
(1483, 916, 13),
(1484, 916, 14),
(1485, 916, 15),
(1486, 916, 16),
(1487, 916, 17),
(1489, 917, 1),
(1491, 917, 2),
(1493, 917, 7),
(1495, 917, 8),
(1497, 917, 9),
(1499, 917, 10),
(1501, 917, 11),
(1503, 917, 12),
(1505, 917, 13),
(1507, 917, 14),
(1509, 917, 15),
(1511, 917, 16),
(1513, 917, 17),
(1488, 918, 1),
(1490, 918, 2),
(1492, 918, 7),
(1494, 918, 8),
(1496, 918, 9),
(1498, 918, 10),
(1500, 918, 11),
(1502, 918, 12),
(1504, 918, 13),
(1506, 918, 14),
(1508, 918, 15),
(1510, 918, 16),
(1512, 918, 17),
(1514, 919, 1),
(1515, 919, 2),
(1516, 919, 7),
(1517, 919, 8),
(1518, 919, 9),
(1519, 919, 10),
(1520, 919, 11),
(1521, 919, 12),
(1522, 919, 13),
(1523, 919, 14),
(1524, 919, 15),
(1525, 919, 16),
(1526, 919, 17),
(1527, 920, 1),
(1528, 920, 2),
(1529, 920, 7),
(1530, 920, 8),
(1531, 920, 9),
(1532, 920, 10),
(1533, 920, 11),
(1534, 920, 12),
(1535, 920, 13),
(1536, 920, 14),
(1537, 920, 15),
(1538, 920, 16),
(1539, 920, 17),
(1540, 921, 1),
(1541, 921, 2),
(1542, 921, 7),
(1543, 921, 8),
(1544, 921, 9),
(1545, 921, 10),
(1546, 921, 11),
(1547, 921, 12),
(1548, 921, 13),
(1549, 921, 14),
(1550, 921, 15),
(1551, 921, 16),
(1552, 921, 17),
(1553, 922, 1),
(1554, 922, 2),
(1555, 922, 7),
(1556, 922, 8),
(1557, 922, 9),
(1558, 922, 10),
(1559, 922, 11),
(1560, 922, 12),
(1561, 922, 13),
(1562, 922, 14),
(1563, 922, 15),
(1564, 922, 16),
(1565, 922, 17),
(1566, 923, 1),
(1567, 923, 2),
(1568, 923, 7),
(1569, 923, 8),
(1570, 923, 9),
(1571, 923, 10),
(1572, 923, 11),
(1573, 923, 12),
(1574, 923, 13),
(1575, 923, 14),
(1576, 923, 15),
(1577, 923, 16),
(1578, 923, 17),
(1579, 924, 1),
(1580, 924, 2),
(1581, 924, 7),
(1582, 924, 8),
(1583, 924, 9),
(1584, 924, 10),
(1585, 924, 11),
(1586, 924, 12),
(1587, 924, 13),
(1588, 924, 14),
(1589, 924, 15),
(1590, 924, 16),
(1591, 924, 17),
(1592, 925, 1),
(1594, 925, 2),
(1596, 925, 7),
(1598, 925, 8),
(1600, 925, 9),
(1602, 925, 10),
(1604, 925, 11),
(1606, 925, 12),
(1608, 925, 13),
(1610, 925, 14),
(1612, 925, 15),
(1614, 925, 16),
(1616, 925, 17),
(1593, 926, 1),
(1595, 926, 2),
(1597, 926, 7),
(1599, 926, 8),
(1601, 926, 9),
(1603, 926, 10),
(1605, 926, 11),
(1607, 926, 12),
(1609, 926, 13),
(1611, 926, 14),
(1613, 926, 15),
(1615, 926, 16),
(1617, 926, 17),
(1618, 927, 1),
(1620, 927, 2),
(1622, 927, 7),
(1624, 927, 8),
(1626, 927, 9),
(1628, 927, 10),
(1630, 927, 11),
(1632, 927, 12),
(1634, 927, 13),
(1636, 927, 14),
(1638, 927, 15),
(1640, 927, 16),
(1642, 927, 17),
(1619, 928, 1),
(1621, 928, 2),
(1623, 928, 7),
(1625, 928, 8),
(1627, 928, 9),
(1629, 928, 10),
(1631, 928, 11),
(1633, 928, 12),
(1635, 928, 13),
(1637, 928, 14),
(1639, 928, 15),
(1641, 928, 16),
(1643, 928, 17),
(1644, 929, 1),
(1646, 929, 2),
(1652, 929, 7),
(1654, 929, 8),
(1656, 929, 9),
(1658, 929, 10),
(1660, 929, 11),
(1662, 929, 12),
(1664, 929, 13),
(1666, 929, 14),
(1667, 929, 15),
(1668, 929, 16),
(1669, 929, 17),
(1645, 930, 1),
(1647, 930, 2),
(1648, 930, 7),
(1649, 930, 8),
(1650, 930, 9),
(1651, 930, 10),
(1653, 930, 11),
(1655, 930, 12),
(1657, 930, 13),
(1659, 930, 14),
(1661, 930, 15),
(1663, 930, 16),
(1665, 930, 17),
(1671, 931, 1),
(1672, 931, 2),
(1674, 931, 7),
(1676, 931, 8),
(1678, 931, 9),
(1680, 931, 10),
(1682, 931, 11),
(1684, 931, 12),
(1686, 931, 13),
(1688, 931, 14),
(1690, 931, 15),
(1692, 931, 16),
(1694, 931, 17),
(1670, 932, 1),
(1673, 932, 2),
(1675, 932, 7),
(1677, 932, 8),
(1679, 932, 9),
(1681, 932, 10),
(1683, 932, 11),
(1685, 932, 12),
(1687, 932, 13),
(1689, 932, 14),
(1691, 932, 15),
(1693, 932, 16),
(1695, 932, 17),
(1696, 933, 1),
(1697, 933, 2),
(1698, 933, 7),
(1701, 933, 8),
(1703, 933, 9),
(1705, 933, 10),
(1707, 933, 11),
(1709, 933, 12),
(1711, 933, 13),
(1713, 933, 14),
(1715, 933, 15),
(1717, 933, 16),
(1719, 933, 17),
(1699, 934, 1),
(1700, 934, 2),
(1702, 934, 7),
(1704, 934, 8),
(1706, 934, 9),
(1708, 934, 10),
(1710, 934, 11),
(1712, 934, 12),
(1714, 934, 13),
(1716, 934, 14),
(1718, 934, 15),
(1720, 934, 16),
(1721, 934, 17),
(1722, 935, 1),
(1724, 935, 2),
(1726, 935, 7),
(1728, 935, 8),
(1730, 935, 9),
(1732, 935, 10),
(1734, 935, 11),
(1736, 935, 12),
(1738, 935, 13),
(1740, 935, 14),
(1742, 935, 15),
(1744, 935, 16),
(1746, 935, 17),
(1723, 936, 1),
(1725, 936, 2),
(1727, 936, 7),
(1729, 936, 8),
(1731, 936, 9),
(1733, 936, 10),
(1735, 936, 11),
(1737, 936, 12),
(1739, 936, 13),
(1741, 936, 14),
(1743, 936, 15),
(1745, 936, 16),
(1747, 936, 17),
(1748, 937, 1),
(1749, 937, 2),
(1750, 937, 7),
(1752, 937, 8),
(1754, 937, 9),
(1756, 937, 10),
(1758, 937, 11),
(1760, 937, 12),
(1762, 937, 13),
(1764, 937, 14),
(1766, 937, 15),
(1768, 937, 16),
(1770, 937, 17),
(1751, 938, 1),
(1753, 938, 2),
(1755, 938, 7),
(1757, 938, 8),
(1759, 938, 9),
(1761, 938, 10),
(1763, 938, 11),
(1765, 938, 12),
(1767, 938, 13),
(1769, 938, 14),
(1771, 938, 15),
(1772, 938, 16),
(1773, 938, 17),
(1774, 939, 1),
(1775, 939, 2),
(1776, 939, 7),
(1778, 939, 8),
(1780, 939, 9),
(1782, 939, 10),
(1784, 939, 11),
(1786, 939, 12),
(1788, 939, 13),
(1789, 939, 14),
(1791, 939, 15),
(1793, 939, 16),
(1795, 939, 17),
(1777, 940, 1),
(1779, 940, 2),
(1781, 940, 7),
(1783, 940, 8),
(1785, 940, 9),
(1787, 940, 10),
(1790, 940, 11),
(1792, 940, 12),
(1794, 940, 13),
(1796, 940, 14),
(1797, 940, 15),
(1798, 940, 16),
(1799, 940, 17),
(1800, 941, 1),
(1801, 941, 2),
(1802, 941, 7),
(1803, 941, 8),
(1804, 941, 9),
(1805, 941, 10),
(1806, 941, 11),
(1807, 941, 12),
(1809, 941, 13),
(1811, 941, 14),
(1813, 941, 15),
(1815, 941, 16),
(1817, 941, 17),
(1808, 942, 1),
(1810, 942, 2),
(1812, 942, 7),
(1814, 942, 8),
(1816, 942, 9),
(1818, 942, 10),
(1819, 942, 11),
(1820, 942, 12),
(1821, 942, 13),
(1822, 942, 14),
(1823, 942, 15),
(1824, 942, 16),
(1825, 942, 17),
(1826, 943, 1),
(1827, 943, 2),
(1828, 943, 7),
(1829, 943, 8),
(1830, 943, 9),
(1831, 943, 10),
(1832, 943, 11),
(1833, 943, 12),
(1834, 943, 13),
(1835, 943, 14),
(1836, 943, 15),
(1837, 943, 16),
(1838, 943, 17),
(1839, 944, 1),
(1840, 944, 2),
(1841, 944, 7),
(1842, 944, 8),
(1843, 944, 9),
(1844, 944, 10),
(1845, 944, 11),
(1846, 944, 12),
(1847, 944, 13),
(1848, 944, 14),
(1849, 944, 15),
(1850, 944, 16),
(1851, 944, 17),
(1852, 945, 1),
(1853, 945, 2),
(1854, 945, 7),
(1855, 945, 8),
(1856, 945, 9),
(1857, 945, 10),
(1858, 945, 11),
(1859, 945, 12),
(1860, 945, 13),
(1861, 945, 14),
(1862, 945, 15),
(1863, 945, 16),
(1864, 945, 17),
(1865, 946, 1),
(1866, 946, 2),
(1867, 946, 7),
(1868, 946, 8),
(1869, 946, 9),
(1870, 946, 10),
(1871, 946, 11),
(1872, 946, 12),
(1873, 946, 13),
(1874, 946, 14),
(1875, 946, 15),
(1876, 946, 16),
(1877, 946, 17),
(1878, 947, 1),
(1879, 947, 2),
(1880, 947, 7),
(1881, 947, 8),
(1882, 947, 9),
(1883, 947, 10),
(1884, 947, 11),
(1885, 947, 12),
(1886, 947, 13),
(1887, 947, 14),
(1888, 947, 15),
(1889, 947, 16),
(1890, 947, 17),
(1891, 948, 1),
(1892, 948, 2),
(1893, 948, 7),
(1894, 948, 8),
(1895, 948, 9),
(1896, 948, 10),
(1897, 948, 11),
(1898, 948, 12),
(1899, 948, 13),
(1900, 948, 14),
(1901, 948, 15),
(1902, 948, 16),
(1903, 948, 17),
(1904, 949, 1),
(1905, 949, 2),
(1906, 949, 7),
(1907, 949, 8),
(1908, 949, 9),
(1909, 949, 10),
(1910, 949, 11),
(1911, 949, 12),
(1912, 949, 13),
(1913, 949, 14),
(1914, 949, 15),
(1915, 949, 16),
(1916, 949, 17),
(1917, 950, 1),
(1918, 950, 2),
(1919, 950, 7),
(1920, 950, 8),
(1921, 950, 9),
(1922, 950, 10),
(1923, 950, 11),
(1924, 950, 12),
(1925, 950, 13),
(1926, 950, 14),
(1927, 950, 15),
(1928, 950, 16),
(1929, 950, 17),
(1930, 951, 1),
(1932, 951, 2),
(1934, 951, 7),
(1936, 951, 8),
(1938, 951, 9),
(1940, 951, 10),
(1942, 951, 11),
(1944, 951, 12),
(1946, 951, 13),
(1948, 951, 14),
(1950, 951, 15),
(1952, 951, 16),
(1954, 951, 17),
(1931, 952, 1),
(1933, 952, 2),
(1935, 952, 7),
(1937, 952, 8),
(1939, 952, 9),
(1941, 952, 10),
(1943, 952, 11),
(1945, 952, 12),
(1947, 952, 13),
(1949, 952, 14),
(1951, 952, 15),
(1953, 952, 16),
(1955, 952, 17),
(1956, 953, 1),
(1957, 953, 2),
(1958, 953, 7),
(1959, 953, 8),
(1960, 953, 9),
(1961, 953, 10),
(1962, 953, 11),
(1963, 953, 12),
(1964, 953, 13),
(1965, 953, 14),
(1966, 953, 15),
(1967, 953, 16),
(1968, 953, 17),
(1969, 954, 1),
(1970, 954, 2),
(1971, 954, 7),
(1972, 954, 8),
(1973, 954, 9),
(1974, 954, 10),
(1975, 954, 11),
(1976, 954, 12),
(1977, 954, 13),
(1978, 954, 14),
(1979, 954, 15),
(1980, 954, 16),
(1981, 954, 17),
(1982, 955, 1),
(1984, 955, 2),
(1986, 955, 7),
(1988, 955, 8),
(1990, 955, 9),
(1992, 955, 10),
(1994, 955, 11),
(1996, 955, 12),
(1998, 955, 13),
(2000, 955, 14),
(2002, 955, 15),
(2004, 955, 16),
(2006, 955, 17),
(1983, 956, 1),
(1985, 956, 2),
(1987, 956, 7),
(1989, 956, 8),
(1991, 956, 9),
(1993, 956, 10),
(1995, 956, 11),
(1997, 956, 12),
(1999, 956, 13),
(2001, 956, 14),
(2003, 956, 15),
(2005, 956, 16),
(2007, 956, 17),
(2008, 957, 1),
(2009, 957, 2),
(2010, 957, 7),
(2011, 957, 8),
(2012, 957, 9),
(2013, 957, 10),
(2014, 957, 11),
(2015, 957, 12),
(2016, 957, 13),
(2017, 957, 14),
(2018, 957, 15),
(2019, 957, 16),
(2020, 957, 17),
(2021, 958, 1),
(2022, 958, 2),
(2023, 958, 7),
(2024, 958, 8),
(2025, 958, 9),
(2026, 958, 10),
(2027, 958, 11),
(2028, 958, 12),
(2029, 958, 13),
(2030, 958, 14),
(2031, 958, 15),
(2032, 958, 16),
(2033, 958, 17),
(2034, 959, 1),
(2035, 959, 2),
(2036, 959, 7),
(2037, 959, 8),
(2038, 959, 9),
(2039, 959, 10),
(2040, 959, 11),
(2041, 959, 12),
(2042, 959, 13),
(2043, 959, 14),
(2044, 959, 15),
(2045, 959, 16),
(2046, 959, 17),
(2047, 960, 1),
(2048, 960, 2),
(2049, 960, 7),
(2050, 960, 8),
(2051, 960, 9),
(2052, 960, 10),
(2053, 960, 11),
(2054, 960, 12),
(2055, 960, 13),
(2056, 960, 14),
(2057, 960, 15),
(2058, 960, 16),
(2059, 960, 17),
(2060, 961, 1),
(2061, 961, 2),
(2063, 961, 7),
(2065, 961, 8),
(2067, 961, 9),
(2069, 961, 10),
(2071, 961, 11),
(2073, 961, 12),
(2074, 961, 13),
(2076, 961, 14),
(2078, 961, 15),
(2080, 961, 16),
(2082, 961, 17),
(2062, 962, 1),
(2064, 962, 2),
(2066, 962, 7),
(2068, 962, 8),
(2070, 962, 9),
(2072, 962, 10),
(2075, 962, 11),
(2077, 962, 12),
(2079, 962, 13),
(2081, 962, 14),
(2083, 962, 15),
(2084, 962, 16),
(2085, 962, 17),
(2086, 963, 1),
(2087, 963, 2),
(2088, 963, 7),
(2089, 963, 8),
(2090, 963, 9),
(2091, 963, 10),
(2092, 963, 11),
(2093, 963, 12),
(2094, 963, 13),
(2095, 963, 14),
(2096, 963, 15),
(2097, 963, 16),
(2098, 963, 17),
(2099, 964, 1),
(2100, 964, 2),
(2101, 964, 7),
(2102, 964, 8),
(2103, 964, 9),
(2104, 964, 10),
(2105, 964, 11),
(2106, 964, 12),
(2107, 964, 13),
(2108, 964, 14),
(2109, 964, 15),
(2110, 964, 16),
(2111, 964, 17),
(2112, 965, 1),
(2113, 965, 2),
(2115, 965, 7),
(2117, 965, 8),
(2119, 965, 9),
(2121, 965, 10),
(2123, 965, 11),
(2125, 965, 12),
(2127, 965, 13),
(2129, 965, 14),
(2131, 965, 15),
(2133, 965, 16),
(2135, 965, 17),
(2114, 966, 1),
(2116, 966, 2),
(2118, 966, 7),
(2120, 966, 8),
(2122, 966, 9),
(2124, 966, 10),
(2126, 966, 11),
(2128, 966, 12),
(2130, 966, 13),
(2132, 966, 14),
(2134, 966, 15),
(2136, 966, 16),
(2137, 966, 17),
(2138, 967, 1),
(2139, 967, 2),
(2140, 967, 7),
(2141, 967, 8),
(2142, 967, 9),
(2143, 967, 10),
(2144, 967, 11),
(2145, 967, 12),
(2146, 967, 13),
(2147, 967, 14),
(2148, 967, 15),
(2149, 967, 16),
(2150, 967, 17),
(2151, 968, 1),
(2152, 968, 2),
(2153, 968, 7),
(2154, 968, 8),
(2155, 968, 9),
(2156, 968, 10),
(2157, 968, 11),
(2158, 968, 12),
(2159, 968, 13),
(2160, 968, 14),
(2161, 968, 15),
(2162, 968, 16),
(2163, 968, 17),
(2164, 969, 1),
(2165, 969, 2),
(2166, 969, 7),
(2167, 969, 8),
(2168, 969, 9),
(2169, 969, 10),
(2170, 969, 11),
(2171, 969, 12),
(2172, 969, 13),
(2173, 969, 14),
(2174, 969, 15),
(2175, 969, 16),
(2176, 969, 17),
(2177, 970, 1),
(2178, 970, 2),
(2179, 970, 7),
(2180, 970, 8),
(2181, 970, 9),
(2182, 970, 10),
(2183, 970, 11),
(2184, 970, 12),
(2185, 970, 13),
(2186, 970, 14),
(2187, 970, 15),
(2188, 970, 16),
(2189, 970, 17),
(2190, 971, 1),
(2191, 971, 2),
(2192, 971, 7),
(2193, 971, 8),
(2195, 971, 9),
(2197, 971, 10),
(2199, 971, 11),
(2201, 971, 12),
(2203, 971, 13),
(2205, 971, 14),
(2207, 971, 15),
(2209, 971, 16),
(2211, 971, 17),
(2194, 972, 1),
(2196, 972, 2),
(2198, 972, 7),
(2200, 972, 8),
(2202, 972, 9),
(2204, 972, 10),
(2206, 972, 11),
(2208, 972, 12),
(2210, 972, 13),
(2212, 972, 14),
(2213, 972, 15),
(2214, 972, 16),
(2215, 972, 17),
(2216, 973, 1),
(2217, 973, 2),
(2218, 973, 7),
(2219, 973, 8),
(2220, 973, 9),
(2221, 973, 10),
(2222, 973, 11),
(2223, 973, 12),
(2224, 973, 13),
(2225, 973, 14),
(2226, 973, 15),
(2227, 973, 16),
(2228, 973, 17),
(2229, 974, 1),
(2230, 974, 2),
(2231, 974, 7),
(2232, 974, 8),
(2233, 974, 9),
(2234, 974, 10),
(2235, 974, 11),
(2236, 974, 12),
(2237, 974, 13),
(2238, 974, 14),
(2239, 974, 15),
(2240, 974, 16),
(2241, 974, 17),
(2242, 975, 1),
(2243, 975, 2),
(2244, 975, 7),
(2245, 975, 8),
(2246, 975, 9),
(2247, 975, 10),
(2248, 975, 11),
(2249, 975, 12),
(2250, 975, 13),
(2251, 975, 14),
(2252, 975, 15),
(2253, 975, 16),
(2254, 975, 17),
(2255, 976, 1),
(2256, 976, 2),
(2257, 976, 7),
(2258, 976, 8),
(2259, 976, 9),
(2260, 976, 10),
(2261, 976, 11),
(2262, 976, 12),
(2263, 976, 13),
(2264, 976, 14),
(2265, 976, 15),
(2266, 976, 16),
(2267, 976, 17),
(2268, 977, 1),
(2270, 977, 2),
(2272, 977, 7),
(2274, 977, 8),
(2276, 977, 9),
(2278, 977, 10),
(2280, 977, 11),
(2282, 977, 12),
(2284, 977, 13),
(2286, 977, 14),
(2288, 977, 15),
(2290, 977, 16),
(2292, 977, 17),
(2269, 978, 1),
(2271, 978, 2),
(2273, 978, 7),
(2275, 978, 8),
(2277, 978, 9),
(2279, 978, 10),
(2281, 978, 11),
(2283, 978, 12),
(2285, 978, 13),
(2287, 978, 14),
(2289, 978, 15),
(2291, 978, 16),
(2293, 978, 17),
(2294, 979, 1),
(2295, 979, 2),
(2296, 979, 7),
(2297, 979, 8),
(2298, 979, 9),
(2299, 979, 10),
(2300, 979, 11),
(2301, 979, 12),
(2302, 979, 13),
(2303, 979, 14),
(2304, 979, 15),
(2305, 979, 16),
(2306, 979, 17),
(2307, 980, 1),
(2308, 980, 2),
(2309, 980, 7),
(2310, 980, 8),
(2311, 980, 9),
(2312, 980, 10),
(2313, 980, 11),
(2314, 980, 12),
(2315, 980, 13),
(2316, 980, 14),
(2317, 980, 15),
(2318, 980, 16),
(2319, 980, 17),
(2320, 981, 1),
(2321, 981, 2),
(2322, 981, 7),
(2323, 981, 8),
(2324, 981, 9),
(2327, 981, 10),
(2329, 981, 11),
(2331, 981, 12),
(2333, 981, 13),
(2335, 981, 14),
(2337, 981, 15),
(2339, 981, 16),
(2341, 981, 17),
(2325, 982, 1),
(2326, 982, 2),
(2328, 982, 7),
(2330, 982, 8),
(2332, 982, 9),
(2334, 982, 10),
(2336, 982, 11),
(2338, 982, 12),
(2340, 982, 13),
(2342, 982, 14),
(2343, 982, 15),
(2344, 982, 16),
(2345, 982, 17),
(2346, 983, 1),
(2347, 983, 2),
(2348, 983, 7),
(2350, 983, 8),
(2352, 983, 9),
(2354, 983, 10),
(2356, 983, 11),
(2358, 983, 12),
(2360, 983, 13),
(2362, 983, 14),
(2364, 983, 15),
(2366, 983, 16),
(2368, 983, 17),
(2349, 984, 1),
(2351, 984, 2),
(2353, 984, 7),
(2355, 984, 8),
(2357, 984, 9),
(2359, 984, 10),
(2361, 984, 11),
(2363, 984, 12),
(2365, 984, 13),
(2367, 984, 14),
(2369, 984, 15),
(2370, 984, 16),
(2371, 984, 17),
(2372, 985, 1),
(2373, 985, 2),
(2374, 985, 7),
(2375, 985, 8),
(2376, 985, 9),
(2377, 985, 10),
(2378, 985, 11),
(2380, 985, 12),
(2382, 985, 13),
(2384, 985, 14),
(2386, 985, 15),
(2388, 985, 16),
(2390, 985, 17),
(2379, 986, 1),
(2381, 986, 2),
(2383, 986, 7),
(2385, 986, 8),
(2387, 986, 9),
(2389, 986, 10),
(2391, 986, 11),
(2392, 986, 12),
(2393, 986, 13),
(2394, 986, 14),
(2395, 986, 15),
(2396, 986, 16),
(2397, 986, 17),
(2398, 987, 1),
(2399, 987, 2),
(2400, 987, 7),
(2401, 987, 8),
(2402, 987, 9),
(2403, 987, 10),
(2404, 987, 11),
(2405, 987, 12),
(2406, 987, 13),
(2407, 987, 14),
(2408, 987, 15),
(2409, 987, 16),
(2410, 987, 17),
(2411, 988, 1),
(2412, 988, 2),
(2413, 988, 7),
(2414, 988, 8),
(2415, 988, 9),
(2416, 988, 10),
(2417, 988, 11),
(2418, 988, 12),
(2419, 988, 13),
(2420, 988, 14),
(2421, 988, 15),
(2422, 988, 16),
(2423, 988, 17),
(2424, 989, 1),
(2426, 989, 2),
(2428, 989, 7),
(2430, 989, 8),
(2432, 989, 9),
(2434, 989, 10),
(2436, 989, 11),
(2438, 989, 12),
(2440, 989, 13),
(2442, 989, 14),
(2444, 989, 15),
(2446, 989, 16),
(2448, 989, 17),
(2425, 990, 1),
(2427, 990, 2),
(2429, 990, 7),
(2431, 990, 8),
(2433, 990, 9),
(2435, 990, 10),
(2437, 990, 11),
(2439, 990, 12),
(2441, 990, 13),
(2443, 990, 14),
(2445, 990, 15),
(2447, 990, 16),
(2449, 990, 17),
(2450, 991, 1),
(2451, 991, 2),
(2452, 991, 7),
(2453, 991, 8),
(2454, 991, 9),
(2455, 991, 10),
(2456, 991, 11),
(2457, 991, 12),
(2458, 991, 13),
(2459, 991, 14),
(2460, 991, 15),
(2461, 991, 16),
(2462, 991, 17),
(2463, 992, 1),
(2464, 992, 2),
(2465, 992, 7),
(2466, 992, 8),
(2467, 992, 9),
(2468, 992, 10),
(2469, 992, 11),
(2470, 992, 12),
(2471, 992, 13),
(2472, 992, 14),
(2473, 992, 15),
(2474, 992, 16),
(2475, 992, 17),
(2476, 993, 1),
(2478, 993, 2),
(2480, 993, 7),
(2482, 993, 8),
(2484, 993, 9),
(2486, 993, 10),
(2488, 993, 11),
(2490, 993, 12),
(2492, 993, 13),
(2494, 993, 14),
(2496, 993, 15),
(2498, 993, 16),
(2500, 993, 17),
(2477, 994, 1),
(2479, 994, 2),
(2481, 994, 7),
(2483, 994, 8),
(2485, 994, 9),
(2487, 994, 10),
(2489, 994, 11),
(2491, 994, 12),
(2493, 994, 13),
(2495, 994, 14),
(2497, 994, 15),
(2499, 994, 16),
(2501, 994, 17),
(2502, 995, 1),
(2503, 995, 2),
(2504, 995, 7),
(2505, 995, 8),
(2506, 995, 9),
(2507, 995, 10),
(2508, 995, 11),
(2509, 995, 12),
(2510, 995, 13),
(2511, 995, 14),
(2512, 995, 15),
(2513, 995, 16),
(2514, 995, 17),
(2515, 996, 1),
(2516, 996, 2),
(2517, 996, 7),
(2518, 996, 8),
(2519, 996, 9),
(2520, 996, 10),
(2521, 996, 11),
(2522, 996, 12),
(2523, 996, 13),
(2524, 996, 14),
(2525, 996, 15),
(2526, 996, 16),
(2527, 996, 17),
(2528, 997, 1),
(2529, 997, 2),
(2530, 997, 7),
(2531, 997, 8),
(2532, 997, 9),
(2533, 997, 10),
(2534, 997, 11),
(2535, 997, 12),
(2536, 997, 13),
(2537, 997, 14),
(2538, 997, 15),
(2539, 997, 16),
(2540, 997, 17),
(2541, 998, 1),
(2542, 998, 2),
(2543, 998, 7),
(2544, 998, 8),
(2545, 998, 9),
(2546, 998, 10),
(2547, 998, 11),
(2548, 998, 12),
(2549, 998, 13),
(2550, 998, 14),
(2551, 998, 15),
(2552, 998, 16),
(2553, 998, 17),
(2554, 999, 1),
(2555, 999, 2),
(2556, 999, 7),
(2557, 999, 8),
(2558, 999, 9),
(2559, 999, 10),
(2560, 999, 11),
(2561, 999, 12),
(2562, 999, 13),
(2563, 999, 14),
(2564, 999, 15),
(2565, 999, 16),
(2566, 999, 17),
(2567, 1000, 1),
(2568, 1000, 2),
(2569, 1000, 7),
(2570, 1000, 8),
(2571, 1000, 9),
(2572, 1000, 10),
(2573, 1000, 11),
(2574, 1000, 12),
(2575, 1000, 13),
(2576, 1000, 14),
(2577, 1000, 15),
(2578, 1000, 16),
(2579, 1000, 17),
(2580, 1001, 1),
(2581, 1001, 2),
(2582, 1001, 7),
(2583, 1001, 8),
(2584, 1001, 9),
(2585, 1001, 10),
(2586, 1001, 11),
(2587, 1001, 12),
(2588, 1001, 13),
(2589, 1001, 14),
(2590, 1001, 15),
(2591, 1001, 16),
(2594, 1001, 17),
(2592, 1002, 1),
(2593, 1002, 2),
(2595, 1002, 7),
(2596, 1002, 8),
(2597, 1002, 9),
(2598, 1002, 10),
(2599, 1002, 11),
(2600, 1002, 12),
(2601, 1002, 13),
(2602, 1002, 14),
(2603, 1002, 15),
(2604, 1002, 16),
(2605, 1002, 17),
(2606, 1003, 1),
(2607, 1003, 2),
(2608, 1003, 7),
(2609, 1003, 8),
(2610, 1003, 9),
(2611, 1003, 10),
(2612, 1003, 11),
(2613, 1003, 12),
(2614, 1003, 13),
(2615, 1003, 14),
(2616, 1003, 15),
(2617, 1003, 16),
(2618, 1003, 17),
(2619, 1004, 1),
(2620, 1004, 2),
(2621, 1004, 7),
(2622, 1004, 8),
(2623, 1004, 9),
(2624, 1004, 10),
(2625, 1004, 11),
(2626, 1004, 12),
(2627, 1004, 13),
(2628, 1004, 14),
(2629, 1004, 15),
(2630, 1004, 16),
(2631, 1004, 17),
(2632, 1005, 1),
(2633, 1005, 2),
(2634, 1005, 7),
(2635, 1005, 8),
(2636, 1005, 9),
(2637, 1005, 10),
(2638, 1005, 11),
(2640, 1005, 12),
(2642, 1005, 13),
(2644, 1005, 14),
(2646, 1005, 15),
(2648, 1005, 16),
(2650, 1005, 17),
(2639, 1006, 1),
(2641, 1006, 2),
(2643, 1006, 7),
(2645, 1006, 8),
(2647, 1006, 9),
(2649, 1006, 10),
(2651, 1006, 11),
(2652, 1006, 12),
(2653, 1006, 13),
(2654, 1006, 14),
(2655, 1006, 15),
(2656, 1006, 16),
(2657, 1006, 17),
(2658, 1007, 1),
(2659, 1007, 2),
(2660, 1007, 7),
(2661, 1007, 8),
(2662, 1007, 9),
(2664, 1007, 10),
(2666, 1007, 11),
(2668, 1007, 12),
(2670, 1007, 13),
(2672, 1007, 14),
(2674, 1007, 15),
(2676, 1007, 16),
(2678, 1007, 17),
(2663, 1008, 1),
(2665, 1008, 2),
(2667, 1008, 7),
(2669, 1008, 8),
(2671, 1008, 9),
(2673, 1008, 10),
(2675, 1008, 11),
(2677, 1008, 12),
(2679, 1008, 13),
(2680, 1008, 14),
(2681, 1008, 15),
(2682, 1008, 16),
(2683, 1008, 17),
(2684, 1009, 1),
(2685, 1009, 2),
(2686, 1009, 7),
(2687, 1009, 8),
(2688, 1009, 9),
(2689, 1009, 10),
(2691, 1009, 11),
(2693, 1009, 12),
(2695, 1009, 13),
(2697, 1009, 14),
(2699, 1009, 15),
(2701, 1009, 16),
(2703, 1009, 17),
(2690, 1010, 1),
(2692, 1010, 2),
(2694, 1010, 7),
(2696, 1010, 8),
(2698, 1010, 9),
(2700, 1010, 10),
(2702, 1010, 11),
(2704, 1010, 12),
(2705, 1010, 13),
(2706, 1010, 14),
(2707, 1010, 15),
(2708, 1010, 16),
(2709, 1010, 17),
(2710, 1011, 1),
(2711, 1011, 2),
(2712, 1011, 7),
(2713, 1011, 8),
(2714, 1011, 9),
(2715, 1011, 10),
(2716, 1011, 11),
(2717, 1011, 12),
(2718, 1011, 13),
(2719, 1011, 14),
(2720, 1011, 15),
(2721, 1011, 16),
(2722, 1011, 17),
(2723, 1012, 1),
(2724, 1012, 2),
(2725, 1012, 7),
(2726, 1012, 8),
(2727, 1012, 9),
(2728, 1012, 10),
(2729, 1012, 11),
(2730, 1012, 12),
(2731, 1012, 13),
(2732, 1012, 14),
(2733, 1012, 15),
(2734, 1012, 16),
(2735, 1012, 17),
(2736, 1013, 1),
(2738, 1013, 2),
(2740, 1013, 7),
(2742, 1013, 8),
(2744, 1013, 9),
(2746, 1013, 10),
(2748, 1013, 11),
(2750, 1013, 12),
(2753, 1013, 13),
(2755, 1013, 14),
(2757, 1013, 15),
(2759, 1013, 16),
(2761, 1013, 17),
(2737, 1014, 1),
(2739, 1014, 2),
(2741, 1014, 7),
(2743, 1014, 8),
(2745, 1014, 9),
(2747, 1014, 10),
(2749, 1014, 11),
(2751, 1014, 12),
(2752, 1014, 13),
(2754, 1014, 14),
(2756, 1014, 15),
(2758, 1014, 16),
(2760, 1014, 17),
(2762, 1015, 1),
(2763, 1015, 2),
(2764, 1015, 7),
(2765, 1015, 8),
(2766, 1015, 9),
(2767, 1015, 10),
(2768, 1015, 11),
(2769, 1015, 12),
(2770, 1015, 13),
(2771, 1015, 14),
(2772, 1015, 15),
(2773, 1015, 16),
(2774, 1015, 17),
(2775, 1016, 1),
(2776, 1016, 2),
(2777, 1016, 7),
(2778, 1016, 8),
(2779, 1016, 9),
(2780, 1016, 10),
(2781, 1016, 11),
(2782, 1016, 12),
(2783, 1016, 13),
(2784, 1016, 14),
(2785, 1016, 15),
(2786, 1016, 16),
(2787, 1016, 17),
(2788, 1017, 1),
(2791, 1017, 2),
(2794, 1017, 7),
(2796, 1017, 8),
(2798, 1017, 9),
(2800, 1017, 10),
(2802, 1017, 11),
(2805, 1017, 12),
(2807, 1017, 13),
(2809, 1017, 14),
(2810, 1017, 15),
(2812, 1017, 16),
(2813, 1017, 17),
(2789, 1018, 1),
(2790, 1018, 2),
(2792, 1018, 7),
(2793, 1018, 8),
(2795, 1018, 9),
(2797, 1018, 10),
(2799, 1018, 11),
(2801, 1018, 12),
(2803, 1018, 13),
(2804, 1018, 14),
(2806, 1018, 15),
(2808, 1018, 16),
(2811, 1018, 17),
(2814, 1019, 1),
(2815, 1019, 2),
(2816, 1019, 7),
(2817, 1019, 8),
(2818, 1019, 9),
(2819, 1019, 10),
(2820, 1019, 11),
(2821, 1019, 12),
(2822, 1019, 13),
(2823, 1019, 14),
(2824, 1019, 15),
(2825, 1019, 16),
(2826, 1019, 17),
(2827, 1020, 1),
(2828, 1020, 2),
(2829, 1020, 7),
(2830, 1020, 8),
(2831, 1020, 9),
(2832, 1020, 10),
(2833, 1020, 11),
(2834, 1020, 12),
(2835, 1020, 13),
(2836, 1020, 14),
(2837, 1020, 15),
(2838, 1020, 16),
(2839, 1020, 17),
(2840, 1021, 1),
(2843, 1021, 2),
(2844, 1021, 7),
(2846, 1021, 8),
(2848, 1021, 9),
(2850, 1021, 10),
(2852, 1021, 11),
(2854, 1021, 12),
(2856, 1021, 13),
(2858, 1021, 14),
(2860, 1021, 15),
(2862, 1021, 16),
(2864, 1021, 17),
(2841, 1022, 1),
(2842, 1022, 2),
(2845, 1022, 7),
(2847, 1022, 8),
(2849, 1022, 9),
(2851, 1022, 10),
(2853, 1022, 11),
(2855, 1022, 12),
(2857, 1022, 13),
(2859, 1022, 14),
(2861, 1022, 15),
(2863, 1022, 16),
(2865, 1022, 17),
(2866, 1023, 1),
(2868, 1023, 2),
(2871, 1023, 7),
(2873, 1023, 8),
(2875, 1023, 9),
(2877, 1023, 10),
(2879, 1023, 11),
(2881, 1023, 12),
(2883, 1023, 13),
(2885, 1023, 14),
(2887, 1023, 15),
(2889, 1023, 16),
(2891, 1023, 17),
(2867, 1024, 1),
(2869, 1024, 2),
(2870, 1024, 7),
(2872, 1024, 8),
(2874, 1024, 9),
(2876, 1024, 10),
(2878, 1024, 11),
(2880, 1024, 12),
(2882, 1024, 13),
(2884, 1024, 14),
(2886, 1024, 15),
(2888, 1024, 16),
(2890, 1024, 17),
(2892, 1025, 1),
(2893, 1025, 2),
(2894, 1025, 7),
(2895, 1025, 8),
(2897, 1025, 9),
(2899, 1025, 10),
(2901, 1025, 11),
(2903, 1025, 12),
(2905, 1025, 13),
(2907, 1025, 14),
(2909, 1025, 15),
(2911, 1025, 16),
(2913, 1025, 17),
(2896, 1026, 1),
(2898, 1026, 2),
(2900, 1026, 7),
(2902, 1026, 8),
(2904, 1026, 9),
(2906, 1026, 10),
(2908, 1026, 11),
(2910, 1026, 12),
(2912, 1026, 13),
(2914, 1026, 14),
(2915, 1026, 15),
(2916, 1026, 16),
(2917, 1026, 17),
(2918, 1027, 1),
(2919, 1027, 2),
(2920, 1027, 7),
(2921, 1027, 8),
(2922, 1027, 9),
(2923, 1027, 10),
(2924, 1027, 11),
(2925, 1027, 12),
(2926, 1027, 13),
(2927, 1027, 14),
(2928, 1027, 15),
(2929, 1027, 16),
(2930, 1027, 17),
(2931, 1028, 1),
(2932, 1028, 2),
(2933, 1028, 7),
(2934, 1028, 8),
(2935, 1028, 9),
(2936, 1028, 10),
(2937, 1028, 11),
(2938, 1028, 12),
(2939, 1028, 13),
(2940, 1028, 14),
(2941, 1028, 15),
(2942, 1028, 16),
(2943, 1028, 17),
(2944, 1029, 1),
(2945, 1029, 2),
(2946, 1029, 7),
(2947, 1029, 8),
(2948, 1029, 9),
(2949, 1029, 10),
(2950, 1029, 11),
(2951, 1029, 12),
(2952, 1029, 13),
(2953, 1029, 14),
(2954, 1029, 15),
(2955, 1029, 16),
(2956, 1029, 17),
(2957, 1030, 1),
(2958, 1030, 2),
(2959, 1030, 7),
(2960, 1030, 8),
(2961, 1030, 9),
(2962, 1030, 10),
(2963, 1030, 11),
(2964, 1030, 12),
(2965, 1030, 13),
(2966, 1030, 14),
(2967, 1030, 15),
(2968, 1030, 16),
(2969, 1030, 17),
(2970, 1031, 1),
(2971, 1031, 2),
(2972, 1031, 7),
(2973, 1031, 8),
(2974, 1031, 9),
(2975, 1031, 10),
(2976, 1031, 11),
(2977, 1031, 12),
(2978, 1031, 13),
(2979, 1031, 14),
(2980, 1031, 15),
(2981, 1031, 16),
(2982, 1031, 17),
(2983, 1032, 1),
(2984, 1032, 2),
(2985, 1032, 7),
(2986, 1032, 8),
(2987, 1032, 9),
(2988, 1032, 10),
(2989, 1032, 11),
(2990, 1032, 12),
(2991, 1032, 13),
(2992, 1032, 14),
(2993, 1032, 15),
(2994, 1032, 16),
(2995, 1032, 17),
(2996, 1033, 1),
(2997, 1033, 2),
(2998, 1033, 7),
(2999, 1033, 8),
(3000, 1033, 9),
(3001, 1033, 10),
(3002, 1033, 11),
(3003, 1033, 12),
(3004, 1033, 13),
(3005, 1033, 14),
(3006, 1033, 15),
(3007, 1033, 16),
(3008, 1033, 17),
(3009, 1034, 1),
(3010, 1034, 2),
(3011, 1034, 7),
(3012, 1034, 8),
(3013, 1034, 9),
(3014, 1034, 10),
(3015, 1034, 11),
(3016, 1034, 12),
(3017, 1034, 13),
(3018, 1034, 14),
(3019, 1034, 15),
(3020, 1034, 16),
(3021, 1034, 17),
(3022, 1035, 1),
(3023, 1035, 2),
(3024, 1035, 7),
(3027, 1035, 8),
(3029, 1035, 9),
(3031, 1035, 10),
(3033, 1035, 11),
(3035, 1035, 12),
(3037, 1035, 13),
(3039, 1035, 14),
(3041, 1035, 15),
(3043, 1035, 16),
(3045, 1035, 17),
(3025, 1036, 1),
(3026, 1036, 2),
(3028, 1036, 7),
(3030, 1036, 8),
(3032, 1036, 9),
(3034, 1036, 10),
(3036, 1036, 11),
(3038, 1036, 12),
(3040, 1036, 13),
(3042, 1036, 14),
(3044, 1036, 15),
(3046, 1036, 16),
(3047, 1036, 17),
(3048, 1037, 1),
(3049, 1037, 2),
(3050, 1037, 7),
(3051, 1037, 8),
(3052, 1037, 9),
(3053, 1037, 10),
(3054, 1037, 11),
(3055, 1037, 12),
(3056, 1037, 13),
(3057, 1037, 14),
(3058, 1037, 15),
(3059, 1037, 16),
(3060, 1037, 17),
(3061, 1038, 1),
(3062, 1038, 2),
(3063, 1038, 7),
(3064, 1038, 8),
(3065, 1038, 9),
(3066, 1038, 10),
(3067, 1038, 11),
(3068, 1038, 12),
(3069, 1038, 13),
(3070, 1038, 14),
(3071, 1038, 15),
(3072, 1038, 16),
(3073, 1038, 17),
(3074, 1039, 1),
(3075, 1039, 2),
(3076, 1039, 7),
(3077, 1039, 8),
(3078, 1039, 9),
(3079, 1039, 10),
(3080, 1039, 11),
(3081, 1039, 12),
(3082, 1039, 13),
(3083, 1039, 14),
(3084, 1039, 15),
(3085, 1039, 16),
(3086, 1039, 17),
(3087, 1040, 1),
(3088, 1040, 2),
(3089, 1040, 7),
(3090, 1040, 8),
(3091, 1040, 9),
(3092, 1040, 10),
(3093, 1040, 11),
(3094, 1040, 12),
(3095, 1040, 13),
(3096, 1040, 14),
(3097, 1040, 15),
(3098, 1040, 16),
(3099, 1040, 17),
(3100, 1041, 1),
(3101, 1041, 2),
(3102, 1041, 7),
(3103, 1041, 8),
(3104, 1041, 9),
(3105, 1041, 10),
(3106, 1041, 11),
(3107, 1041, 12),
(3108, 1041, 13),
(3109, 1041, 14),
(3110, 1041, 15),
(3111, 1041, 16),
(3112, 1041, 17),
(3113, 1042, 1),
(3114, 1042, 2),
(3115, 1042, 7),
(3116, 1042, 8),
(3117, 1042, 9),
(3118, 1042, 10),
(3119, 1042, 11),
(3120, 1042, 12),
(3121, 1042, 13),
(3122, 1042, 14),
(3123, 1042, 15),
(3124, 1042, 16),
(3125, 1042, 17),
(3126, 1043, 1),
(3127, 1043, 2),
(3128, 1043, 7),
(3129, 1043, 8),
(3130, 1043, 9),
(3131, 1043, 10),
(3132, 1043, 11),
(3133, 1043, 12),
(3134, 1043, 13),
(3135, 1043, 14),
(3136, 1043, 15),
(3137, 1043, 16),
(3138, 1043, 17),
(3139, 1044, 1),
(3140, 1044, 2),
(3141, 1044, 7),
(3142, 1044, 8),
(3143, 1044, 9),
(3144, 1044, 10),
(3145, 1044, 11),
(3146, 1044, 12),
(3147, 1044, 13),
(3148, 1044, 14),
(3149, 1044, 15),
(3150, 1044, 16),
(3151, 1044, 17),
(3152, 1045, 1),
(3153, 1045, 2),
(3154, 1045, 7),
(3155, 1045, 8),
(3156, 1045, 9),
(3157, 1045, 10),
(3158, 1045, 11),
(3159, 1045, 12),
(3160, 1045, 13),
(3161, 1045, 14),
(3162, 1045, 15),
(3163, 1045, 16),
(3164, 1045, 17),
(3165, 1046, 1),
(3166, 1046, 2),
(3167, 1046, 7),
(3168, 1046, 8),
(3169, 1046, 9),
(3170, 1046, 10),
(3171, 1046, 11),
(3172, 1046, 12),
(3173, 1046, 13),
(3174, 1046, 14),
(3175, 1046, 15),
(3176, 1046, 16),
(3177, 1046, 17),
(3178, 1047, 1),
(3179, 1047, 2),
(3180, 1047, 7),
(3182, 1047, 8),
(3184, 1047, 9),
(3186, 1047, 10),
(3188, 1047, 11),
(3190, 1047, 12),
(3192, 1047, 13),
(3194, 1047, 14),
(3196, 1047, 15),
(3198, 1047, 16),
(3200, 1047, 17),
(3181, 1048, 1),
(3183, 1048, 2),
(3185, 1048, 7),
(3187, 1048, 8),
(3189, 1048, 9),
(3191, 1048, 10),
(3193, 1048, 11),
(3195, 1048, 12),
(3197, 1048, 13),
(3199, 1048, 14),
(3201, 1048, 15),
(3202, 1048, 16),
(3203, 1048, 17),
(3204, 1049, 1),
(3205, 1049, 2),
(3206, 1049, 7),
(3207, 1049, 8),
(3208, 1049, 9),
(3209, 1049, 10),
(3210, 1049, 11),
(3211, 1049, 12),
(3212, 1049, 13),
(3213, 1049, 14),
(3214, 1049, 15),
(3215, 1049, 16),
(3216, 1049, 17),
(3217, 1050, 1),
(3218, 1050, 2),
(3219, 1050, 7),
(3220, 1050, 8),
(3221, 1050, 9),
(3222, 1050, 10),
(3223, 1050, 11),
(3224, 1050, 12),
(3225, 1050, 13),
(3226, 1050, 14),
(3227, 1050, 15),
(3228, 1050, 16),
(3229, 1050, 17),
(3230, 1051, 1),
(3231, 1051, 2),
(3232, 1051, 7),
(3233, 1051, 8),
(3235, 1051, 9),
(3237, 1051, 10),
(3239, 1051, 11),
(3241, 1051, 12),
(3243, 1051, 13),
(3245, 1051, 14),
(3247, 1051, 15),
(3249, 1051, 16),
(3251, 1051, 17),
(3234, 1052, 1),
(3236, 1052, 2),
(3238, 1052, 7),
(3240, 1052, 8),
(3242, 1052, 9),
(3244, 1052, 10),
(3246, 1052, 11),
(3248, 1052, 12),
(3250, 1052, 13),
(3252, 1052, 14),
(3253, 1052, 15),
(3254, 1052, 16),
(3255, 1052, 17),
(3256, 1053, 1),
(3257, 1053, 2),
(3259, 1053, 7),
(3261, 1053, 8),
(3263, 1053, 9),
(3265, 1053, 10),
(3267, 1053, 11),
(3269, 1053, 12),
(3271, 1053, 13),
(3278, 1053, 14),
(3279, 1053, 15),
(3280, 1053, 16),
(3281, 1053, 17),
(3258, 1054, 1),
(3260, 1054, 2),
(3262, 1054, 7),
(3264, 1054, 8),
(3266, 1054, 9),
(3268, 1054, 10),
(3270, 1054, 11),
(3272, 1054, 12),
(3273, 1054, 13),
(3274, 1054, 14),
(3275, 1054, 15),
(3276, 1054, 16),
(3277, 1054, 17),
(3282, 1055, 1),
(3284, 1055, 2),
(3286, 1055, 7),
(3288, 1055, 8),
(3290, 1055, 9),
(3292, 1055, 10),
(3294, 1055, 11),
(3296, 1055, 12),
(3298, 1055, 13),
(3300, 1055, 14),
(3302, 1055, 15),
(3304, 1055, 16),
(3306, 1055, 17),
(3283, 1056, 1),
(3285, 1056, 2),
(3287, 1056, 7),
(3289, 1056, 8),
(3291, 1056, 9),
(3293, 1056, 10),
(3295, 1056, 11),
(3297, 1056, 12),
(3299, 1056, 13),
(3301, 1056, 14),
(3303, 1056, 15),
(3305, 1056, 16),
(3307, 1056, 17),
(3308, 1057, 1),
(3310, 1057, 2),
(3312, 1057, 7),
(3314, 1057, 8),
(3316, 1057, 9),
(3318, 1057, 10),
(3320, 1057, 11),
(3322, 1057, 12),
(3324, 1057, 13),
(3326, 1057, 14),
(3328, 1057, 15),
(3330, 1057, 16),
(3332, 1057, 17),
(3309, 1058, 1),
(3311, 1058, 2),
(3313, 1058, 7),
(3315, 1058, 8),
(3317, 1058, 9),
(3319, 1058, 10),
(3321, 1058, 11),
(3323, 1058, 12),
(3325, 1058, 13),
(3327, 1058, 14),
(3329, 1058, 15),
(3331, 1058, 16),
(3333, 1058, 17),
(3334, 1059, 1),
(3335, 1059, 2),
(3336, 1059, 7),
(3337, 1059, 8),
(3338, 1059, 9),
(3339, 1059, 10),
(3340, 1059, 11),
(3341, 1059, 12),
(3342, 1059, 13),
(3343, 1059, 14),
(3344, 1059, 15),
(3345, 1059, 16),
(3346, 1059, 17),
(3347, 1060, 1),
(3348, 1060, 2),
(3349, 1060, 7),
(3350, 1060, 8),
(3351, 1060, 9),
(3352, 1060, 10),
(3353, 1060, 11),
(3354, 1060, 12),
(3355, 1060, 13),
(3356, 1060, 14),
(3357, 1060, 15),
(3358, 1060, 16),
(3359, 1060, 17),
(3360, 1061, 1),
(3361, 1061, 2),
(3362, 1061, 7),
(3363, 1061, 8),
(3364, 1061, 9),
(3365, 1061, 10),
(3366, 1061, 11),
(3367, 1061, 12),
(3368, 1061, 13),
(3369, 1061, 14),
(3370, 1061, 15),
(3371, 1061, 16),
(3372, 1061, 17),
(3373, 1062, 1),
(3374, 1062, 2),
(3375, 1062, 7),
(3376, 1062, 8),
(3377, 1062, 9),
(3378, 1062, 10),
(3379, 1062, 11),
(3380, 1062, 12),
(3381, 1062, 13),
(3382, 1062, 14),
(3383, 1062, 15),
(3384, 1062, 16),
(3385, 1062, 17),
(3386, 1063, 1),
(3387, 1063, 2),
(3388, 1063, 7),
(3389, 1063, 8),
(3390, 1063, 9),
(3391, 1063, 10),
(3392, 1063, 11),
(3393, 1063, 12),
(3394, 1063, 13),
(3395, 1063, 14),
(3396, 1063, 15),
(3397, 1063, 16),
(3398, 1063, 17),
(3399, 1064, 1),
(3400, 1064, 2),
(3401, 1064, 7),
(3402, 1064, 8),
(3403, 1064, 9),
(3404, 1064, 10),
(3405, 1064, 11),
(3406, 1064, 12),
(3407, 1064, 13),
(3408, 1064, 14),
(3409, 1064, 15),
(3410, 1064, 16),
(3411, 1064, 17),
(3412, 1065, 1),
(3413, 1065, 2),
(3414, 1065, 7),
(3415, 1065, 8),
(3416, 1065, 9),
(3417, 1065, 10),
(3418, 1065, 11),
(3419, 1065, 12),
(3420, 1065, 13),
(3421, 1065, 14),
(3422, 1065, 15),
(3423, 1065, 16),
(3424, 1065, 17),
(3425, 1066, 1),
(3426, 1066, 2),
(3427, 1066, 7),
(3428, 1066, 8),
(3429, 1066, 9),
(3430, 1066, 10),
(3431, 1066, 11),
(3432, 1066, 12),
(3433, 1066, 13),
(3434, 1066, 14),
(3435, 1066, 15),
(3436, 1066, 16),
(3437, 1066, 17),
(3438, 1067, 1),
(3439, 1067, 2),
(3440, 1067, 7),
(3441, 1067, 8),
(3442, 1067, 9),
(3443, 1067, 10),
(3444, 1067, 11),
(3445, 1067, 12),
(3446, 1067, 13),
(3447, 1067, 14),
(3448, 1067, 15),
(3449, 1067, 16),
(3450, 1067, 17),
(3451, 1068, 1),
(3452, 1068, 2),
(3453, 1068, 7),
(3454, 1068, 8),
(3455, 1068, 9),
(3456, 1068, 10),
(3457, 1068, 11),
(3458, 1068, 12),
(3459, 1068, 13),
(3460, 1068, 14),
(3461, 1068, 15),
(3462, 1068, 16),
(3463, 1068, 17),
(3464, 1069, 1),
(3465, 1069, 2),
(3466, 1069, 7),
(3467, 1069, 8),
(3468, 1069, 9),
(3469, 1069, 10),
(3470, 1069, 11),
(3471, 1069, 12),
(3472, 1069, 13),
(3473, 1069, 14),
(3474, 1069, 15);
INSERT INTO `oauth_session_token_scopes` (`id`, `session_access_token_id`, `scope_id`) VALUES
(3475, 1069, 16),
(3476, 1069, 17),
(3477, 1070, 1),
(3478, 1070, 2),
(3479, 1070, 7),
(3480, 1070, 8),
(3481, 1070, 9),
(3482, 1070, 10),
(3483, 1070, 11),
(3484, 1070, 12),
(3485, 1070, 13),
(3486, 1070, 14),
(3487, 1070, 15),
(3488, 1070, 16),
(3489, 1070, 17),
(3490, 1071, 1),
(3491, 1071, 2),
(3492, 1071, 7),
(3493, 1071, 8),
(3494, 1071, 9),
(3495, 1071, 10),
(3496, 1071, 11),
(3497, 1071, 12),
(3498, 1071, 13),
(3499, 1071, 14),
(3500, 1071, 15),
(3501, 1071, 16),
(3502, 1071, 17),
(3503, 1072, 1),
(3504, 1072, 2),
(3505, 1072, 7),
(3506, 1072, 8),
(3507, 1072, 9),
(3508, 1072, 10),
(3509, 1072, 11),
(3510, 1072, 12),
(3511, 1072, 13),
(3512, 1072, 14),
(3513, 1072, 15),
(3514, 1072, 16),
(3515, 1072, 17),
(3516, 1073, 1),
(3517, 1073, 2),
(3518, 1073, 7),
(3519, 1073, 8),
(3520, 1073, 9),
(3521, 1073, 10),
(3522, 1073, 11),
(3523, 1073, 12),
(3524, 1073, 13),
(3525, 1073, 14),
(3526, 1073, 15),
(3527, 1073, 16),
(3528, 1073, 17),
(3529, 1074, 1),
(3530, 1074, 2),
(3531, 1074, 7),
(3532, 1074, 8),
(3533, 1074, 9),
(3534, 1074, 10),
(3535, 1074, 11),
(3536, 1074, 12),
(3537, 1074, 13),
(3538, 1074, 14),
(3539, 1074, 15),
(3540, 1074, 16),
(3541, 1074, 17),
(3542, 1075, 1),
(3543, 1075, 2),
(3544, 1075, 7),
(3545, 1075, 8),
(3546, 1075, 9),
(3547, 1075, 10),
(3548, 1075, 11),
(3549, 1075, 12),
(3550, 1075, 13),
(3551, 1075, 14),
(3552, 1075, 15),
(3553, 1075, 16),
(3554, 1075, 17),
(3555, 1076, 1),
(3556, 1076, 2),
(3557, 1076, 7),
(3558, 1076, 8),
(3559, 1076, 9),
(3560, 1076, 10),
(3561, 1076, 11),
(3562, 1076, 12),
(3563, 1076, 13),
(3564, 1076, 14),
(3565, 1076, 15),
(3566, 1076, 16),
(3567, 1076, 17),
(3568, 1077, 1),
(3569, 1077, 2),
(3570, 1077, 7),
(3571, 1077, 8),
(3572, 1077, 9),
(3573, 1077, 10),
(3574, 1077, 11),
(3575, 1077, 12),
(3576, 1077, 13),
(3577, 1077, 14),
(3578, 1077, 15),
(3579, 1077, 16),
(3580, 1077, 17),
(3581, 1078, 1),
(3582, 1078, 2),
(3583, 1078, 7),
(3584, 1078, 8),
(3585, 1078, 9),
(3586, 1078, 10),
(3587, 1078, 11),
(3588, 1078, 12),
(3589, 1078, 13),
(3590, 1078, 14),
(3591, 1078, 15),
(3592, 1078, 16),
(3593, 1078, 17),
(3594, 1079, 1),
(3595, 1079, 2),
(3596, 1079, 7),
(3597, 1079, 8),
(3598, 1079, 9),
(3599, 1079, 10),
(3600, 1079, 11),
(3601, 1079, 12),
(3602, 1079, 13),
(3603, 1079, 14),
(3604, 1079, 15),
(3605, 1079, 16),
(3606, 1079, 17),
(3607, 1080, 1),
(3608, 1080, 2),
(3609, 1080, 7),
(3610, 1080, 8),
(3611, 1080, 9),
(3612, 1080, 10),
(3613, 1080, 11),
(3614, 1080, 12),
(3615, 1080, 13),
(3616, 1080, 14),
(3617, 1080, 15),
(3618, 1080, 16),
(3619, 1080, 17),
(3620, 1081, 1),
(3621, 1081, 2),
(3622, 1081, 7),
(3623, 1081, 8),
(3624, 1081, 9),
(3625, 1081, 10),
(3626, 1081, 11),
(3627, 1081, 12),
(3628, 1081, 13),
(3629, 1081, 14),
(3630, 1081, 15),
(3631, 1081, 16),
(3632, 1081, 17),
(3633, 1082, 1),
(3634, 1082, 2),
(3635, 1082, 7),
(3636, 1082, 8),
(3637, 1082, 9),
(3638, 1082, 10),
(3639, 1082, 11),
(3640, 1082, 12),
(3641, 1082, 13),
(3642, 1082, 14),
(3643, 1082, 15),
(3644, 1082, 16),
(3645, 1082, 17),
(3646, 1083, 1),
(3647, 1083, 2),
(3648, 1083, 7),
(3649, 1083, 8),
(3650, 1083, 9),
(3651, 1083, 10),
(3652, 1083, 11),
(3653, 1083, 12),
(3654, 1083, 13),
(3655, 1083, 14),
(3656, 1083, 15),
(3657, 1083, 16),
(3658, 1083, 17),
(3659, 1084, 1),
(3660, 1084, 2),
(3661, 1084, 7),
(3662, 1084, 8),
(3663, 1084, 9),
(3664, 1084, 10),
(3665, 1084, 11),
(3666, 1084, 12),
(3667, 1084, 13),
(3668, 1084, 14),
(3669, 1084, 15),
(3670, 1084, 16),
(3671, 1084, 17),
(3672, 1085, 1),
(3673, 1085, 2),
(3674, 1085, 7),
(3675, 1085, 8),
(3676, 1085, 9),
(3677, 1085, 10),
(3678, 1085, 11),
(3679, 1085, 12),
(3680, 1085, 13),
(3681, 1085, 14),
(3682, 1085, 15),
(3683, 1085, 16),
(3684, 1085, 17);

-- --------------------------------------------------------

--
-- Estructura de tabla para la tabla `oauth_users`
--

CREATE TABLE IF NOT EXISTS `oauth_users` (
  `user_id` int(10) NOT NULL AUTO_INCREMENT,
  `user_name` varchar(64) NOT NULL,
  `user_email` varchar(128) NOT NULL,
  `user_password` varchar(512) NOT NULL,
  `user_is_admin` int(5) DEFAULT NULL,
  PRIMARY KEY (`user_id`),
  UNIQUE KEY `user_name` (`user_name`),
  UNIQUE KEY `user_email` (`user_email`)
) ENGINE=InnoDB  DEFAULT CHARSET=latin1 AUTO_INCREMENT=53 ;

--
-- Volcado de datos para la tabla `oauth_users`
--

INSERT INTO `oauth_users` (`user_id`, `user_name`, `user_email`, `user_password`, `user_is_admin`) VALUES
(2, 'Pablo Bretado Urquiza', 'bretado.up@gmail.com', '$2y$10$WIP5jlqsl8NI.Bs2v.2.7eWxhtwrl3IbwRVbbNknaw6bezgQuhZ/W', 1),
(46, 'Ivan Altamirano', 'ivan.altamirano@gmail.com', '$2y$10$frf9T8X4pv/utT/DF0VHuuJNab6IpEXvxOblxSOXsR3BAE3oO9m9m', 1),
(51, 'Luis Ocegueda', 'ocegueda@tjgeeks.com', '$2y$10$kW9w6sgzq2tp568JemPpj.WfzDzQKCghjUJbdb4ZWG0WoBwcKKljG', 1),
(52, 'Fadrique Medina', 'ventasfad@icloud.com', '$2y$10$aLR23qBw63BCEsxzmIfFFuad.MxDddQPtsfv0nnqkdrjbTpMbru7W', 1);

-- --------------------------------------------------------

--
-- Estructura de tabla para la tabla `oauth_user_scopes`
--

CREATE TABLE IF NOT EXISTS `oauth_user_scopes` (
  `user_id` int(11) NOT NULL,
  `scope_id` int(5) NOT NULL,
  PRIMARY KEY (`user_id`,`scope_id`)
) ENGINE=InnoDB DEFAULT CHARSET=latin1;

--
-- Volcado de datos para la tabla `oauth_user_scopes`
--

INSERT INTO `oauth_user_scopes` (`user_id`, `scope_id`) VALUES
(46, 1),
(46, 2),
(46, 7),
(46, 8),
(46, 9),
(46, 10),
(46, 11),
(46, 12),
(46, 13),
(46, 14),
(46, 15),
(46, 16),
(46, 17);

--
-- Restricciones para tablas volcadas
--

--
-- Filtros para la tabla `oauth_client_endpoints`
--
ALTER TABLE `oauth_client_endpoints`
  ADD CONSTRAINT `f_oaclen_clid` FOREIGN KEY (`client_id`) REFERENCES `oauth_clients` (`id`) ON DELETE CASCADE ON UPDATE CASCADE;

--
-- Filtros para la tabla `oauth_sessions`
--
ALTER TABLE `oauth_sessions`
  ADD CONSTRAINT `f_oase_clid` FOREIGN KEY (`client_id`) REFERENCES `oauth_clients` (`id`) ON DELETE CASCADE ON UPDATE CASCADE;

--
-- Filtros para la tabla `oauth_session_access_tokens`
--
ALTER TABLE `oauth_session_access_tokens`
  ADD CONSTRAINT `f_oaseto_seid` FOREIGN KEY (`session_id`) REFERENCES `oauth_sessions` (`id`) ON DELETE CASCADE ON UPDATE NO ACTION;

--
-- Filtros para la tabla `oauth_session_authcodes`
--
ALTER TABLE `oauth_session_authcodes`
  ADD CONSTRAINT `oauth_session_authcodes_ibfk_1` FOREIGN KEY (`session_id`) REFERENCES `oauth_sessions` (`id`) ON DELETE CASCADE;

--
-- Filtros para la tabla `oauth_session_authcode_scopes`
--
ALTER TABLE `oauth_session_authcode_scopes`
  ADD CONSTRAINT `oauth_session_authcode_scopes_ibfk_1` FOREIGN KEY (`oauth_session_authcode_id`) REFERENCES `oauth_session_authcodes` (`id`) ON DELETE CASCADE,
  ADD CONSTRAINT `oauth_session_authcode_scopes_ibfk_2` FOREIGN KEY (`scope_id`) REFERENCES `oauth_scopes` (`id`) ON DELETE CASCADE;

--
-- Filtros para la tabla `oauth_session_redirects`
--
ALTER TABLE `oauth_session_redirects`
  ADD CONSTRAINT `f_oasere_seid` FOREIGN KEY (`session_id`) REFERENCES `oauth_sessions` (`id`) ON DELETE CASCADE ON UPDATE NO ACTION;

--
-- Filtros para la tabla `oauth_session_refresh_tokens`
--
ALTER TABLE `oauth_session_refresh_tokens`
  ADD CONSTRAINT `f_oasetore_setoid` FOREIGN KEY (`session_access_token_id`) REFERENCES `oauth_session_access_tokens` (`id`) ON DELETE CASCADE ON UPDATE NO ACTION,
  ADD CONSTRAINT `oauth_session_refresh_tokens_ibfk_1` FOREIGN KEY (`client_id`) REFERENCES `oauth_clients` (`id`) ON DELETE CASCADE;

--
-- Filtros para la tabla `oauth_session_token_scopes`
--
ALTER TABLE `oauth_session_token_scopes`
  ADD CONSTRAINT `f_oasetosc_scid` FOREIGN KEY (`scope_id`) REFERENCES `oauth_scopes` (`id`) ON DELETE CASCADE ON UPDATE NO ACTION,
  ADD CONSTRAINT `f_oasetosc_setoid` FOREIGN KEY (`session_access_token_id`) REFERENCES `oauth_session_access_tokens` (`id`) ON DELETE CASCADE ON UPDATE NO ACTION;

/*!40101 SET CHARACTER_SET_CLIENT=@OLD_CHARACTER_SET_CLIENT */;
/*!40101 SET CHARACTER_SET_RESULTS=@OLD_CHARACTER_SET_RESULTS */;
/*!40101 SET COLLATION_CONNECTION=@OLD_COLLATION_CONNECTION */;
